2026-07-26 17:37:28,735 - nanochat.common - [32m[1mINFO[0m - Distributed world size: 1

                                                       █████                █████
                                                      ░░███                ░░███
     ████████    ██████   ████████    ██████   ██████  ░███████    ██████  ███████
    ░░███░░███  ░░░░░███ ░░███░░███  ███░░███ ███░░███ ░███░░███  ░░░░░███░░░███░
     ░███ ░███   ███████  ░███ ░███ ░███ ░███░███ ░░░  ░███ ░███   ███████  ░███
     ░███ ░███  ███░░███  ░███ ░███ ░███ ░███░███  ███ ░███ ░███  ███░░███  ░███ ███
     ████ █████░░████████ ████ █████░░██████ ░░██████  ████ █████░░███████  ░░█████
    ░░░░ ░░░░░  ░░░░░░░░ ░░░░ ░░░░░  ░░░░░░   ░░░░░░  ░░░░ ░░░░░  ░░░░░░░░   ░░░░░
    
Autodetected device type: cuda
GPU: NVIDIA A100-SXM4-80GB | Peak FLOPS (BF16): 3.12e+14
COMPUTE_DTYPE: torch.bfloat16 (auto-detected: CUDA SM 80 (bf16 supported))
✓ Using Flash Attention 2 (Ampere/Ada GPU detected).
Vocab size: 32,768
Model config:
{
  "sequence_len": 2048,
  "vocab_size": 32768,
  "n_layer": 12,
  "n_head": 6,
  "n_kv_head": 6,
  "n_embd": 768,
  "window_pattern": "SSSL"
}
Parameter counts:
wte                     : 25,165,824
value_embeds            : 150,994,944
lm_head                 : 25,165,824
transformer_matrices    : 84,935,088
scalars                 : 50
total                   : 286,261,730
Estimated FLOPs per token: 7.596959e+08
Auto-computed optimal batch size: 524,288 tokens
Scaling the LR for the AdamW parameters ∝1/√(768/768) = 1.000000
Calculated number of iterations from target data:param ratio: 2,205
Total number of training tokens: 1,156,055,040
Tokens : Scaling params ratio: 10.50
Total training FLOPs estimate: 8.782503e+17
Tokens / micro-batch / rank: 64 x 2048 = 131,072
Tokens / micro-batch: 131,072
Total batch size 524,288 => gradient accumulation steps: 4
Step 00000 | Validation bpb: 3.176160
step 00000/02205 (0.00%) | loss: 10.397432 | lrm: 0.03 | dt: 20599.94ms | tok/sec: 25,450 | bf16_mfu: 6.20 | epoch: 1 pq: 0 rg: 1 | total time: 0.00m
step 00001/02205 (0.05%) | loss: 10.384664 | lrm: 0.05 | dt: 2113.77ms | tok/sec: 248,034 | bf16_mfu: 60.39 | epoch: 1 pq: 0 rg: 2 | total time: 0.00m
step 00002/02205 (0.09%) | loss: 10.362600 | lrm: 0.07 | dt: 2114.10ms | tok/sec: 247,995 | bf16_mfu: 60.39 | epoch: 1 pq: 0 rg: 2 | total time: 0.00m
step 00003/02205 (0.14%) | loss: 10.329426 | lrm: 0.10 | dt: 2112.34ms | tok/sec: 248,201 | bf16_mfu: 60.44 | epoch: 1 pq: 0 rg: 3 | total time: 0.00m
step 00004/02205 (0.18%) | loss: 10.280596 | lrm: 0.12 | dt: 2119.83ms | tok/sec: 247,325 | bf16_mfu: 60.22 | epoch: 1 pq: 0 rg: 4 | total time: 0.00m
step 00005/02205 (0.23%) | loss: 10.211004 | lrm: 0.15 | dt: 2115.27ms | tok/sec: 247,858 | bf16_mfu: 60.35 | epoch: 1 pq: 0 rg: 5 | total time: 0.00m
step 00006/02205 (0.27%) | loss: 10.108535 | lrm: 0.17 | dt: 2113.62ms | tok/sec: 248,052 | bf16_mfu: 60.40 | epoch: 1 pq: 0 rg: 6 | total time: 0.00m
step 00007/02205 (0.32%) | loss: 9.961759 | lrm: 0.20 | dt: 2111.57ms | tok/sec: 248,293 | bf16_mfu: 60.46 | epoch: 1 pq: 0 rg: 7 | total time: 0.00m
step 00008/02205 (0.36%) | loss: 9.754174 | lrm: 0.23 | dt: 2111.01ms | tok/sec: 248,359 | bf16_mfu: 60.47 | epoch: 1 pq: 0 rg: 8 | total time: 0.00m
step 00009/02205 (0.41%) | loss: 9.477021 | lrm: 0.25 | dt: 2113.66ms | tok/sec: 248,047 | bf16_mfu: 60.40 | epoch: 1 pq: 0 rg: 9 | total time: 0.00m
step 00010/02205 (0.45%) | loss: 9.201392 | lrm: 0.28 | dt: 2107.16ms | tok/sec: 248,812 | bf16_mfu: 60.58 | epoch: 1 pq: 0 rg: 10 | total time: 0.00m
step 00011/02205 (0.50%) | loss: 8.905163 | lrm: 0.30 | dt: 2105.57ms | tok/sec: 249,000 | bf16_mfu: 60.63 | epoch: 1 pq: 0 rg: 11 | total time: 0.04m | eta: 77.0m
step 00012/02205 (0.54%) | loss: 8.626601 | lrm: 0.33 | dt: 2110.06ms | tok/sec: 248,470 | bf16_mfu: 60.50 | epoch: 1 pq: 0 rg: 12 | total time: 0.07m | eta: 77.0m
step 00013/02205 (0.59%) | loss: 8.385384 | lrm: 0.35 | dt: 2114.42ms | tok/sec: 247,958 | bf16_mfu: 60.38 | epoch: 1 pq: 0 rg: 13 | total time: 0.11m | eta: 77.1m
step 00014/02205 (0.63%) | loss: 8.174753 | lrm: 0.38 | dt: 2113.15ms | tok/sec: 248,107 | bf16_mfu: 60.41 | epoch: 1 pq: 0 rg: 14 | total time: 0.14m | eta: 77.1m
step 00015/02205 (0.68%) | loss: 7.972353 | lrm: 0.40 | dt: 2117.54ms | tok/sec: 247,593 | bf16_mfu: 60.29 | epoch: 1 pq: 0 rg: 15 | total time: 0.18m | eta: 77.1m
step 00016/02205 (0.73%) | loss: 7.796057 | lrm: 0.42 | dt: 2116.79ms | tok/sec: 247,680 | bf16_mfu: 60.31 | epoch: 1 pq: 0 rg: 15 | total time: 0.21m | eta: 77.1m
step 00017/02205 (0.77%) | loss: 7.629842 | lrm: 0.45 | dt: 2116.42ms | tok/sec: 247,723 | bf16_mfu: 60.32 | epoch: 1 pq: 0 rg: 16 | total time: 0.25m | eta: 77.1m
step 00018/02205 (0.82%) | loss: 7.475850 | lrm: 0.47 | dt: 2116.33ms | tok/sec: 247,734 | bf16_mfu: 60.32 | epoch: 1 pq: 0 rg: 17 | total time: 0.28m | eta: 77.0m
step 00019/02205 (0.86%) | loss: 7.334184 | lrm: 0.50 | dt: 2115.47ms | tok/sec: 247,835 | bf16_mfu: 60.35 | epoch: 1 pq: 0 rg: 18 | total time: 0.32m | eta: 77.0m
step 00020/02205 (0.91%) | loss: 7.203443 | lrm: 0.53 | dt: 2116.54ms | tok/sec: 247,709 | bf16_mfu: 60.32 | epoch: 1 pq: 0 rg: 19 | total time: 0.35m | eta: 77.0m
step 00021/02205 (0.95%) | loss: 7.082102 | lrm: 0.55 | dt: 2112.78ms | tok/sec: 248,150 | bf16_mfu: 60.42 | epoch: 1 pq: 0 rg: 20 | total time: 0.39m | eta: 77.0m
step 00022/02205 (1.00%) | loss: 6.971302 | lrm: 0.57 | dt: 2116.88ms | tok/sec: 247,670 | bf16_mfu: 60.31 | epoch: 1 pq: 0 rg: 21 | total time: 0.42m | eta: 76.9m
step 00023/02205 (1.04%) | loss: 6.872499 | lrm: 0.60 | dt: 2113.46ms | tok/sec: 248,070 | bf16_mfu: 60.40 | epoch: 1 pq: 0 rg: 22 | total time: 0.46m | eta: 76.9m
step 00024/02205 (1.09%) | loss: 6.774096 | lrm: 0.62 | dt: 2115.11ms | tok/sec: 247,877 | bf16_mfu: 60.36 | epoch: 1 pq: 0 rg: 23 | total time: 0.49m | eta: 76.9m
step 00025/02205 (1.13%) | loss: 6.682858 | lrm: 0.65 | dt: 2116.03ms | tok/sec: 247,769 | bf16_mfu: 60.33 | epoch: 1 pq: 0 rg: 24 | total time: 0.53m | eta: 76.8m
step 00026/02205 (1.18%) | loss: 6.601070 | lrm: 0.68 | dt: 2112.61ms | tok/sec: 248,170 | bf16_mfu: 60.43 | epoch: 1 pq: 0 rg: 25 | total time: 0.56m | eta: 76.8m
step 00027/02205 (1.22%) | loss: 6.536486 | lrm: 0.70 | dt: 2115.70ms | tok/sec: 247,808 | bf16_mfu: 60.34 | epoch: 1 pq: 0 rg: 26 | total time: 0.60m | eta: 76.8m
step 00028/02205 (1.27%) | loss: 6.472104 | lrm: 0.72 | dt: 2112.47ms | tok/sec: 248,187 | bf16_mfu: 60.43 | epoch: 1 pq: 0 rg: 27 | total time: 0.63m | eta: 76.7m
step 00029/02205 (1.32%) | loss: 6.415043 | lrm: 0.75 | dt: 2117.95ms | tok/sec: 247,545 | bf16_mfu: 60.28 | epoch: 1 pq: 0 rg: 27 | total time: 0.67m | eta: 76.7m
step 00030/02205 (1.36%) | loss: 6.360136 | lrm: 0.78 | dt: 2112.68ms | tok/sec: 248,162 | bf16_mfu: 60.43 | epoch: 1 pq: 0 rg: 28 | total time: 0.70m | eta: 76.6m
step 00031/02205 (1.41%) | loss: 6.302487 | lrm: 0.80 | dt: 2113.31ms | tok/sec: 248,088 | bf16_mfu: 60.41 | epoch: 1 pq: 0 rg: 29 | total time: 0.74m | eta: 76.6m
step 00032/02205 (1.45%) | loss: 6.253559 | lrm: 0.82 | dt: 2116.54ms | tok/sec: 247,709 | bf16_mfu: 60.32 | epoch: 1 pq: 0 rg: 30 | total time: 0.78m | eta: 76.6m
step 00033/02205 (1.50%) | loss: 6.204345 | lrm: 0.85 | dt: 2113.07ms | tok/sec: 248,116 | bf16_mfu: 60.41 | epoch: 1 pq: 0 rg: 31 | total time: 0.81m | eta: 76.5m
step 00034/02205 (1.54%) | loss: 6.168271 | lrm: 0.88 | dt: 2115.59ms | tok/sec: 247,820 | bf16_mfu: 60.34 | epoch: 1 pq: 0 rg: 32 | total time: 0.85m | eta: 76.5m
step 00035/02205 (1.59%) | loss: 6.124307 | lrm: 0.90 | dt: 2114.72ms | tok/sec: 247,923 | bf16_mfu: 60.37 | epoch: 1 pq: 0 rg: 33 | total time: 0.88m | eta: 76.5m
step 00036/02205 (1.63%) | loss: 6.084612 | lrm: 0.93 | dt: 2114.51ms | tok/sec: 247,947 | bf16_mfu: 60.37 | epoch: 1 pq: 0 rg: 34 | total time: 0.92m | eta: 76.4m
step 00037/02205 (1.68%) | loss: 6.048989 | lrm: 0.95 | dt: 2117.61ms | tok/sec: 247,585 | bf16_mfu: 60.29 | epoch: 1 pq: 0 rg: 35 | total time: 0.95m | eta: 76.4m
step 00038/02205 (1.72%) | loss: 6.014114 | lrm: 0.97 | dt: 2114.22ms | tok/sec: 247,981 | bf16_mfu: 60.38 | epoch: 1 pq: 0 rg: 36 | total time: 0.99m | eta: 76.4m
step 00039/02205 (1.77%) | loss: 5.982060 | lrm: 1.00 | dt: 2120.28ms | tok/sec: 247,273 | bf16_mfu: 60.21 | epoch: 1 pq: 0 rg: 37 | total time: 1.02m | eta: 76.3m
step 00040/02205 (1.81%) | loss: 5.950974 | lrm: 1.00 | dt: 2118.62ms | tok/sec: 247,466 | bf16_mfu: 60.26 | epoch: 1 pq: 0 rg: 38 | total time: 1.06m | eta: 76.3m
step 00041/02205 (1.86%) | loss: 5.921364 | lrm: 1.00 | dt: 2113.34ms | tok/sec: 248,085 | bf16_mfu: 60.41 | epoch: 1 pq: 0 rg: 39 | total time: 1.09m | eta: 76.3m
step 00042/02205 (1.90%) | loss: 5.896066 | lrm: 1.00 | dt: 2113.02ms | tok/sec: 248,122 | bf16_mfu: 60.42 | epoch: 1 pq: 0 rg: 39 | total time: 1.13m | eta: 76.2m
step 00043/02205 (1.95%) | loss: 5.862340 | lrm: 1.00 | dt: 2118.99ms | tok/sec: 247,422 | bf16_mfu: 60.25 | epoch: 1 pq: 0 rg: 40 | total time: 1.16m | eta: 76.2m
step 00044/02205 (2.00%) | loss: 5.828742 | lrm: 1.00 | dt: 2114.76ms | tok/sec: 247,918 | bf16_mfu: 60.37 | epoch: 1 pq: 0 rg: 41 | total time: 1.20m | eta: 76.2m
step 00045/02205 (2.04%) | loss: 5.797335 | lrm: 1.00 | dt: 2114.89ms | tok/sec: 247,903 | bf16_mfu: 60.36 | epoch: 1 pq: 0 rg: 42 | total time: 1.23m | eta: 76.1m
step 00046/02205 (2.09%) | loss: 5.765521 | lrm: 1.00 | dt: 2114.64ms | tok/sec: 247,932 | bf16_mfu: 60.37 | epoch: 1 pq: 0 rg: 43 | total time: 1.27m | eta: 76.1m
step 00047/02205 (2.13%) | loss: 5.737623 | lrm: 1.00 | dt: 2120.18ms | tok/sec: 247,284 | bf16_mfu: 60.21 | epoch: 1 pq: 0 rg: 44 | total time: 1.30m | eta: 76.1m
step 00048/02205 (2.18%) | loss: 5.712949 | lrm: 1.00 | dt: 2119.14ms | tok/sec: 247,405 | bf16_mfu: 60.24 | epoch: 1 pq: 0 rg: 45 | total time: 1.34m | eta: 76.0m
step 00049/02205 (2.22%) | loss: 5.683716 | lrm: 1.00 | dt: 2118.06ms | tok/sec: 247,532 | bf16_mfu: 60.27 | epoch: 1 pq: 0 rg: 46 | total time: 1.37m | eta: 76.0m
step 00050/02205 (2.27%) | loss: 5.653218 | lrm: 1.00 | dt: 2119.87ms | tok/sec: 247,320 | bf16_mfu: 60.22 | epoch: 1 pq: 0 rg: 47 | total time: 1.41m | eta: 76.0m
step 00051/02205 (2.31%) | loss: 5.630451 | lrm: 1.00 | dt: 2117.61ms | tok/sec: 247,584 | bf16_mfu: 60.29 | epoch: 1 pq: 0 rg: 48 | total time: 1.45m | eta: 75.9m
step 00052/02205 (2.36%) | loss: 5.602774 | lrm: 1.00 | dt: 2118.45ms | tok/sec: 247,486 | bf16_mfu: 60.26 | epoch: 1 pq: 0 rg: 49 | total time: 1.48m | eta: 75.9m
step 00053/02205 (2.40%) | loss: 5.575856 | lrm: 1.00 | dt: 2113.15ms | tok/sec: 248,107 | bf16_mfu: 60.41 | epoch: 1 pq: 0 rg: 50 | total time: 1.52m | eta: 75.9m
step 00054/02205 (2.45%) | loss: 5.551674 | lrm: 1.00 | dt: 2118.77ms | tok/sec: 247,449 | bf16_mfu: 60.25 | epoch: 1 pq: 0 rg: 50 | total time: 1.55m | eta: 75.8m
step 00055/02205 (2.49%) | loss: 5.531383 | lrm: 1.00 | dt: 2116.57ms | tok/sec: 247,706 | bf16_mfu: 60.31 | epoch: 1 pq: 0 rg: 51 | total time: 1.59m | eta: 75.8m
step 00056/02205 (2.54%) | loss: 5.512338 | lrm: 1.00 | dt: 2117.67ms | tok/sec: 247,577 | bf16_mfu: 60.28 | epoch: 1 pq: 0 rg: 52 | total time: 1.62m | eta: 75.8m
step 00057/02205 (2.59%) | loss: 5.488629 | lrm: 1.00 | dt: 2111.87ms | tok/sec: 248,257 | bf16_mfu: 60.45 | epoch: 1 pq: 0 rg: 53 | total time: 1.66m | eta: 75.7m
step 00058/02205 (2.63%) | loss: 5.456845 | lrm: 1.00 | dt: 2115.74ms | tok/sec: 247,803 | bf16_mfu: 60.34 | epoch: 1 pq: 0 rg: 54 | total time: 1.69m | eta: 75.7m
step 00059/02205 (2.68%) | loss: 5.434931 | lrm: 1.00 | dt: 2115.64ms | tok/sec: 247,814 | bf16_mfu: 60.34 | epoch: 1 pq: 0 rg: 55 | total time: 1.73m | eta: 75.7m
step 00060/02205 (2.72%) | loss: 5.412530 | lrm: 1.00 | dt: 2114.42ms | tok/sec: 247,958 | bf16_mfu: 60.38 | epoch: 1 pq: 0 rg: 56 | total time: 1.76m | eta: 75.6m
step 00061/02205 (2.77%) | loss: 5.388248 | lrm: 1.00 | dt: 2113.50ms | tok/sec: 248,066 | bf16_mfu: 60.40 | epoch: 1 pq: 0 rg: 57 | total time: 1.80m | eta: 75.6m
step 00062/02205 (2.81%) | loss: 5.362975 | lrm: 1.00 | dt: 2121.73ms | tok/sec: 247,103 | bf16_mfu: 60.17 | epoch: 1 pq: 0 rg: 58 | total time: 1.83m | eta: 75.6m
step 00063/02205 (2.86%) | loss: 5.342656 | lrm: 1.00 | dt: 2120.22ms | tok/sec: 247,279 | bf16_mfu: 60.21 | epoch: 1 pq: 0 rg: 59 | total time: 1.87m | eta: 75.5m
step 00064/02205 (2.90%) | loss: 5.305896 | lrm: 1.00 | dt: 2118.55ms | tok/sec: 247,474 | bf16_mfu: 60.26 | epoch: 1 pq: 0 rg: 60 | total time: 1.90m | eta: 75.5m
step 00065/02205 (2.95%) | loss: 5.288591 | lrm: 1.00 | dt: 2117.92ms | tok/sec: 247,548 | bf16_mfu: 60.28 | epoch: 1 pq: 0 rg: 61 | total time: 1.94m | eta: 75.5m
step 00066/02205 (2.99%) | loss: 5.268297 | lrm: 1.00 | dt: 2116.43ms | tok/sec: 247,722 | bf16_mfu: 60.32 | epoch: 1 pq: 0 rg: 62 | total time: 1.97m | eta: 75.4m
step 00067/02205 (3.04%) | loss: 5.241285 | lrm: 1.00 | dt: 2123.77ms | tok/sec: 246,866 | bf16_mfu: 60.11 | epoch: 1 pq: 0 rg: 62 | total time: 2.01m | eta: 75.4m
step 00068/02205 (3.08%) | loss: 5.221329 | lrm: 1.00 | dt: 2120.19ms | tok/sec: 247,284 | bf16_mfu: 60.21 | epoch: 1 pq: 0 rg: 63 | total time: 2.05m | eta: 75.4m
step 00069/02205 (3.13%) | loss: 5.193173 | lrm: 1.00 | dt: 2114.62ms | tok/sec: 247,935 | bf16_mfu: 60.37 | epoch: 1 pq: 0 rg: 64 | total time: 2.08m | eta: 75.3m
step 00070/02205 (3.17%) | loss: 5.179534 | lrm: 1.00 | dt: 2116.05ms | tok/sec: 247,767 | bf16_mfu: 60.33 | epoch: 1 pq: 0 rg: 65 | total time: 2.12m | eta: 75.3m
step 00071/02205 (3.22%) | loss: 5.158472 | lrm: 1.00 | dt: 2115.56ms | tok/sec: 247,824 | bf16_mfu: 60.34 | epoch: 1 pq: 0 rg: 66 | total time: 2.15m | eta: 75.3m
step 00072/02205 (3.27%) | loss: 5.136433 | lrm: 1.00 | dt: 2117.10ms | tok/sec: 247,644 | bf16_mfu: 60.30 | epoch: 1 pq: 0 rg: 67 | total time: 2.19m | eta: 75.2m
step 00073/02205 (3.31%) | loss: 5.116493 | lrm: 1.00 | dt: 2117.83ms | tok/sec: 247,558 | bf16_mfu: 60.28 | epoch: 1 pq: 0 rg: 68 | total time: 2.22m | eta: 75.2m
step 00074/02205 (3.36%) | loss: 5.105773 | lrm: 1.00 | dt: 2117.08ms | tok/sec: 247,646 | bf16_mfu: 60.30 | epoch: 1 pq: 0 rg: 69 | total time: 2.26m | eta: 75.2m
step 00075/02205 (3.40%) | loss: 5.083162 | lrm: 1.00 | dt: 2119.70ms | tok/sec: 247,340 | bf16_mfu: 60.23 | epoch: 1 pq: 0 rg: 70 | total time: 2.29m | eta: 75.1m
step 00076/02205 (3.45%) | loss: 5.061722 | lrm: 1.00 | dt: 2121.09ms | tok/sec: 247,179 | bf16_mfu: 60.19 | epoch: 1 pq: 0 rg: 71 | total time: 2.33m | eta: 75.1m
step 00077/02205 (3.49%) | loss: 5.040965 | lrm: 1.00 | dt: 2120.70ms | tok/sec: 247,224 | bf16_mfu: 60.20 | epoch: 1 pq: 0 rg: 72 | total time: 2.36m | eta: 75.1m
step 00078/02205 (3.54%) | loss: 5.012522 | lrm: 1.00 | dt: 2124.17ms | tok/sec: 246,820 | bf16_mfu: 60.10 | epoch: 1 pq: 0 rg: 73 | total time: 2.40m | eta: 75.0m
step 00079/02205 (3.58%) | loss: 4.992538 | lrm: 1.00 | dt: 2120.24ms | tok/sec: 247,277 | bf16_mfu: 60.21 | epoch: 1 pq: 0 rg: 73 | total time: 2.43m | eta: 75.0m
step 00080/02205 (3.63%) | loss: 4.974367 | lrm: 1.00 | dt: 2122.30ms | tok/sec: 247,037 | bf16_mfu: 60.15 | epoch: 1 pq: 0 rg: 74 | total time: 2.47m | eta: 75.0m
step 00081/02205 (3.67%) | loss: 4.953929 | lrm: 1.00 | dt: 2115.76ms | tok/sec: 247,801 | bf16_mfu: 60.34 | epoch: 1 pq: 0 rg: 75 | total time: 2.50m | eta: 74.9m
step 00082/02205 (3.72%) | loss: 4.946104 | lrm: 1.00 | dt: 2115.63ms | tok/sec: 247,816 | bf16_mfu: 60.34 | epoch: 1 pq: 0 rg: 76 | total time: 2.54m | eta: 74.9m
step 00083/02205 (3.76%) | loss: 4.928687 | lrm: 1.00 | dt: 2118.30ms | tok/sec: 247,503 | bf16_mfu: 60.27 | epoch: 1 pq: 0 rg: 77 | total time: 2.58m | eta: 74.9m
step 00084/02205 (3.81%) | loss: 4.908554 | lrm: 1.00 | dt: 2121.77ms | tok/sec: 247,098 | bf16_mfu: 60.17 | epoch: 1 pq: 0 rg: 78 | total time: 2.61m | eta: 74.8m
step 00085/02205 (3.85%) | loss: 4.896574 | lrm: 1.00 | dt: 2118.36ms | tok/sec: 247,497 | bf16_mfu: 60.26 | epoch: 1 pq: 0 rg: 79 | total time: 2.65m | eta: 74.8m
step 00086/02205 (3.90%) | loss: 4.877964 | lrm: 1.00 | dt: 2117.40ms | tok/sec: 247,609 | bf16_mfu: 60.29 | epoch: 1 pq: 0 rg: 80 | total time: 2.68m | eta: 74.8m
step 00087/02205 (3.95%) | loss: 4.862058 | lrm: 1.00 | dt: 2117.01ms | tok/sec: 247,655 | bf16_mfu: 60.30 | epoch: 1 pq: 0 rg: 81 | total time: 2.72m | eta: 74.7m
step 00088/02205 (3.99%) | loss: 4.838595 | lrm: 1.00 | dt: 2118.02ms | tok/sec: 247,537 | bf16_mfu: 60.27 | epoch: 1 pq: 0 rg: 82 | total time: 2.75m | eta: 74.7m
step 00089/02205 (4.04%) | loss: 4.822370 | lrm: 1.00 | dt: 2122.50ms | tok/sec: 247,014 | bf16_mfu: 60.15 | epoch: 1 pq: 0 rg: 83 | total time: 2.79m | eta: 74.6m
step 00090/02205 (4.08%) | loss: 4.804184 | lrm: 1.00 | dt: 2121.85ms | tok/sec: 247,090 | bf16_mfu: 60.16 | epoch: 1 pq: 1 rg: 0 | total time: 2.82m | eta: 74.6m
step 00091/02205 (4.13%) | loss: 4.790154 | lrm: 1.00 | dt: 2121.18ms | tok/sec: 247,168 | bf16_mfu: 60.18 | epoch: 1 pq: 1 rg: 1 | total time: 2.86m | eta: 74.6m
step 00092/02205 (4.17%) | loss: 4.776776 | lrm: 1.00 | dt: 2123.20ms | tok/sec: 246,932 | bf16_mfu: 60.13 | epoch: 1 pq: 1 rg: 2 | total time: 2.89m | eta: 74.5m
step 00093/02205 (4.22%) | loss: 4.764997 | lrm: 1.00 | dt: 2119.58ms | tok/sec: 247,354 | bf16_mfu: 60.23 | epoch: 1 pq: 1 rg: 2 | total time: 2.93m | eta: 74.5m
step 00094/02205 (4.26%) | loss: 4.750417 | lrm: 1.00 | dt: 2118.53ms | tok/sec: 247,477 | bf16_mfu: 60.26 | epoch: 1 pq: 1 rg: 3 | total time: 2.96m | eta: 74.5m
step 00095/02205 (4.31%) | loss: 4.730378 | lrm: 1.00 | dt: 2122.46ms | tok/sec: 247,018 | bf16_mfu: 60.15 | epoch: 1 pq: 1 rg: 4 | total time: 3.00m | eta: 74.4m
step 00096/02205 (4.35%) | loss: 4.720552 | lrm: 1.00 | dt: 2123.95ms | tok/sec: 246,845 | bf16_mfu: 60.10 | epoch: 1 pq: 1 rg: 5 | total time: 3.03m | eta: 74.4m
step 00097/02205 (4.40%) | loss: 4.704957 | lrm: 1.00 | dt: 2118.75ms | tok/sec: 247,451 | bf16_mfu: 60.25 | epoch: 1 pq: 1 rg: 6 | total time: 3.07m | eta: 74.4m
step 00098/02205 (4.44%) | loss: 4.689131 | lrm: 1.00 | dt: 2118.66ms | tok/sec: 247,461 | bf16_mfu: 60.26 | epoch: 1 pq: 1 rg: 7 | total time: 3.11m | eta: 74.3m
step 00099/02205 (4.49%) | loss: 4.669855 | lrm: 1.00 | dt: 2121.34ms | tok/sec: 247,149 | bf16_mfu: 60.18 | epoch: 1 pq: 1 rg: 8 | total time: 3.14m | eta: 74.3m
step 00100/02205 (4.54%) | loss: 4.654669 | lrm: 1.00 | dt: 2120.97ms | tok/sec: 247,192 | bf16_mfu: 60.19 | epoch: 1 pq: 1 rg: 9 | total time: 3.18m | eta: 74.3m
step 00101/02205 (4.58%) | loss: 4.641339 | lrm: 1.00 | dt: 2118.90ms | tok/sec: 247,434 | bf16_mfu: 60.25 | epoch: 1 pq: 1 rg: 10 | total time: 3.21m | eta: 74.2m
step 00102/02205 (4.63%) | loss: 4.627977 | lrm: 1.00 | dt: 2123.89ms | tok/sec: 246,852 | bf16_mfu: 60.11 | epoch: 1 pq: 1 rg: 11 | total time: 3.25m | eta: 74.2m
step 00103/02205 (4.67%) | loss: 4.611660 | lrm: 1.00 | dt: 2122.69ms | tok/sec: 246,992 | bf16_mfu: 60.14 | epoch: 1 pq: 1 rg: 12 | total time: 3.28m | eta: 74.2m
step 00104/02205 (4.72%) | loss: 4.594716 | lrm: 1.00 | dt: 2117.03ms | tok/sec: 247,652 | bf16_mfu: 60.30 | epoch: 1 pq: 1 rg: 13 | total time: 3.32m | eta: 74.1m
step 00105/02205 (4.76%) | loss: 4.581641 | lrm: 1.00 | dt: 2124.13ms | tok/sec: 246,824 | bf16_mfu: 60.10 | epoch: 1 pq: 1 rg: 14 | total time: 3.35m | eta: 74.1m
step 00106/02205 (4.81%) | loss: 4.570872 | lrm: 1.00 | dt: 2118.31ms | tok/sec: 247,502 | bf16_mfu: 60.27 | epoch: 1 pq: 1 rg: 14 | total time: 3.39m | eta: 74.1m
step 00107/02205 (4.85%) | loss: 4.553581 | lrm: 1.00 | dt: 2122.73ms | tok/sec: 246,987 | bf16_mfu: 60.14 | epoch: 1 pq: 1 rg: 15 | total time: 3.42m | eta: 74.0m
step 00108/02205 (4.90%) | loss: 4.541571 | lrm: 1.00 | dt: 2117.37ms | tok/sec: 247,613 | bf16_mfu: 60.29 | epoch: 1 pq: 1 rg: 16 | total time: 3.46m | eta: 74.0m
step 00109/02205 (4.94%) | loss: 4.535661 | lrm: 1.00 | dt: 2124.35ms | tok/sec: 246,798 | bf16_mfu: 60.09 | epoch: 1 pq: 1 rg: 17 | total time: 3.49m | eta: 74.0m
step 00110/02205 (4.99%) | loss: 4.524928 | lrm: 1.00 | dt: 2117.10ms | tok/sec: 247,644 | bf16_mfu: 60.30 | epoch: 1 pq: 1 rg: 18 | total time: 3.53m | eta: 73.9m
step 00111/02205 (5.03%) | loss: 4.510692 | lrm: 1.00 | dt: 2119.06ms | tok/sec: 247,415 | bf16_mfu: 60.24 | epoch: 1 pq: 1 rg: 19 | total time: 3.56m | eta: 73.9m
step 00112/02205 (5.08%) | loss: 4.500001 | lrm: 1.00 | dt: 2120.50ms | tok/sec: 247,247 | bf16_mfu: 60.20 | epoch: 1 pq: 1 rg: 20 | total time: 3.60m | eta: 73.9m
step 00113/02205 (5.12%) | loss: 4.481765 | lrm: 1.00 | dt: 2120.12ms | tok/sec: 247,291 | bf16_mfu: 60.21 | epoch: 1 pq: 1 rg: 21 | total time: 3.64m | eta: 73.8m
step 00114/02205 (5.17%) | loss: 4.464434 | lrm: 1.00 | dt: 2122.08ms | tok/sec: 247,063 | bf16_mfu: 60.16 | epoch: 1 pq: 1 rg: 22 | total time: 3.67m | eta: 73.8m
step 00115/02205 (5.22%) | loss: 4.440599 | lrm: 1.00 | dt: 2124.30ms | tok/sec: 246,804 | bf16_mfu: 60.10 | epoch: 1 pq: 1 rg: 23 | total time: 3.71m | eta: 73.8m
step 00116/02205 (5.26%) | loss: 4.418652 | lrm: 1.00 | dt: 2121.76ms | tok/sec: 247,101 | bf16_mfu: 60.17 | epoch: 1 pq: 1 rg: 24 | total time: 3.74m | eta: 73.7m
step 00117/02205 (5.31%) | loss: 4.405075 | lrm: 1.00 | dt: 2122.49ms | tok/sec: 247,015 | bf16_mfu: 60.15 | epoch: 1 pq: 1 rg: 25 | total time: 3.78m | eta: 73.7m
step 00118/02205 (5.35%) | loss: 4.389188 | lrm: 1.00 | dt: 2123.66ms | tok/sec: 246,879 | bf16_mfu: 60.11 | epoch: 1 pq: 1 rg: 26 | total time: 3.81m | eta: 73.7m
step 00119/02205 (5.40%) | loss: 4.375509 | lrm: 1.00 | dt: 2119.86ms | tok/sec: 247,322 | bf16_mfu: 60.22 | epoch: 1 pq: 1 rg: 26 | total time: 3.85m | eta: 73.6m
step 00120/02205 (5.44%) | loss: 4.362381 | lrm: 1.00 | dt: 2120.76ms | tok/sec: 247,216 | bf16_mfu: 60.20 | epoch: 1 pq: 1 rg: 27 | total time: 3.88m | eta: 73.6m
step 00121/02205 (5.49%) | loss: 4.345110 | lrm: 1.00 | dt: 2121.05ms | tok/sec: 247,182 | bf16_mfu: 60.19 | epoch: 1 pq: 1 rg: 28 | total time: 3.92m | eta: 73.6m
step 00122/02205 (5.53%) | loss: 4.332867 | lrm: 1.00 | dt: 2123.07ms | tok/sec: 246,948 | bf16_mfu: 60.13 | epoch: 1 pq: 1 rg: 29 | total time: 3.95m | eta: 73.5m
step 00123/02205 (5.58%) | loss: 4.320050 | lrm: 1.00 | dt: 2123.06ms | tok/sec: 246,949 | bf16_mfu: 60.13 | epoch: 1 pq: 1 rg: 30 | total time: 3.99m | eta: 73.5m
step 00124/02205 (5.62%) | loss: 4.304059 | lrm: 1.00 | dt: 2123.32ms | tok/sec: 246,919 | bf16_mfu: 60.12 | epoch: 1 pq: 1 rg: 31 | total time: 4.02m | eta: 73.5m
step 00125/02205 (5.67%) | loss: 4.295877 | lrm: 1.00 | dt: 2122.90ms | tok/sec: 246,967 | bf16_mfu: 60.13 | epoch: 1 pq: 1 rg: 32 | total time: 4.06m | eta: 73.4m
step 00126/02205 (5.71%) | loss: 4.278305 | lrm: 1.00 | dt: 2126.65ms | tok/sec: 246,532 | bf16_mfu: 60.03 | epoch: 1 pq: 1 rg: 33 | total time: 4.10m | eta: 73.4m
step 00127/02205 (5.76%) | loss: 4.263971 | lrm: 1.00 | dt: 2120.77ms | tok/sec: 247,216 | bf16_mfu: 60.20 | epoch: 1 pq: 1 rg: 34 | total time: 4.13m | eta: 73.4m
step 00128/02205 (5.80%) | loss: 4.254082 | lrm: 1.00 | dt: 2128.62ms | tok/sec: 246,303 | bf16_mfu: 59.97 | epoch: 1 pq: 1 rg: 35 | total time: 4.17m | eta: 73.3m
step 00129/02205 (5.85%) | loss: 4.243653 | lrm: 1.00 | dt: 2117.58ms | tok/sec: 247,588 | bf16_mfu: 60.29 | epoch: 1 pq: 1 rg: 36 | total time: 4.20m | eta: 73.3m
step 00130/02205 (5.90%) | loss: 4.228805 | lrm: 1.00 | dt: 2129.26ms | tok/sec: 246,229 | bf16_mfu: 59.96 | epoch: 1 pq: 1 rg: 37 | total time: 4.24m | eta: 73.3m
step 00131/02205 (5.94%) | loss: 4.220845 | lrm: 1.00 | dt: 2118.99ms | tok/sec: 247,423 | bf16_mfu: 60.25 | epoch: 1 pq: 1 rg: 38 | total time: 4.27m | eta: 73.2m
step 00132/02205 (5.99%) | loss: 4.195692 | lrm: 1.00 | dt: 2124.04ms | tok/sec: 246,835 | bf16_mfu: 60.10 | epoch: 1 pq: 1 rg: 38 | total time: 4.31m | eta: 73.2m
step 00133/02205 (6.03%) | loss: 4.182315 | lrm: 1.00 | dt: 2121.28ms | tok/sec: 247,156 | bf16_mfu: 60.18 | epoch: 1 pq: 1 rg: 39 | total time: 4.34m | eta: 73.2m
step 00134/02205 (6.08%) | loss: 4.169341 | lrm: 1.00 | dt: 2121.87ms | tok/sec: 247,087 | bf16_mfu: 60.16 | epoch: 1 pq: 1 rg: 40 | total time: 4.38m | eta: 73.1m
step 00135/02205 (6.12%) | loss: 4.153169 | lrm: 1.00 | dt: 2121.06ms | tok/sec: 247,181 | bf16_mfu: 60.19 | epoch: 1 pq: 1 rg: 41 | total time: 4.41m | eta: 73.1m
step 00136/02205 (6.17%) | loss: 4.138447 | lrm: 1.00 | dt: 2121.83ms | tok/sec: 247,092 | bf16_mfu: 60.17 | epoch: 1 pq: 1 rg: 42 | total time: 4.45m | eta: 73.1m
step 00137/02205 (6.21%) | loss: 4.126412 | lrm: 1.00 | dt: 2122.79ms | tok/sec: 246,980 | bf16_mfu: 60.14 | epoch: 1 pq: 1 rg: 43 | total time: 4.48m | eta: 73.0m
step 00138/02205 (6.26%) | loss: 4.116570 | lrm: 1.00 | dt: 2125.34ms | tok/sec: 246,684 | bf16_mfu: 60.07 | epoch: 1 pq: 1 rg: 44 | total time: 4.52m | eta: 73.0m
step 00139/02205 (6.30%) | loss: 4.103125 | lrm: 1.00 | dt: 2123.52ms | tok/sec: 246,896 | bf16_mfu: 60.12 | epoch: 1 pq: 1 rg: 45 | total time: 4.56m | eta: 73.0m
step 00140/02205 (6.35%) | loss: 4.097922 | lrm: 1.00 | dt: 2125.97ms | tok/sec: 246,610 | bf16_mfu: 60.05 | epoch: 1 pq: 1 rg: 46 | total time: 4.59m | eta: 72.9m
step 00141/02205 (6.39%) | loss: 4.087349 | lrm: 1.00 | dt: 2121.59ms | tok/sec: 247,120 | bf16_mfu: 60.17 | epoch: 1 pq: 1 rg: 47 | total time: 4.63m | eta: 72.9m
step 00142/02205 (6.44%) | loss: 4.071730 | lrm: 1.00 | dt: 2122.28ms | tok/sec: 247,039 | bf16_mfu: 60.15 | epoch: 1 pq: 1 rg: 48 | total time: 4.66m | eta: 72.8m
step 00143/02205 (6.49%) | loss: 4.063232 | lrm: 1.00 | dt: 2124.37ms | tok/sec: 246,797 | bf16_mfu: 60.09 | epoch: 1 pq: 1 rg: 49 | total time: 4.70m | eta: 72.8m
step 00144/02205 (6.53%) | loss: 4.056545 | lrm: 1.00 | dt: 2126.14ms | tok/sec: 246,591 | bf16_mfu: 60.04 | epoch: 1 pq: 1 rg: 50 | total time: 4.73m | eta: 72.8m
step 00145/02205 (6.58%) | loss: 4.049919 | lrm: 1.00 | dt: 2128.12ms | tok/sec: 246,361 | bf16_mfu: 59.99 | epoch: 1 pq: 1 rg: 51 | total time: 4.77m | eta: 72.7m
step 00146/02205 (6.62%) | loss: 4.044137 | lrm: 1.00 | dt: 2124.81ms | tok/sec: 246,746 | bf16_mfu: 60.08 | epoch: 1 pq: 1 rg: 51 | total time: 4.80m | eta: 72.7m
step 00147/02205 (6.67%) | loss: 4.035116 | lrm: 1.00 | dt: 2122.44ms | tok/sec: 247,020 | bf16_mfu: 60.15 | epoch: 1 pq: 1 rg: 52 | total time: 4.84m | eta: 72.7m
step 00148/02205 (6.71%) | loss: 4.025720 | lrm: 1.00 | dt: 2127.51ms | tok/sec: 246,432 | bf16_mfu: 60.00 | epoch: 1 pq: 1 rg: 53 | total time: 4.87m | eta: 72.6m
step 00149/02205 (6.76%) | loss: 4.015907 | lrm: 1.00 | dt: 2124.66ms | tok/sec: 246,763 | bf16_mfu: 60.09 | epoch: 1 pq: 1 rg: 54 | total time: 4.91m | eta: 72.6m
step 00150/02205 (6.80%) | loss: 4.011795 | lrm: 1.00 | dt: 2129.74ms | tok/sec: 246,174 | bf16_mfu: 59.94 | epoch: 1 pq: 1 rg: 55 | total time: 4.94m | eta: 72.6m
step 00151/02205 (6.85%) | loss: 3.999703 | lrm: 1.00 | dt: 2124.59ms | tok/sec: 246,771 | bf16_mfu: 60.09 | epoch: 1 pq: 1 rg: 56 | total time: 4.98m | eta: 72.5m
step 00152/02205 (6.89%) | loss: 3.992446 | lrm: 1.00 | dt: 2123.32ms | tok/sec: 246,919 | bf16_mfu: 60.12 | epoch: 1 pq: 1 rg: 57 | total time: 5.02m | eta: 72.5m
step 00153/02205 (6.94%) | loss: 3.986337 | lrm: 1.00 | dt: 2126.33ms | tok/sec: 246,570 | bf16_mfu: 60.04 | epoch: 1 pq: 1 rg: 58 | total time: 5.05m | eta: 72.5m
step 00154/02205 (6.98%) | loss: 3.978158 | lrm: 1.00 | dt: 2129.62ms | tok/sec: 246,187 | bf16_mfu: 59.94 | epoch: 1 pq: 1 rg: 59 | total time: 5.09m | eta: 72.4m
step 00155/02205 (7.03%) | loss: 3.976293 | lrm: 1.00 | dt: 2128.42ms | tok/sec: 246,326 | bf16_mfu: 59.98 | epoch: 1 pq: 1 rg: 60 | total time: 5.12m | eta: 72.4m
step 00156/02205 (7.07%) | loss: 3.966795 | lrm: 1.00 | dt: 2119.89ms | tok/sec: 247,318 | bf16_mfu: 60.22 | epoch: 1 pq: 1 rg: 61 | total time: 5.16m | eta: 72.4m
step 00157/02205 (7.12%) | loss: 3.960493 | lrm: 1.00 | dt: 2126.50ms | tok/sec: 246,550 | bf16_mfu: 60.03 | epoch: 1 pq: 1 rg: 61 | total time: 5.19m | eta: 72.3m
step 00158/02205 (7.17%) | loss: 3.961256 | lrm: 1.00 | dt: 2127.63ms | tok/sec: 246,419 | bf16_mfu: 60.00 | epoch: 1 pq: 1 rg: 62 | total time: 5.23m | eta: 72.3m
step 00159/02205 (7.21%) | loss: 3.947106 | lrm: 1.00 | dt: 2123.78ms | tok/sec: 246,865 | bf16_mfu: 60.11 | epoch: 1 pq: 1 rg: 63 | total time: 5.26m | eta: 72.3m
step 00160/02205 (7.26%) | loss: 3.941097 | lrm: 1.00 | dt: 2123.70ms | tok/sec: 246,875 | bf16_mfu: 60.11 | epoch: 1 pq: 1 rg: 64 | total time: 5.30m | eta: 72.2m
step 00161/02205 (7.30%) | loss: 3.926467 | lrm: 1.00 | dt: 2121.60ms | tok/sec: 247,118 | bf16_mfu: 60.17 | epoch: 1 pq: 1 rg: 65 | total time: 5.33m | eta: 72.2m
step 00162/02205 (7.35%) | loss: 3.917916 | lrm: 1.00 | dt: 2122.55ms | tok/sec: 247,008 | bf16_mfu: 60.14 | epoch: 1 pq: 1 rg: 66 | total time: 5.37m | eta: 72.2m
step 00163/02205 (7.39%) | loss: 3.911271 | lrm: 1.00 | dt: 2119.75ms | tok/sec: 247,334 | bf16_mfu: 60.22 | epoch: 1 pq: 1 rg: 67 | total time: 5.41m | eta: 72.1m
step 00164/02205 (7.44%) | loss: 3.902602 | lrm: 1.00 | dt: 2129.69ms | tok/sec: 246,180 | bf16_mfu: 59.94 | epoch: 1 pq: 1 rg: 68 | total time: 5.44m | eta: 72.1m
step 00165/02205 (7.48%) | loss: 3.898074 | lrm: 1.00 | dt: 2121.86ms | tok/sec: 247,088 | bf16_mfu: 60.16 | epoch: 1 pq: 1 rg: 69 | total time: 5.48m | eta: 72.1m
step 00166/02205 (7.53%) | loss: 3.899472 | lrm: 1.00 | dt: 2125.41ms | tok/sec: 246,676 | bf16_mfu: 60.06 | epoch: 1 pq: 1 rg: 70 | total time: 5.51m | eta: 72.0m
step 00167/02205 (7.57%) | loss: 3.880762 | lrm: 1.00 | dt: 2123.89ms | tok/sec: 246,852 | bf16_mfu: 60.11 | epoch: 1 pq: 1 rg: 71 | total time: 5.55m | eta: 72.0m
step 00168/02205 (7.62%) | loss: 3.878693 | lrm: 1.00 | dt: 2125.21ms | tok/sec: 246,698 | bf16_mfu: 60.07 | epoch: 1 pq: 1 rg: 72 | total time: 5.58m | eta: 72.0m
step 00169/02205 (7.66%) | loss: 3.865543 | lrm: 1.00 | dt: 2128.01ms | tok/sec: 246,375 | bf16_mfu: 59.99 | epoch: 1 pq: 1 rg: 73 | total time: 5.62m | eta: 71.9m
step 00170/02205 (7.71%) | loss: 3.859362 | lrm: 1.00 | dt: 2123.23ms | tok/sec: 246,929 | bf16_mfu: 60.13 | epoch: 1 pq: 1 rg: 74 | total time: 5.65m | eta: 71.9m
step 00171/02205 (7.76%) | loss: 3.852974 | lrm: 1.00 | dt: 2125.06ms | tok/sec: 246,716 | bf16_mfu: 60.07 | epoch: 1 pq: 1 rg: 74 | total time: 5.69m | eta: 71.9m
step 00172/02205 (7.80%) | loss: 3.841614 | lrm: 1.00 | dt: 2124.26ms | tok/sec: 246,809 | bf16_mfu: 60.10 | epoch: 1 pq: 1 rg: 75 | total time: 5.72m | eta: 71.8m
step 00173/02205 (7.85%) | loss: 3.832847 | lrm: 1.00 | dt: 2124.93ms | tok/sec: 246,731 | bf16_mfu: 60.08 | epoch: 1 pq: 1 rg: 76 | total time: 5.76m | eta: 71.8m
step 00174/02205 (7.89%) | loss: 3.829171 | lrm: 1.00 | dt: 2125.84ms | tok/sec: 246,626 | bf16_mfu: 60.05 | epoch: 1 pq: 1 rg: 77 | total time: 5.79m | eta: 71.8m
step 00175/02205 (7.94%) | loss: 3.816348 | lrm: 1.00 | dt: 2121.44ms | tok/sec: 247,137 | bf16_mfu: 60.18 | epoch: 1 pq: 1 rg: 78 | total time: 5.83m | eta: 71.7m
step 00176/02205 (7.98%) | loss: 3.815155 | lrm: 1.00 | dt: 2128.89ms | tok/sec: 246,272 | bf16_mfu: 59.97 | epoch: 1 pq: 1 rg: 79 | total time: 5.87m | eta: 71.7m
step 00177/02205 (8.03%) | loss: 3.810154 | lrm: 1.00 | dt: 2124.38ms | tok/sec: 246,795 | bf16_mfu: 60.09 | epoch: 1 pq: 1 rg: 80 | total time: 5.90m | eta: 71.7m
step 00178/02205 (8.07%) | loss: 3.809712 | lrm: 1.00 | dt: 2131.71ms | tok/sec: 245,947 | bf16_mfu: 59.89 | epoch: 1 pq: 1 rg: 81 | total time: 5.94m | eta: 71.6m
step 00179/02205 (8.12%) | loss: 3.812808 | lrm: 1.00 | dt: 2123.95ms | tok/sec: 246,845 | bf16_mfu: 60.10 | epoch: 1 pq: 1 rg: 82 | total time: 5.97m | eta: 71.6m
step 00180/02205 (8.16%) | loss: 3.802920 | lrm: 1.00 | dt: 2123.86ms | tok/sec: 246,855 | bf16_mfu: 60.11 | epoch: 1 pq: 1 rg: 83 | total time: 6.01m | eta: 71.6m
step 00181/02205 (8.21%) | loss: 3.801206 | lrm: 1.00 | dt: 2129.33ms | tok/sec: 246,222 | bf16_mfu: 59.95 | epoch: 1 pq: 2 rg: 0 | total time: 6.04m | eta: 71.5m
step 00182/02205 (8.25%) | loss: 3.793026 | lrm: 1.00 | dt: 2126.94ms | tok/sec: 246,498 | bf16_mfu: 60.02 | epoch: 1 pq: 2 rg: 1 | total time: 6.08m | eta: 71.5m
step 00183/02205 (8.30%) | loss: 3.793401 | lrm: 1.00 | dt: 2128.89ms | tok/sec: 246,273 | bf16_mfu: 59.97 | epoch: 1 pq: 2 rg: 1 | total time: 6.11m | eta: 71.5m
step 00184/02205 (8.34%) | loss: 3.793125 | lrm: 1.00 | dt: 2120.31ms | tok/sec: 247,269 | bf16_mfu: 60.21 | epoch: 1 pq: 2 rg: 2 | total time: 6.15m | eta: 71.4m
step 00185/02205 (8.39%) | loss: 3.791459 | lrm: 1.00 | dt: 2130.32ms | tok/sec: 246,107 | bf16_mfu: 59.93 | epoch: 1 pq: 2 rg: 3 | total time: 6.18m | eta: 71.4m
step 00186/02205 (8.44%) | loss: 3.792242 | lrm: 1.00 | dt: 2120.02ms | tok/sec: 247,303 | bf16_mfu: 60.22 | epoch: 1 pq: 2 rg: 4 | total time: 6.22m | eta: 71.4m
step 00187/02205 (8.48%) | loss: 3.785299 | lrm: 1.00 | dt: 2125.40ms | tok/sec: 246,677 | bf16_mfu: 60.06 | epoch: 1 pq: 2 rg: 5 | total time: 6.26m | eta: 71.3m
step 00188/02205 (8.53%) | loss: 3.777943 | lrm: 1.00 | dt: 2124.04ms | tok/sec: 246,835 | bf16_mfu: 60.10 | epoch: 1 pq: 2 rg: 6 | total time: 6.29m | eta: 71.3m
step 00189/02205 (8.57%) | loss: 3.770902 | lrm: 1.00 | dt: 2125.89ms | tok/sec: 246,620 | bf16_mfu: 60.05 | epoch: 1 pq: 2 rg: 7 | total time: 6.33m | eta: 71.2m
step 00190/02205 (8.62%) | loss: 3.763335 | lrm: 1.00 | dt: 2127.03ms | tok/sec: 246,487 | bf16_mfu: 60.02 | epoch: 1 pq: 2 rg: 8 | total time: 6.36m | eta: 71.2m
step 00191/02205 (8.66%) | loss: 3.761966 | lrm: 1.00 | dt: 2124.94ms | tok/sec: 246,731 | bf16_mfu: 60.08 | epoch: 1 pq: 2 rg: 9 | total time: 6.40m | eta: 71.2m
step 00192/02205 (8.71%) | loss: 3.752674 | lrm: 1.00 | dt: 2126.81ms | tok/sec: 246,513 | bf16_mfu: 60.02 | epoch: 1 pq: 2 rg: 10 | total time: 6.43m | eta: 71.1m
step 00193/02205 (8.75%) | loss: 3.741077 | lrm: 1.00 | dt: 2124.32ms | tok/sec: 246,802 | bf16_mfu: 60.09 | epoch: 1 pq: 2 rg: 11 | total time: 6.47m | eta: 71.1m
step 00194/02205 (8.80%) | loss: 3.737945 | lrm: 1.00 | dt: 2126.68ms | tok/sec: 246,528 | bf16_mfu: 60.03 | epoch: 1 pq: 2 rg: 12 | total time: 6.50m | eta: 71.1m
step 00195/02205 (8.84%) | loss: 3.732146 | lrm: 1.00 | dt: 2127.08ms | tok/sec: 246,482 | bf16_mfu: 60.02 | epoch: 1 pq: 2 rg: 13 | total time: 6.54m | eta: 71.0m
step 00196/02205 (8.89%) | loss: 3.728347 | lrm: 1.00 | dt: 2124.67ms | tok/sec: 246,761 | bf16_mfu: 60.08 | epoch: 1 pq: 2 rg: 14 | total time: 6.57m | eta: 71.0m
step 00197/02205 (8.93%) | loss: 3.731729 | lrm: 1.00 | dt: 2128.87ms | tok/sec: 246,275 | bf16_mfu: 59.97 | epoch: 1 pq: 2 rg: 14 | total time: 6.61m | eta: 71.0m
step 00198/02205 (8.98%) | loss: 3.739559 | lrm: 1.00 | dt: 2124.57ms | tok/sec: 246,773 | bf16_mfu: 60.09 | epoch: 1 pq: 2 rg: 15 | total time: 6.64m | eta: 70.9m
step 00199/02205 (9.02%) | loss: 3.736103 | lrm: 1.00 | dt: 2125.56ms | tok/sec: 246,658 | bf16_mfu: 60.06 | epoch: 1 pq: 2 rg: 16 | total time: 6.68m | eta: 70.9m
step 00200/02205 (9.07%) | loss: 3.730091 | lrm: 1.00 | dt: 2125.70ms | tok/sec: 246,641 | bf16_mfu: 60.06 | epoch: 1 pq: 2 rg: 17 | total time: 6.72m | eta: 70.9m
step 00201/02205 (9.12%) | loss: 3.723262 | lrm: 1.00 | dt: 2125.56ms | tok/sec: 246,658 | bf16_mfu: 60.06 | epoch: 1 pq: 2 rg: 18 | total time: 6.75m | eta: 70.8m
step 00202/02205 (9.16%) | loss: 3.722541 | lrm: 1.00 | dt: 2124.70ms | tok/sec: 246,758 | bf16_mfu: 60.08 | epoch: 1 pq: 2 rg: 19 | total time: 6.79m | eta: 70.8m
step 00203/02205 (9.21%) | loss: 3.718471 | lrm: 1.00 | dt: 2125.65ms | tok/sec: 246,648 | bf16_mfu: 60.06 | epoch: 1 pq: 2 rg: 20 | total time: 6.82m | eta: 70.8m
step 00204/02205 (9.25%) | loss: 3.717991 | lrm: 1.00 | dt: 2126.16ms | tok/sec: 246,589 | bf16_mfu: 60.04 | epoch: 1 pq: 2 rg: 21 | total time: 6.86m | eta: 70.7m
step 00205/02205 (9.30%) | loss: 3.714232 | lrm: 1.00 | dt: 2128.66ms | tok/sec: 246,298 | bf16_mfu: 59.97 | epoch: 1 pq: 2 rg: 22 | total time: 6.89m | eta: 70.7m
step 00206/02205 (9.34%) | loss: 3.715013 | lrm: 1.00 | dt: 2126.24ms | tok/sec: 246,580 | bf16_mfu: 60.04 | epoch: 1 pq: 2 rg: 23 | total time: 6.93m | eta: 70.7m
step 00207/02205 (9.39%) | loss: 3.713153 | lrm: 1.00 | dt: 2126.93ms | tok/sec: 246,499 | bf16_mfu: 60.02 | epoch: 1 pq: 2 rg: 24 | total time: 6.96m | eta: 70.6m
step 00208/02205 (9.43%) | loss: 3.702996 | lrm: 1.00 | dt: 2121.42ms | tok/sec: 247,140 | bf16_mfu: 60.18 | epoch: 1 pq: 2 rg: 25 | total time: 7.00m | eta: 70.6m
step 00209/02205 (9.48%) | loss: 3.692276 | lrm: 1.00 | dt: 2126.46ms | tok/sec: 246,554 | bf16_mfu: 60.03 | epoch: 1 pq: 2 rg: 26 | total time: 7.03m | eta: 70.6m
step 00210/02205 (9.52%) | loss: 3.687003 | lrm: 1.00 | dt: 2125.72ms | tok/sec: 246,639 | bf16_mfu: 60.05 | epoch: 1 pq: 2 rg: 27 | total time: 7.07m | eta: 70.5m
step 00211/02205 (9.57%) | loss: 3.685926 | lrm: 1.00 | dt: 2126.30ms | tok/sec: 246,572 | bf16_mfu: 60.04 | epoch: 1 pq: 2 rg: 27 | total time: 7.11m | eta: 70.5m
step 00212/02205 (9.61%) | loss: 3.688148 | lrm: 1.00 | dt: 2124.45ms | tok/sec: 246,787 | bf16_mfu: 60.09 | epoch: 1 pq: 2 rg: 28 | total time: 7.14m | eta: 70.5m
step 00213/02205 (9.66%) | loss: 3.685351 | lrm: 1.00 | dt: 2129.07ms | tok/sec: 246,251 | bf16_mfu: 59.96 | epoch: 1 pq: 2 rg: 29 | total time: 7.18m | eta: 70.4m
step 00214/02205 (9.71%) | loss: 3.689883 | lrm: 1.00 | dt: 2128.16ms | tok/sec: 246,357 | bf16_mfu: 59.99 | epoch: 1 pq: 2 rg: 30 | total time: 7.21m | eta: 70.4m
step 00215/02205 (9.75%) | loss: 3.686023 | lrm: 1.00 | dt: 2130.82ms | tok/sec: 246,049 | bf16_mfu: 59.91 | epoch: 1 pq: 2 rg: 31 | total time: 7.25m | eta: 70.4m
step 00216/02205 (9.80%) | loss: 3.685963 | lrm: 1.00 | dt: 2127.49ms | tok/sec: 246,434 | bf16_mfu: 60.00 | epoch: 1 pq: 2 rg: 32 | total time: 7.28m | eta: 70.3m
step 00217/02205 (9.84%) | loss: 3.690384 | lrm: 1.00 | dt: 2128.14ms | tok/sec: 246,359 | bf16_mfu: 59.99 | epoch: 1 pq: 2 rg: 33 | total time: 7.32m | eta: 70.3m
step 00218/02205 (9.89%) | loss: 3.684238 | lrm: 1.00 | dt: 2127.14ms | tok/sec: 246,475 | bf16_mfu: 60.01 | epoch: 1 pq: 2 rg: 34 | total time: 7.35m | eta: 70.3m
step 00219/02205 (9.93%) | loss: 3.682087 | lrm: 1.00 | dt: 2131.01ms | tok/sec: 246,028 | bf16_mfu: 59.91 | epoch: 1 pq: 2 rg: 35 | total time: 7.39m | eta: 70.2m
step 00220/02205 (9.98%) | loss: 3.672841 | lrm: 1.00 | dt: 2125.65ms | tok/sec: 246,648 | bf16_mfu: 60.06 | epoch: 1 pq: 2 rg: 36 | total time: 7.42m | eta: 70.2m
step 00221/02205 (10.02%) | loss: 3.663483 | lrm: 1.00 | dt: 2131.94ms | tok/sec: 245,920 | bf16_mfu: 59.88 | epoch: 1 pq: 2 rg: 36 | total time: 7.46m | eta: 70.1m
step 00222/02205 (10.07%) | loss: 3.665227 | lrm: 1.00 | dt: 2126.89ms | tok/sec: 246,504 | bf16_mfu: 60.02 | epoch: 1 pq: 2 rg: 37 | total time: 7.50m | eta: 70.1m
step 00223/02205 (10.11%) | loss: 3.669466 | lrm: 1.00 | dt: 2129.49ms | tok/sec: 246,203 | bf16_mfu: 59.95 | epoch: 1 pq: 2 rg: 38 | total time: 7.53m | eta: 70.1m
step 00224/02205 (10.16%) | loss: 3.664477 | lrm: 1.00 | dt: 2127.26ms | tok/sec: 246,462 | bf16_mfu: 60.01 | epoch: 1 pq: 2 rg: 39 | total time: 7.57m | eta: 70.0m
step 00225/02205 (10.20%) | loss: 3.659883 | lrm: 1.00 | dt: 2123.52ms | tok/sec: 246,895 | bf16_mfu: 60.12 | epoch: 1 pq: 2 rg: 40 | total time: 7.60m | eta: 70.0m
step 00226/02205 (10.25%) | loss: 3.644930 | lrm: 1.00 | dt: 2125.19ms | tok/sec: 246,701 | bf16_mfu: 60.07 | epoch: 1 pq: 2 rg: 41 | total time: 7.64m | eta: 70.0m
step 00227/02205 (10.29%) | loss: 3.639295 | lrm: 1.00 | dt: 2127.47ms | tok/sec: 246,437 | bf16_mfu: 60.01 | epoch: 1 pq: 2 rg: 42 | total time: 7.67m | eta: 69.9m
step 00228/02205 (10.34%) | loss: 3.643318 | lrm: 1.00 | dt: 2124.13ms | tok/sec: 246,824 | bf16_mfu: 60.10 | epoch: 1 pq: 2 rg: 43 | total time: 7.71m | eta: 69.9m
step 00229/02205 (10.39%) | loss: 3.639388 | lrm: 1.00 | dt: 2127.51ms | tok/sec: 246,432 | bf16_mfu: 60.00 | epoch: 1 pq: 2 rg: 44 | total time: 7.74m | eta: 69.9m
step 00230/02205 (10.43%) | loss: 3.632900 | lrm: 1.00 | dt: 2124.82ms | tok/sec: 246,744 | bf16_mfu: 60.08 | epoch: 1 pq: 2 rg: 45 | total time: 7.78m | eta: 69.8m
step 00231/02205 (10.48%) | loss: 3.624970 | lrm: 1.00 | dt: 2125.11ms | tok/sec: 246,710 | bf16_mfu: 60.07 | epoch: 1 pq: 2 rg: 46 | total time: 7.81m | eta: 69.8m
step 00232/02205 (10.52%) | loss: 3.616444 | lrm: 1.00 | dt: 2129.31ms | tok/sec: 246,224 | bf16_mfu: 59.95 | epoch: 1 pq: 2 rg: 47 | total time: 7.85m | eta: 69.8m
step 00233/02205 (10.57%) | loss: 3.610087 | lrm: 1.00 | dt: 2129.29ms | tok/sec: 246,226 | bf16_mfu: 59.95 | epoch: 1 pq: 2 rg: 48 | total time: 7.89m | eta: 69.7m
step 00234/02205 (10.61%) | loss: 3.607044 | lrm: 1.00 | dt: 2124.90ms | tok/sec: 246,735 | bf16_mfu: 60.08 | epoch: 1 pq: 2 rg: 49 | total time: 7.92m | eta: 69.7m
step 00235/02205 (10.66%) | loss: 3.602580 | lrm: 1.00 | dt: 2130.94ms | tok/sec: 246,036 | bf16_mfu: 59.91 | epoch: 1 pq: 2 rg: 49 | total time: 7.96m | eta: 69.7m
step 00236/02205 (10.70%) | loss: 3.601615 | lrm: 1.00 | dt: 2126.42ms | tok/sec: 246,558 | bf16_mfu: 60.04 | epoch: 1 pq: 2 rg: 50 | total time: 7.99m | eta: 69.6m
step 00237/02205 (10.75%) | loss: 3.601854 | lrm: 1.00 | dt: 2123.07ms | tok/sec: 246,947 | bf16_mfu: 60.13 | epoch: 1 pq: 2 rg: 51 | total time: 8.03m | eta: 69.6m
step 00238/02205 (10.79%) | loss: 3.596506 | lrm: 1.00 | dt: 2127.46ms | tok/sec: 246,438 | bf16_mfu: 60.01 | epoch: 1 pq: 2 rg: 52 | total time: 8.06m | eta: 69.6m
step 00239/02205 (10.84%) | loss: 3.589539 | lrm: 1.00 | dt: 2128.48ms | tok/sec: 246,320 | bf16_mfu: 59.98 | epoch: 1 pq: 2 rg: 53 | total time: 8.10m | eta: 69.5m
step 00240/02205 (10.88%) | loss: 3.590165 | lrm: 1.00 | dt: 2127.45ms | tok/sec: 246,439 | bf16_mfu: 60.01 | epoch: 1 pq: 2 rg: 54 | total time: 8.13m | eta: 69.5m
step 00241/02205 (10.93%) | loss: 3.589348 | lrm: 1.00 | dt: 2127.46ms | tok/sec: 246,438 | bf16_mfu: 60.01 | epoch: 1 pq: 2 rg: 55 | total time: 8.17m | eta: 69.5m
step 00242/02205 (10.98%) | loss: 3.591643 | lrm: 1.00 | dt: 2128.61ms | tok/sec: 246,305 | bf16_mfu: 59.97 | epoch: 1 pq: 2 rg: 56 | total time: 8.20m | eta: 69.4m
step 00243/02205 (11.02%) | loss: 3.588651 | lrm: 1.00 | dt: 2126.20ms | tok/sec: 246,584 | bf16_mfu: 60.04 | epoch: 1 pq: 2 rg: 57 | total time: 8.24m | eta: 69.4m
step 00244/02205 (11.07%) | loss: 3.593709 | lrm: 1.00 | dt: 2127.41ms | tok/sec: 246,444 | bf16_mfu: 60.01 | epoch: 1 pq: 2 rg: 58 | total time: 8.28m | eta: 69.4m
step 00245/02205 (11.11%) | loss: 3.588486 | lrm: 1.00 | dt: 2127.58ms | tok/sec: 246,424 | bf16_mfu: 60.00 | epoch: 1 pq: 2 rg: 59 | total time: 8.31m | eta: 69.3m
step 00246/02205 (11.16%) | loss: 3.590491 | lrm: 1.00 | dt: 2129.11ms | tok/sec: 246,247 | bf16_mfu: 59.96 | epoch: 1 pq: 2 rg: 60 | total time: 8.35m | eta: 69.3m
step 00247/02205 (11.20%) | loss: 3.591846 | lrm: 1.00 | dt: 2126.89ms | tok/sec: 246,504 | bf16_mfu: 60.02 | epoch: 1 pq: 2 rg: 61 | total time: 8.38m | eta: 69.2m
step 00248/02205 (11.25%) | loss: 3.591671 | lrm: 1.00 | dt: 2126.19ms | tok/sec: 246,585 | bf16_mfu: 60.04 | epoch: 1 pq: 2 rg: 62 | total time: 8.42m | eta: 69.2m
step 00249/02205 (11.29%) | loss: 3.591659 | lrm: 1.00 | dt: 2131.54ms | tok/sec: 245,966 | bf16_mfu: 59.89 | epoch: 1 pq: 2 rg: 62 | total time: 8.45m | eta: 69.2m
Step 00250 | Validation bpb: 1.092213
step 00250/02205 (11.34%) | loss: 3.596476 | lrm: 1.00 | dt: 2127.54ms | tok/sec: 246,429 | bf16_mfu: 60.00 | epoch: 1 pq: 2 rg: 63 | total time: 8.49m | eta: 69.1m
step 00251/02205 (11.38%) | loss: 3.589000 | lrm: 1.00 | dt: 2128.89ms | tok/sec: 246,273 | bf16_mfu: 59.97 | epoch: 1 pq: 2 rg: 64 | total time: 8.52m | eta: 69.1m
step 00252/02205 (11.43%) | loss: 3.587231 | lrm: 1.00 | dt: 2124.43ms | tok/sec: 246,789 | bf16_mfu: 60.09 | epoch: 1 pq: 2 rg: 65 | total time: 8.56m | eta: 69.1m
step 00253/02205 (11.47%) | loss: 3.587074 | lrm: 1.00 | dt: 2121.76ms | tok/sec: 247,100 | bf16_mfu: 60.17 | epoch: 1 pq: 2 rg: 66 | total time: 8.59m | eta: 69.0m
step 00254/02205 (11.52%) | loss: 3.585555 | lrm: 1.00 | dt: 2127.94ms | tok/sec: 246,383 | bf16_mfu: 59.99 | epoch: 1 pq: 2 rg: 67 | total time: 8.63m | eta: 69.0m
step 00255/02205 (11.56%) | loss: 3.587105 | lrm: 1.00 | dt: 2125.13ms | tok/sec: 246,708 | bf16_mfu: 60.07 | epoch: 1 pq: 2 rg: 68 | total time: 8.67m | eta: 69.0m
step 00256/02205 (11.61%) | loss: 3.581991 | lrm: 1.00 | dt: 2130.19ms | tok/sec: 246,122 | bf16_mfu: 59.93 | epoch: 1 pq: 2 rg: 69 | total time: 8.70m | eta: 68.9m
step 00257/02205 (11.66%) | loss: 3.583804 | lrm: 1.00 | dt: 2128.10ms | tok/sec: 246,363 | bf16_mfu: 59.99 | epoch: 1 pq: 2 rg: 70 | total time: 8.74m | eta: 68.9m
step 00258/02205 (11.70%) | loss: 3.568668 | lrm: 1.00 | dt: 2127.55ms | tok/sec: 246,428 | bf16_mfu: 60.00 | epoch: 1 pq: 2 rg: 71 | total time: 8.77m | eta: 68.9m
step 00259/02205 (11.75%) | loss: 3.573066 | lrm: 1.00 | dt: 2125.73ms | tok/sec: 246,638 | bf16_mfu: 60.05 | epoch: 1 pq: 2 rg: 72 | total time: 8.81m | eta: 68.8m
step 00260/02205 (11.79%) | loss: 3.565817 | lrm: 1.00 | dt: 2130.43ms | tok/sec: 246,094 | bf16_mfu: 59.92 | epoch: 1 pq: 2 rg: 72 | total time: 8.84m | eta: 68.8m
step 00261/02205 (11.84%) | loss: 3.559418 | lrm: 1.00 | dt: 2125.01ms | tok/sec: 246,723 | bf16_mfu: 60.08 | epoch: 1 pq: 2 rg: 73 | total time: 8.88m | eta: 68.8m
step 00262/02205 (11.88%) | loss: 3.551100 | lrm: 1.00 | dt: 2128.11ms | tok/sec: 246,363 | bf16_mfu: 59.99 | epoch: 1 pq: 2 rg: 74 | total time: 8.91m | eta: 68.7m
step 00263/02205 (11.93%) | loss: 3.553809 | lrm: 1.00 | dt: 2123.81ms | tok/sec: 246,861 | bf16_mfu: 60.11 | epoch: 1 pq: 2 rg: 75 | total time: 8.95m | eta: 68.7m
step 00264/02205 (11.97%) | loss: 3.556035 | lrm: 1.00 | dt: 2129.44ms | tok/sec: 246,209 | bf16_mfu: 59.95 | epoch: 1 pq: 2 rg: 76 | total time: 8.98m | eta: 68.7m
step 00265/02205 (12.02%) | loss: 3.553830 | lrm: 1.00 | dt: 2128.77ms | tok/sec: 246,286 | bf16_mfu: 59.97 | epoch: 1 pq: 2 rg: 77 | total time: 9.02m | eta: 68.6m
step 00266/02205 (12.06%) | loss: 3.549304 | lrm: 1.00 | dt: 2128.04ms | tok/sec: 246,370 | bf16_mfu: 59.99 | epoch: 1 pq: 2 rg: 78 | total time: 9.06m | eta: 68.6m
step 00267/02205 (12.11%) | loss: 3.555652 | lrm: 1.00 | dt: 2129.13ms | tok/sec: 246,244 | bf16_mfu: 59.96 | epoch: 1 pq: 2 rg: 79 | total time: 9.09m | eta: 68.6m
step 00268/02205 (12.15%) | loss: 3.553087 | lrm: 1.00 | dt: 2127.77ms | tok/sec: 246,403 | bf16_mfu: 60.00 | epoch: 1 pq: 2 rg: 80 | total time: 9.13m | eta: 68.5m
step 00269/02205 (12.20%) | loss: 3.549127 | lrm: 1.00 | dt: 2126.65ms | tok/sec: 246,531 | bf16_mfu: 60.03 | epoch: 1 pq: 2 rg: 81 | total time: 9.16m | eta: 68.5m
step 00270/02205 (12.24%) | loss: 3.545972 | lrm: 1.00 | dt: 2127.76ms | tok/sec: 246,404 | bf16_mfu: 60.00 | epoch: 1 pq: 2 rg: 82 | total time: 9.20m | eta: 68.5m
step 00271/02205 (12.29%) | loss: 3.546630 | lrm: 1.00 | dt: 2127.87ms | tok/sec: 246,390 | bf16_mfu: 59.99 | epoch: 1 pq: 3 rg: 0 | total time: 9.23m | eta: 68.4m
step 00272/02205 (12.34%) | loss: 3.547913 | lrm: 1.00 | dt: 2129.48ms | tok/sec: 246,205 | bf16_mfu: 59.95 | epoch: 1 pq: 3 rg: 0 | total time: 9.27m | eta: 68.4m
step 00273/02205 (12.38%) | loss: 3.550105 | lrm: 1.00 | dt: 2127.54ms | tok/sec: 246,429 | bf16_mfu: 60.00 | epoch: 1 pq: 3 rg: 1 | total time: 9.30m | eta: 68.3m
step 00274/02205 (12.43%) | loss: 3.544855 | lrm: 1.00 | dt: 2129.38ms | tok/sec: 246,216 | bf16_mfu: 59.95 | epoch: 1 pq: 3 rg: 2 | total time: 9.34m | eta: 68.3m
step 00275/02205 (12.47%) | loss: 3.542536 | lrm: 1.00 | dt: 2127.04ms | tok/sec: 246,487 | bf16_mfu: 60.02 | epoch: 1 pq: 3 rg: 3 | total time: 9.37m | eta: 68.3m
step 00276/02205 (12.52%) | loss: 3.549140 | lrm: 1.00 | dt: 2130.21ms | tok/sec: 246,120 | bf16_mfu: 59.93 | epoch: 1 pq: 3 rg: 4 | total time: 9.41m | eta: 68.2m
step 00277/02205 (12.56%) | loss: 3.549329 | lrm: 1.00 | dt: 2130.25ms | tok/sec: 246,115 | bf16_mfu: 59.93 | epoch: 1 pq: 3 rg: 5 | total time: 9.45m | eta: 68.2m
step 00278/02205 (12.61%) | loss: 3.540326 | lrm: 1.00 | dt: 2128.15ms | tok/sec: 246,358 | bf16_mfu: 59.99 | epoch: 1 pq: 3 rg: 6 | total time: 9.48m | eta: 68.2m
step 00279/02205 (12.65%) | loss: 3.537902 | lrm: 1.00 | dt: 2130.24ms | tok/sec: 246,116 | bf16_mfu: 59.93 | epoch: 1 pq: 3 rg: 7 | total time: 9.52m | eta: 68.1m
step 00280/02205 (12.70%) | loss: 3.527432 | lrm: 1.00 | dt: 2130.69ms | tok/sec: 246,064 | bf16_mfu: 59.91 | epoch: 1 pq: 3 rg: 8 | total time: 9.55m | eta: 68.1m
step 00281/02205 (12.74%) | loss: 3.534027 | lrm: 1.00 | dt: 2125.58ms | tok/sec: 246,656 | bf16_mfu: 60.06 | epoch: 1 pq: 3 rg: 9 | total time: 9.59m | eta: 68.1m
step 00282/02205 (12.79%) | loss: 3.536301 | lrm: 1.00 | dt: 2127.69ms | tok/sec: 246,411 | bf16_mfu: 60.00 | epoch: 1 pq: 3 rg: 10 | total time: 9.62m | eta: 68.0m
step 00283/02205 (12.83%) | loss: 3.539548 | lrm: 1.00 | dt: 2126.24ms | tok/sec: 246,579 | bf16_mfu: 60.04 | epoch: 1 pq: 3 rg: 10 | total time: 9.66m | eta: 68.0m
step 00284/02205 (12.88%) | loss: 3.545701 | lrm: 1.00 | dt: 2130.50ms | tok/sec: 246,086 | bf16_mfu: 59.92 | epoch: 1 pq: 3 rg: 11 | total time: 9.69m | eta: 68.0m
step 00285/02205 (12.93%) | loss: 3.539816 | lrm: 1.00 | dt: 2124.81ms | tok/sec: 246,745 | bf16_mfu: 60.08 | epoch: 1 pq: 3 rg: 12 | total time: 9.73m | eta: 67.9m
step 00286/02205 (12.97%) | loss: 3.539578 | lrm: 1.00 | dt: 2127.70ms | tok/sec: 246,410 | bf16_mfu: 60.00 | epoch: 1 pq: 3 rg: 13 | total time: 9.77m | eta: 67.9m
step 00287/02205 (13.02%) | loss: 3.531903 | lrm: 1.00 | dt: 2124.89ms | tok/sec: 246,736 | bf16_mfu: 60.08 | epoch: 1 pq: 3 rg: 14 | total time: 9.80m | eta: 67.9m
step 00288/02205 (13.06%) | loss: 3.527830 | lrm: 1.00 | dt: 2131.67ms | tok/sec: 245,952 | bf16_mfu: 59.89 | epoch: 1 pq: 3 rg: 15 | total time: 9.84m | eta: 67.8m
step 00289/02205 (13.11%) | loss: 3.522942 | lrm: 1.00 | dt: 2128.06ms | tok/sec: 246,368 | bf16_mfu: 59.99 | epoch: 1 pq: 3 rg: 16 | total time: 9.87m | eta: 67.8m
step 00290/02205 (13.15%) | loss: 3.513663 | lrm: 1.00 | dt: 2132.84ms | tok/sec: 245,817 | bf16_mfu: 59.85 | epoch: 1 pq: 3 rg: 17 | total time: 9.91m | eta: 67.8m
step 00291/02205 (13.20%) | loss: 3.504544 | lrm: 1.00 | dt: 2125.53ms | tok/sec: 246,662 | bf16_mfu: 60.06 | epoch: 1 pq: 3 rg: 18 | total time: 9.94m | eta: 67.7m
step 00292/02205 (13.24%) | loss: 3.507766 | lrm: 1.00 | dt: 2125.24ms | tok/sec: 246,696 | bf16_mfu: 60.07 | epoch: 1 pq: 3 rg: 19 | total time: 9.98m | eta: 67.7m
step 00293/02205 (13.29%) | loss: 3.507508 | lrm: 1.00 | dt: 2123.38ms | tok/sec: 246,911 | bf16_mfu: 60.12 | epoch: 1 pq: 3 rg: 20 | total time: 10.01m | eta: 67.7m
step 00294/02205 (13.33%) | loss: 3.497609 | lrm: 1.00 | dt: 2126.75ms | tok/sec: 246,520 | bf16_mfu: 60.03 | epoch: 1 pq: 3 rg: 21 | total time: 10.05m | eta: 67.6m
step 00295/02205 (13.38%) | loss: 3.491548 | lrm: 1.00 | dt: 2127.11ms | tok/sec: 246,479 | bf16_mfu: 60.02 | epoch: 1 pq: 3 rg: 22 | total time: 10.08m | eta: 67.6m
step 00296/02205 (13.42%) | loss: 3.494003 | lrm: 1.00 | dt: 2128.70ms | tok/sec: 246,294 | bf16_mfu: 59.97 | epoch: 1 pq: 3 rg: 23 | total time: 10.12m | eta: 67.5m
step 00297/02205 (13.47%) | loss: 3.485821 | lrm: 1.00 | dt: 2128.45ms | tok/sec: 246,323 | bf16_mfu: 59.98 | epoch: 1 pq: 3 rg: 23 | total time: 10.16m | eta: 67.5m
step 00298/02205 (13.51%) | loss: 3.486775 | lrm: 1.00 | dt: 2128.62ms | tok/sec: 246,303 | bf16_mfu: 59.97 | epoch: 1 pq: 3 rg: 24 | total time: 10.19m | eta: 67.5m
step 00299/02205 (13.56%) | loss: 3.480094 | lrm: 1.00 | dt: 2128.07ms | tok/sec: 246,367 | bf16_mfu: 59.99 | epoch: 1 pq: 3 rg: 25 | total time: 10.23m | eta: 67.4m
step 00300/02205 (13.61%) | loss: 3.494793 | lrm: 1.00 | dt: 2129.85ms | tok/sec: 246,161 | bf16_mfu: 59.94 | epoch: 1 pq: 3 rg: 26 | total time: 10.26m | eta: 67.4m
step 00301/02205 (13.65%) | loss: 3.491197 | lrm: 1.00 | dt: 2123.88ms | tok/sec: 246,854 | bf16_mfu: 60.11 | epoch: 1 pq: 3 rg: 27 | total time: 10.30m | eta: 67.4m
step 00302/02205 (13.70%) | loss: 3.487385 | lrm: 1.00 | dt: 2132.06ms | tok/sec: 245,906 | bf16_mfu: 59.88 | epoch: 1 pq: 3 rg: 28 | total time: 10.33m | eta: 67.3m
step 00303/02205 (13.74%) | loss: 3.478212 | lrm: 1.00 | dt: 2125.40ms | tok/sec: 246,677 | bf16_mfu: 60.06 | epoch: 1 pq: 3 rg: 29 | total time: 10.37m | eta: 67.3m
step 00304/02205 (13.79%) | loss: 3.471636 | lrm: 1.00 | dt: 2126.78ms | tok/sec: 246,517 | bf16_mfu: 60.03 | epoch: 1 pq: 3 rg: 30 | total time: 10.40m | eta: 67.3m
step 00305/02205 (13.83%) | loss: 3.462306 | lrm: 1.00 | dt: 2128.04ms | tok/sec: 246,371 | bf16_mfu: 59.99 | epoch: 1 pq: 3 rg: 31 | total time: 10.44m | eta: 67.2m
step 00306/02205 (13.88%) | loss: 3.468007 | lrm: 1.00 | dt: 2129.44ms | tok/sec: 246,209 | bf16_mfu: 59.95 | epoch: 1 pq: 3 rg: 32 | total time: 10.47m | eta: 67.2m
step 00307/02205 (13.92%) | loss: 3.462315 | lrm: 1.00 | dt: 2131.17ms | tok/sec: 246,009 | bf16_mfu: 59.90 | epoch: 1 pq: 3 rg: 33 | total time: 10.51m | eta: 67.2m
step 00308/02205 (13.97%) | loss: 3.472660 | lrm: 1.00 | dt: 2130.34ms | tok/sec: 246,104 | bf16_mfu: 59.92 | epoch: 1 pq: 3 rg: 34 | total time: 10.55m | eta: 67.1m
step 00309/02205 (14.01%) | loss: 3.472305 | lrm: 1.00 | dt: 2130.30ms | tok/sec: 246,110 | bf16_mfu: 59.93 | epoch: 1 pq: 3 rg: 35 | total time: 10.58m | eta: 67.1m
step 00310/02205 (14.06%) | loss: 3.473050 | lrm: 1.00 | dt: 2130.36ms | tok/sec: 246,102 | bf16_mfu: 59.92 | epoch: 1 pq: 3 rg: 35 | total time: 10.62m | eta: 67.1m
step 00311/02205 (14.10%) | loss: 3.475623 | lrm: 1.00 | dt: 2130.64ms | tok/sec: 246,070 | bf16_mfu: 59.92 | epoch: 1 pq: 3 rg: 36 | total time: 10.65m | eta: 67.0m
step 00312/02205 (14.15%) | loss: 3.478944 | lrm: 1.00 | dt: 2125.88ms | tok/sec: 246,621 | bf16_mfu: 60.05 | epoch: 1 pq: 3 rg: 37 | total time: 10.69m | eta: 67.0m
step 00313/02205 (14.20%) | loss: 3.481353 | lrm: 1.00 | dt: 2128.04ms | tok/sec: 246,370 | bf16_mfu: 59.99 | epoch: 1 pq: 3 rg: 38 | total time: 10.72m | eta: 67.0m
step 00314/02205 (14.24%) | loss: 3.476590 | lrm: 1.00 | dt: 2126.91ms | tok/sec: 246,502 | bf16_mfu: 60.02 | epoch: 1 pq: 3 rg: 39 | total time: 10.76m | eta: 66.9m
step 00315/02205 (14.29%) | loss: 3.481259 | lrm: 1.00 | dt: 2128.86ms | tok/sec: 246,276 | bf16_mfu: 59.97 | epoch: 1 pq: 3 rg: 40 | total time: 10.79m | eta: 66.9m
step 00316/02205 (14.33%) | loss: 3.471926 | lrm: 1.00 | dt: 2125.31ms | tok/sec: 246,688 | bf16_mfu: 60.07 | epoch: 1 pq: 3 rg: 41 | total time: 10.83m | eta: 66.9m
step 00317/02205 (14.38%) | loss: 3.472608 | lrm: 1.00 | dt: 2128.64ms | tok/sec: 246,301 | bf16_mfu: 59.97 | epoch: 1 pq: 3 rg: 42 | total time: 10.86m | eta: 66.8m
step 00318/02205 (14.42%) | loss: 3.472195 | lrm: 1.00 | dt: 2124.42ms | tok/sec: 246,790 | bf16_mfu: 60.09 | epoch: 1 pq: 3 rg: 43 | total time: 10.90m | eta: 66.8m
step 00319/02205 (14.47%) | loss: 3.468797 | lrm: 1.00 | dt: 2130.06ms | tok/sec: 246,137 | bf16_mfu: 59.93 | epoch: 1 pq: 3 rg: 44 | total time: 10.94m | eta: 66.7m
step 00320/02205 (14.51%) | loss: 3.470645 | lrm: 1.00 | dt: 2127.92ms | tok/sec: 246,384 | bf16_mfu: 59.99 | epoch: 1 pq: 3 rg: 45 | total time: 10.97m | eta: 66.7m
step 00321/02205 (14.56%) | loss: 3.467601 | lrm: 1.00 | dt: 2128.76ms | tok/sec: 246,287 | bf16_mfu: 59.97 | epoch: 1 pq: 3 rg: 46 | total time: 11.01m | eta: 66.7m
step 00322/02205 (14.60%) | loss: 3.465410 | lrm: 1.00 | dt: 2128.50ms | tok/sec: 246,318 | bf16_mfu: 59.98 | epoch: 1 pq: 3 rg: 47 | total time: 11.04m | eta: 66.6m
step 00323/02205 (14.65%) | loss: 3.470112 | lrm: 1.00 | dt: 2133.78ms | tok/sec: 245,708 | bf16_mfu: 59.83 | epoch: 1 pq: 3 rg: 48 | total time: 11.08m | eta: 66.6m
step 00324/02205 (14.69%) | loss: 3.467878 | lrm: 1.00 | dt: 2127.70ms | tok/sec: 246,410 | bf16_mfu: 60.00 | epoch: 1 pq: 3 rg: 48 | total time: 11.11m | eta: 66.6m
step 00325/02205 (14.74%) | loss: 3.464700 | lrm: 1.00 | dt: 2132.97ms | tok/sec: 245,802 | bf16_mfu: 59.85 | epoch: 1 pq: 3 rg: 49 | total time: 11.15m | eta: 66.5m
step 00326/02205 (14.78%) | loss: 3.462041 | lrm: 1.00 | dt: 2133.48ms | tok/sec: 245,743 | bf16_mfu: 59.84 | epoch: 1 pq: 3 rg: 50 | total time: 11.18m | eta: 66.5m
step 00327/02205 (14.83%) | loss: 3.456388 | lrm: 1.00 | dt: 2128.65ms | tok/sec: 246,301 | bf16_mfu: 59.97 | epoch: 1 pq: 3 rg: 51 | total time: 11.22m | eta: 66.5m
step 00328/02205 (14.88%) | loss: 3.459073 | lrm: 1.00 | dt: 2130.22ms | tok/sec: 246,118 | bf16_mfu: 59.93 | epoch: 1 pq: 3 rg: 52 | total time: 11.26m | eta: 66.4m
step 00329/02205 (14.92%) | loss: 3.453566 | lrm: 1.00 | dt: 2127.17ms | tok/sec: 246,471 | bf16_mfu: 60.01 | epoch: 1 pq: 3 rg: 53 | total time: 11.29m | eta: 66.4m
step 00330/02205 (14.97%) | loss: 3.454143 | lrm: 1.00 | dt: 2132.03ms | tok/sec: 245,909 | bf16_mfu: 59.88 | epoch: 1 pq: 3 rg: 54 | total time: 11.33m | eta: 66.4m
step 00331/02205 (15.01%) | loss: 3.447724 | lrm: 1.00 | dt: 2129.33ms | tok/sec: 246,221 | bf16_mfu: 59.95 | epoch: 1 pq: 3 rg: 55 | total time: 11.36m | eta: 66.3m
step 00332/02205 (15.06%) | loss: 3.444496 | lrm: 1.00 | dt: 2132.90ms | tok/sec: 245,810 | bf16_mfu: 59.85 | epoch: 1 pq: 3 rg: 56 | total time: 11.40m | eta: 66.3m
step 00333/02205 (15.10%) | loss: 3.449286 | lrm: 1.00 | dt: 2129.00ms | tok/sec: 246,259 | bf16_mfu: 59.96 | epoch: 1 pq: 3 rg: 57 | total time: 11.43m | eta: 66.3m
step 00334/02205 (15.15%) | loss: 3.456809 | lrm: 1.00 | dt: 2131.69ms | tok/sec: 245,949 | bf16_mfu: 59.89 | epoch: 1 pq: 3 rg: 57 | total time: 11.47m | eta: 66.2m
step 00335/02205 (15.19%) | loss: 3.460364 | lrm: 1.00 | dt: 2126.69ms | tok/sec: 246,527 | bf16_mfu: 60.03 | epoch: 1 pq: 3 rg: 58 | total time: 11.50m | eta: 66.2m
step 00336/02205 (15.24%) | loss: 3.457577 | lrm: 1.00 | dt: 2126.56ms | tok/sec: 246,543 | bf16_mfu: 60.03 | epoch: 1 pq: 3 rg: 59 | total time: 11.54m | eta: 66.2m
step 00337/02205 (15.28%) | loss: 3.461452 | lrm: 1.00 | dt: 2127.20ms | tok/sec: 246,468 | bf16_mfu: 60.01 | epoch: 1 pq: 3 rg: 60 | total time: 11.57m | eta: 66.1m
step 00338/02205 (15.33%) | loss: 3.453743 | lrm: 1.00 | dt: 2124.38ms | tok/sec: 246,796 | bf16_mfu: 60.09 | epoch: 1 pq: 3 rg: 61 | total time: 11.61m | eta: 66.1m
step 00339/02205 (15.37%) | loss: 3.454134 | lrm: 1.00 | dt: 2126.47ms | tok/sec: 246,552 | bf16_mfu: 60.03 | epoch: 1 pq: 3 rg: 62 | total time: 11.65m | eta: 66.0m
step 00340/02205 (15.42%) | loss: 3.451088 | lrm: 1.00 | dt: 2126.68ms | tok/sec: 246,528 | bf16_mfu: 60.03 | epoch: 1 pq: 3 rg: 63 | total time: 11.68m | eta: 66.0m
step 00341/02205 (15.46%) | loss: 3.455291 | lrm: 1.00 | dt: 2130.31ms | tok/sec: 246,108 | bf16_mfu: 59.93 | epoch: 1 pq: 3 rg: 64 | total time: 11.72m | eta: 66.0m
step 00342/02205 (15.51%) | loss: 3.448943 | lrm: 1.00 | dt: 2131.13ms | tok/sec: 246,013 | bf16_mfu: 59.90 | epoch: 1 pq: 3 rg: 65 | total time: 11.75m | eta: 65.9m
step 00343/02205 (15.56%) | loss: 3.451345 | lrm: 1.00 | dt: 2128.95ms | tok/sec: 246,266 | bf16_mfu: 59.96 | epoch: 1 pq: 3 rg: 66 | total time: 11.79m | eta: 65.9m
step 00344/02205 (15.60%) | loss: 3.450205 | lrm: 1.00 | dt: 2128.58ms | tok/sec: 246,308 | bf16_mfu: 59.97 | epoch: 1 pq: 3 rg: 67 | total time: 11.82m | eta: 65.9m
step 00345/02205 (15.65%) | loss: 3.447727 | lrm: 1.00 | dt: 2131.02ms | tok/sec: 246,027 | bf16_mfu: 59.91 | epoch: 1 pq: 3 rg: 68 | total time: 11.86m | eta: 65.8m
step 00346/02205 (15.69%) | loss: 3.446212 | lrm: 1.00 | dt: 2131.42ms | tok/sec: 245,980 | bf16_mfu: 59.89 | epoch: 1 pq: 3 rg: 68 | total time: 11.89m | eta: 65.8m
step 00347/02205 (15.74%) | loss: 3.447246 | lrm: 1.00 | dt: 2126.31ms | tok/sec: 246,572 | bf16_mfu: 60.04 | epoch: 1 pq: 3 rg: 69 | total time: 11.93m | eta: 65.8m
step 00348/02205 (15.78%) | loss: 3.453968 | lrm: 1.00 | dt: 2127.22ms | tok/sec: 246,465 | bf16_mfu: 60.01 | epoch: 1 pq: 3 rg: 70 | total time: 11.96m | eta: 65.7m
step 00349/02205 (15.83%) | loss: 3.453857 | lrm: 1.00 | dt: 2127.42ms | tok/sec: 246,442 | bf16_mfu: 60.01 | epoch: 1 pq: 3 rg: 71 | total time: 12.00m | eta: 65.7m
step 00350/02205 (15.87%) | loss: 3.448535 | lrm: 1.00 | dt: 2129.52ms | tok/sec: 246,199 | bf16_mfu: 59.95 | epoch: 1 pq: 3 rg: 72 | total time: 12.04m | eta: 65.7m
step 00351/02205 (15.92%) | loss: 3.445240 | lrm: 1.00 | dt: 2125.86ms | tok/sec: 246,623 | bf16_mfu: 60.05 | epoch: 1 pq: 3 rg: 73 | total time: 12.07m | eta: 65.6m
step 00352/02205 (15.96%) | loss: 3.447529 | lrm: 1.00 | dt: 2126.57ms | tok/sec: 246,541 | bf16_mfu: 60.03 | epoch: 1 pq: 3 rg: 74 | total time: 12.11m | eta: 65.6m
step 00353/02205 (16.01%) | loss: 3.451685 | lrm: 1.00 | dt: 2129.81ms | tok/sec: 246,166 | bf16_mfu: 59.94 | epoch: 1 pq: 3 rg: 75 | total time: 12.14m | eta: 65.6m
step 00354/02205 (16.05%) | loss: 3.456668 | lrm: 1.00 | dt: 2125.40ms | tok/sec: 246,677 | bf16_mfu: 60.06 | epoch: 1 pq: 3 rg: 76 | total time: 12.18m | eta: 65.5m
step 00355/02205 (16.10%) | loss: 3.446627 | lrm: 1.00 | dt: 2129.67ms | tok/sec: 246,182 | bf16_mfu: 59.94 | epoch: 1 pq: 3 rg: 77 | total time: 12.21m | eta: 65.5m
step 00356/02205 (16.15%) | loss: 3.453634 | lrm: 1.00 | dt: 2126.06ms | tok/sec: 246,600 | bf16_mfu: 60.05 | epoch: 1 pq: 3 rg: 78 | total time: 12.25m | eta: 65.5m
step 00357/02205 (16.19%) | loss: 3.448480 | lrm: 1.00 | dt: 2131.07ms | tok/sec: 246,021 | bf16_mfu: 59.90 | epoch: 1 pq: 3 rg: 79 | total time: 12.28m | eta: 65.4m
step 00358/02205 (16.24%) | loss: 3.449049 | lrm: 1.00 | dt: 2128.63ms | tok/sec: 246,303 | bf16_mfu: 59.97 | epoch: 1 pq: 3 rg: 80 | total time: 12.32m | eta: 65.4m
step 00359/02205 (16.28%) | loss: 3.446189 | lrm: 1.00 | dt: 2128.62ms | tok/sec: 246,304 | bf16_mfu: 59.97 | epoch: 1 pq: 3 rg: 81 | total time: 12.35m | eta: 65.3m
step 00360/02205 (16.33%) | loss: 3.448495 | lrm: 1.00 | dt: 2125.28ms | tok/sec: 246,691 | bf16_mfu: 60.07 | epoch: 1 pq: 3 rg: 81 | total time: 12.39m | eta: 65.3m
step 00361/02205 (16.37%) | loss: 3.454024 | lrm: 1.00 | dt: 2131.15ms | tok/sec: 246,011 | bf16_mfu: 59.90 | epoch: 1 pq: 4 rg: 0 | total time: 12.43m | eta: 65.3m
step 00362/02205 (16.42%) | loss: 3.447477 | lrm: 1.00 | dt: 2127.30ms | tok/sec: 246,456 | bf16_mfu: 60.01 | epoch: 1 pq: 4 rg: 1 | total time: 12.46m | eta: 65.2m
step 00363/02205 (16.46%) | loss: 3.446021 | lrm: 1.00 | dt: 2128.81ms | tok/sec: 246,282 | bf16_mfu: 59.97 | epoch: 1 pq: 4 rg: 2 | total time: 12.50m | eta: 65.2m
step 00364/02205 (16.51%) | loss: 3.438534 | lrm: 1.00 | dt: 2125.72ms | tok/sec: 246,640 | bf16_mfu: 60.06 | epoch: 1 pq: 4 rg: 3 | total time: 12.53m | eta: 65.2m
step 00365/02205 (16.55%) | loss: 3.430630 | lrm: 1.00 | dt: 2129.96ms | tok/sec: 246,149 | bf16_mfu: 59.94 | epoch: 1 pq: 4 rg: 4 | total time: 12.57m | eta: 65.1m
step 00366/02205 (16.60%) | loss: 3.423626 | lrm: 1.00 | dt: 2126.76ms | tok/sec: 246,519 | bf16_mfu: 60.03 | epoch: 1 pq: 4 rg: 5 | total time: 12.60m | eta: 65.1m
step 00367/02205 (16.64%) | loss: 3.421645 | lrm: 1.00 | dt: 2127.57ms | tok/sec: 246,425 | bf16_mfu: 60.00 | epoch: 1 pq: 4 rg: 6 | total time: 12.64m | eta: 65.1m
step 00368/02205 (16.69%) | loss: 3.420910 | lrm: 1.00 | dt: 2130.35ms | tok/sec: 246,104 | bf16_mfu: 59.92 | epoch: 1 pq: 4 rg: 7 | total time: 12.67m | eta: 65.0m
step 00369/02205 (16.73%) | loss: 3.426754 | lrm: 1.00 | dt: 2129.35ms | tok/sec: 246,219 | bf16_mfu: 59.95 | epoch: 1 pq: 4 rg: 8 | total time: 12.71m | eta: 65.0m
step 00370/02205 (16.78%) | loss: 3.430826 | lrm: 1.00 | dt: 2127.43ms | tok/sec: 246,442 | bf16_mfu: 60.01 | epoch: 1 pq: 4 rg: 9 | total time: 12.74m | eta: 65.0m
step 00371/02205 (16.83%) | loss: 3.430569 | lrm: 1.00 | dt: 2130.56ms | tok/sec: 246,079 | bf16_mfu: 59.92 | epoch: 1 pq: 4 rg: 9 | total time: 12.78m | eta: 64.9m
step 00372/02205 (16.87%) | loss: 3.425456 | lrm: 1.00 | dt: 2131.84ms | tok/sec: 245,932 | bf16_mfu: 59.88 | epoch: 1 pq: 4 rg: 10 | total time: 12.82m | eta: 64.9m
step 00373/02205 (16.92%) | loss: 3.411582 | lrm: 1.00 | dt: 2128.53ms | tok/sec: 246,315 | bf16_mfu: 59.98 | epoch: 1 pq: 4 rg: 11 | total time: 12.85m | eta: 64.9m
step 00374/02205 (16.96%) | loss: 3.411559 | lrm: 1.00 | dt: 2127.00ms | tok/sec: 246,491 | bf16_mfu: 60.02 | epoch: 1 pq: 4 rg: 12 | total time: 12.89m | eta: 64.8m
step 00375/02205 (17.01%) | loss: 3.403499 | lrm: 1.00 | dt: 2126.04ms | tok/sec: 246,603 | bf16_mfu: 60.05 | epoch: 1 pq: 4 rg: 13 | total time: 12.92m | eta: 64.8m
step 00376/02205 (17.05%) | loss: 3.406685 | lrm: 1.00 | dt: 2131.09ms | tok/sec: 246,019 | bf16_mfu: 59.90 | epoch: 1 pq: 4 rg: 14 | total time: 12.96m | eta: 64.8m
step 00377/02205 (17.10%) | loss: 3.408278 | lrm: 1.00 | dt: 2130.41ms | tok/sec: 246,097 | bf16_mfu: 59.92 | epoch: 1 pq: 4 rg: 15 | total time: 12.99m | eta: 64.7m
step 00378/02205 (17.14%) | loss: 3.408956 | lrm: 1.00 | dt: 2131.56ms | tok/sec: 245,964 | bf16_mfu: 59.89 | epoch: 1 pq: 4 rg: 16 | total time: 13.03m | eta: 64.7m
step 00379/02205 (17.19%) | loss: 3.406928 | lrm: 1.00 | dt: 2127.61ms | tok/sec: 246,421 | bf16_mfu: 60.00 | epoch: 1 pq: 4 rg: 17 | total time: 13.06m | eta: 64.6m
step 00380/02205 (17.23%) | loss: 3.410216 | lrm: 1.00 | dt: 2129.46ms | tok/sec: 246,207 | bf16_mfu: 59.95 | epoch: 1 pq: 4 rg: 18 | total time: 13.10m | eta: 64.6m
step 00381/02205 (17.28%) | loss: 3.412333 | lrm: 1.00 | dt: 2130.18ms | tok/sec: 246,124 | bf16_mfu: 59.93 | epoch: 1 pq: 4 rg: 19 | total time: 13.14m | eta: 64.6m
step 00382/02205 (17.32%) | loss: 3.407842 | lrm: 1.00 | dt: 2127.82ms | tok/sec: 246,396 | bf16_mfu: 60.00 | epoch: 1 pq: 4 rg: 19 | total time: 13.17m | eta: 64.5m
step 00383/02205 (17.37%) | loss: 3.414700 | lrm: 1.00 | dt: 2127.82ms | tok/sec: 246,397 | bf16_mfu: 60.00 | epoch: 1 pq: 4 rg: 20 | total time: 13.21m | eta: 64.5m
step 00384/02205 (17.41%) | loss: 3.414769 | lrm: 1.00 | dt: 2126.60ms | tok/sec: 246,537 | bf16_mfu: 60.03 | epoch: 1 pq: 4 rg: 21 | total time: 13.24m | eta: 64.5m
step 00385/02205 (17.46%) | loss: 3.410324 | lrm: 1.00 | dt: 2126.42ms | tok/sec: 246,559 | bf16_mfu: 60.04 | epoch: 1 pq: 4 rg: 22 | total time: 13.28m | eta: 64.4m
step 00386/02205 (17.51%) | loss: 3.410628 | lrm: 1.00 | dt: 2129.01ms | tok/sec: 246,259 | bf16_mfu: 59.96 | epoch: 1 pq: 4 rg: 23 | total time: 13.31m | eta: 64.4m
step 00387/02205 (17.55%) | loss: 3.404799 | lrm: 1.00 | dt: 2130.64ms | tok/sec: 246,070 | bf16_mfu: 59.92 | epoch: 1 pq: 4 rg: 24 | total time: 13.35m | eta: 64.4m
step 00388/02205 (17.60%) | loss: 3.402119 | lrm: 1.00 | dt: 2128.30ms | tok/sec: 246,340 | bf16_mfu: 59.98 | epoch: 1 pq: 4 rg: 25 | total time: 13.38m | eta: 64.3m
step 00389/02205 (17.64%) | loss: 3.404994 | lrm: 1.00 | dt: 2126.61ms | tok/sec: 246,537 | bf16_mfu: 60.03 | epoch: 1 pq: 4 rg: 26 | total time: 13.42m | eta: 64.3m
step 00390/02205 (17.69%) | loss: 3.404046 | lrm: 1.00 | dt: 2124.72ms | tok/sec: 246,756 | bf16_mfu: 60.08 | epoch: 1 pq: 4 rg: 27 | total time: 13.45m | eta: 64.3m
step 00391/02205 (17.73%) | loss: 3.400094 | lrm: 1.00 | dt: 2124.26ms | tok/sec: 246,809 | bf16_mfu: 60.10 | epoch: 1 pq: 4 rg: 28 | total time: 13.49m | eta: 64.2m
step 00392/02205 (17.78%) | loss: 3.398152 | lrm: 1.00 | dt: 2127.55ms | tok/sec: 246,427 | bf16_mfu: 60.00 | epoch: 1 pq: 4 rg: 29 | total time: 13.53m | eta: 64.2m
step 00393/02205 (17.82%) | loss: 3.392694 | lrm: 1.00 | dt: 2125.76ms | tok/sec: 246,635 | bf16_mfu: 60.05 | epoch: 1 pq: 4 rg: 30 | total time: 13.56m | eta: 64.2m
step 00394/02205 (17.87%) | loss: 3.397030 | lrm: 1.00 | dt: 2128.75ms | tok/sec: 246,288 | bf16_mfu: 59.97 | epoch: 1 pq: 4 rg: 31 | total time: 13.60m | eta: 64.1m
step 00395/02205 (17.91%) | loss: 3.396666 | lrm: 1.00 | dt: 2126.38ms | tok/sec: 246,563 | bf16_mfu: 60.04 | epoch: 1 pq: 4 rg: 32 | total time: 13.63m | eta: 64.1m
step 00396/02205 (17.96%) | loss: 3.396803 | lrm: 1.00 | dt: 2128.13ms | tok/sec: 246,361 | bf16_mfu: 59.99 | epoch: 1 pq: 4 rg: 32 | total time: 13.67m | eta: 64.1m
step 00397/02205 (18.00%) | loss: 3.400357 | lrm: 1.00 | dt: 2133.10ms | tok/sec: 245,786 | bf16_mfu: 59.85 | epoch: 1 pq: 4 rg: 33 | total time: 13.70m | eta: 64.0m
step 00398/02205 (18.05%) | loss: 3.389895 | lrm: 1.00 | dt: 2121.18ms | tok/sec: 247,168 | bf16_mfu: 60.18 | epoch: 1 pq: 4 rg: 34 | total time: 13.74m | eta: 64.0m
step 00399/02205 (18.10%) | loss: 3.395353 | lrm: 1.00 | dt: 2132.26ms | tok/sec: 245,884 | bf16_mfu: 59.87 | epoch: 1 pq: 4 rg: 35 | total time: 13.77m | eta: 63.9m
step 00400/02205 (18.14%) | loss: 3.394018 | lrm: 1.00 | dt: 2124.04ms | tok/sec: 246,834 | bf16_mfu: 60.10 | epoch: 1 pq: 4 rg: 36 | total time: 13.81m | eta: 63.9m
step 00401/02205 (18.19%) | loss: 3.386123 | lrm: 1.00 | dt: 2130.65ms | tok/sec: 246,069 | bf16_mfu: 59.92 | epoch: 1 pq: 4 rg: 37 | total time: 13.84m | eta: 63.9m
step 00402/02205 (18.23%) | loss: 3.391271 | lrm: 1.00 | dt: 2131.63ms | tok/sec: 245,956 | bf16_mfu: 59.89 | epoch: 1 pq: 4 rg: 38 | total time: 13.88m | eta: 63.8m
step 00403/02205 (18.28%) | loss: 3.389830 | lrm: 1.00 | dt: 2124.32ms | tok/sec: 246,802 | bf16_mfu: 60.09 | epoch: 1 pq: 4 rg: 39 | total time: 13.92m | eta: 63.8m
step 00404/02205 (18.32%) | loss: 3.386082 | lrm: 1.00 | dt: 2128.82ms | tok/sec: 246,280 | bf16_mfu: 59.97 | epoch: 1 pq: 4 rg: 40 | total time: 13.95m | eta: 63.8m
step 00405/02205 (18.37%) | loss: 3.390617 | lrm: 1.00 | dt: 2127.83ms | tok/sec: 246,395 | bf16_mfu: 60.00 | epoch: 1 pq: 4 rg: 41 | total time: 13.99m | eta: 63.7m
step 00406/02205 (18.41%) | loss: 3.396649 | lrm: 1.00 | dt: 2130.15ms | tok/sec: 246,127 | bf16_mfu: 59.93 | epoch: 1 pq: 4 rg: 42 | total time: 14.02m | eta: 63.7m
step 00407/02205 (18.46%) | loss: 3.398242 | lrm: 1.00 | dt: 2128.11ms | tok/sec: 246,363 | bf16_mfu: 59.99 | epoch: 1 pq: 4 rg: 43 | total time: 14.06m | eta: 63.7m
step 00408/02205 (18.50%) | loss: 3.394559 | lrm: 1.00 | dt: 2132.15ms | tok/sec: 245,896 | bf16_mfu: 59.87 | epoch: 1 pq: 4 rg: 44 | total time: 14.09m | eta: 63.6m
step 00409/02205 (18.55%) | loss: 3.390327 | lrm: 1.00 | dt: 2129.42ms | tok/sec: 246,212 | bf16_mfu: 59.95 | epoch: 1 pq: 4 rg: 45 | total time: 14.13m | eta: 63.6m
step 00410/02205 (18.59%) | loss: 3.391571 | lrm: 1.00 | dt: 2127.53ms | tok/sec: 246,429 | bf16_mfu: 60.00 | epoch: 1 pq: 4 rg: 45 | total time: 14.16m | eta: 63.6m
step 00411/02205 (18.64%) | loss: 3.389292 | lrm: 1.00 | dt: 2127.38ms | tok/sec: 246,448 | bf16_mfu: 60.01 | epoch: 1 pq: 4 rg: 46 | total time: 14.20m | eta: 63.5m
step 00412/02205 (18.68%) | loss: 3.404943 | lrm: 1.00 | dt: 2130.59ms | tok/sec: 246,076 | bf16_mfu: 59.92 | epoch: 1 pq: 4 rg: 47 | total time: 14.23m | eta: 63.5m
step 00413/02205 (18.73%) | loss: 3.405191 | lrm: 1.00 | dt: 2129.76ms | tok/sec: 246,172 | bf16_mfu: 59.94 | epoch: 1 pq: 4 rg: 48 | total time: 14.27m | eta: 63.5m
step 00414/02205 (18.78%) | loss: 3.400959 | lrm: 1.00 | dt: 2129.40ms | tok/sec: 246,214 | bf16_mfu: 59.95 | epoch: 1 pq: 4 rg: 49 | total time: 14.31m | eta: 63.4m
step 00415/02205 (18.82%) | loss: 3.405109 | lrm: 1.00 | dt: 2129.54ms | tok/sec: 246,197 | bf16_mfu: 59.95 | epoch: 1 pq: 4 rg: 50 | total time: 14.34m | eta: 63.4m
step 00416/02205 (18.87%) | loss: 3.397835 | lrm: 1.00 | dt: 2126.59ms | tok/sec: 246,538 | bf16_mfu: 60.03 | epoch: 1 pq: 4 rg: 51 | total time: 14.38m | eta: 63.3m
step 00417/02205 (18.91%) | loss: 3.393213 | lrm: 1.00 | dt: 2128.28ms | tok/sec: 246,343 | bf16_mfu: 59.98 | epoch: 1 pq: 4 rg: 52 | total time: 14.41m | eta: 63.3m
step 00418/02205 (18.96%) | loss: 3.389702 | lrm: 1.00 | dt: 2127.01ms | tok/sec: 246,491 | bf16_mfu: 60.02 | epoch: 1 pq: 4 rg: 53 | total time: 14.45m | eta: 63.3m
step 00419/02205 (19.00%) | loss: 3.380151 | lrm: 1.00 | dt: 2128.69ms | tok/sec: 246,295 | bf16_mfu: 59.97 | epoch: 1 pq: 4 rg: 54 | total time: 14.48m | eta: 63.2m
step 00420/02205 (19.05%) | loss: 3.379612 | lrm: 1.00 | dt: 2128.92ms | tok/sec: 246,269 | bf16_mfu: 59.96 | epoch: 1 pq: 4 rg: 55 | total time: 14.52m | eta: 63.2m
step 00421/02205 (19.09%) | loss: 3.374105 | lrm: 1.00 | dt: 2134.18ms | tok/sec: 245,662 | bf16_mfu: 59.82 | epoch: 1 pq: 4 rg: 56 | total time: 14.55m | eta: 63.2m
step 00422/02205 (19.14%) | loss: 3.380402 | lrm: 1.00 | dt: 2126.48ms | tok/sec: 246,551 | bf16_mfu: 60.03 | epoch: 1 pq: 4 rg: 56 | total time: 14.59m | eta: 63.1m
step 00423/02205 (19.18%) | loss: 3.375678 | lrm: 1.00 | dt: 2130.24ms | tok/sec: 246,116 | bf16_mfu: 59.93 | epoch: 1 pq: 4 rg: 57 | total time: 14.63m | eta: 63.1m
step 00424/02205 (19.23%) | loss: 3.367077 | lrm: 1.00 | dt: 2124.59ms | tok/sec: 246,771 | bf16_mfu: 60.09 | epoch: 1 pq: 4 rg: 58 | total time: 14.66m | eta: 63.1m
step 00425/02205 (19.27%) | loss: 3.369753 | lrm: 1.00 | dt: 2126.12ms | tok/sec: 246,594 | bf16_mfu: 60.04 | epoch: 1 pq: 4 rg: 59 | total time: 14.70m | eta: 63.0m
step 00426/02205 (19.32%) | loss: 3.370284 | lrm: 1.00 | dt: 2130.74ms | tok/sec: 246,059 | bf16_mfu: 59.91 | epoch: 1 pq: 4 rg: 60 | total time: 14.73m | eta: 63.0m
step 00427/02205 (19.37%) | loss: 3.369816 | lrm: 1.00 | dt: 2128.76ms | tok/sec: 246,287 | bf16_mfu: 59.97 | epoch: 1 pq: 4 rg: 61 | total time: 14.77m | eta: 63.0m
step 00428/02205 (19.41%) | loss: 3.376686 | lrm: 1.00 | dt: 2131.13ms | tok/sec: 246,014 | bf16_mfu: 59.90 | epoch: 1 pq: 4 rg: 62 | total time: 14.80m | eta: 62.9m
step 00429/02205 (19.46%) | loss: 3.381962 | lrm: 1.00 | dt: 2130.05ms | tok/sec: 246,138 | bf16_mfu: 59.93 | epoch: 1 pq: 4 rg: 63 | total time: 14.84m | eta: 62.9m
step 00430/02205 (19.50%) | loss: 3.383348 | lrm: 1.00 | dt: 2129.84ms | tok/sec: 246,162 | bf16_mfu: 59.94 | epoch: 1 pq: 4 rg: 64 | total time: 14.87m | eta: 62.9m
step 00431/02205 (19.55%) | loss: 3.377953 | lrm: 1.00 | dt: 2126.29ms | tok/sec: 246,573 | bf16_mfu: 60.04 | epoch: 1 pq: 4 rg: 65 | total time: 14.91m | eta: 62.8m
step 00432/02205 (19.59%) | loss: 3.379590 | lrm: 1.00 | dt: 2125.53ms | tok/sec: 246,662 | bf16_mfu: 60.06 | epoch: 1 pq: 4 rg: 66 | total time: 14.94m | eta: 62.8m
step 00433/02205 (19.64%) | loss: 3.382872 | lrm: 1.00 | dt: 2127.88ms | tok/sec: 246,389 | bf16_mfu: 59.99 | epoch: 1 pq: 4 rg: 67 | total time: 14.98m | eta: 62.8m
step 00434/02205 (19.68%) | loss: 3.380144 | lrm: 1.00 | dt: 2133.07ms | tok/sec: 245,790 | bf16_mfu: 59.85 | epoch: 1 pq: 4 rg: 68 | total time: 15.02m | eta: 62.7m
step 00435/02205 (19.73%) | loss: 3.379807 | lrm: 1.00 | dt: 2130.01ms | tok/sec: 246,142 | bf16_mfu: 59.93 | epoch: 1 pq: 4 rg: 69 | total time: 15.05m | eta: 62.7m
step 00436/02205 (19.77%) | loss: 3.373827 | lrm: 1.00 | dt: 2129.11ms | tok/sec: 246,247 | bf16_mfu: 59.96 | epoch: 1 pq: 4 rg: 69 | total time: 15.09m | eta: 62.6m
step 00437/02205 (19.82%) | loss: 3.377115 | lrm: 1.00 | dt: 2126.27ms | tok/sec: 246,576 | bf16_mfu: 60.04 | epoch: 1 pq: 4 rg: 70 | total time: 15.12m | eta: 62.6m
step 00438/02205 (19.86%) | loss: 3.372284 | lrm: 1.00 | dt: 2121.68ms | tok/sec: 247,110 | bf16_mfu: 60.17 | epoch: 1 pq: 4 rg: 71 | total time: 15.16m | eta: 62.6m
step 00439/02205 (19.91%) | loss: 3.363138 | lrm: 1.00 | dt: 2129.34ms | tok/sec: 246,221 | bf16_mfu: 59.95 | epoch: 1 pq: 4 rg: 72 | total time: 15.19m | eta: 62.5m
step 00440/02205 (19.95%) | loss: 3.360128 | lrm: 1.00 | dt: 2132.03ms | tok/sec: 245,910 | bf16_mfu: 59.88 | epoch: 1 pq: 4 rg: 73 | total time: 15.23m | eta: 62.5m
step 00441/02205 (20.00%) | loss: 3.349317 | lrm: 1.00 | dt: 2127.62ms | tok/sec: 246,419 | bf16_mfu: 60.00 | epoch: 1 pq: 4 rg: 74 | total time: 15.26m | eta: 62.5m
step 00442/02205 (20.05%) | loss: 3.349485 | lrm: 1.00 | dt: 2125.74ms | tok/sec: 246,638 | bf16_mfu: 60.05 | epoch: 1 pq: 4 rg: 75 | total time: 15.30m | eta: 62.4m
step 00443/02205 (20.09%) | loss: 3.344358 | lrm: 1.00 | dt: 2126.57ms | tok/sec: 246,541 | bf16_mfu: 60.03 | epoch: 1 pq: 4 rg: 76 | total time: 15.33m | eta: 62.4m
step 00444/02205 (20.14%) | loss: 3.351106 | lrm: 1.00 | dt: 2130.17ms | tok/sec: 246,124 | bf16_mfu: 59.93 | epoch: 1 pq: 4 rg: 77 | total time: 15.37m | eta: 62.4m
step 00445/02205 (20.18%) | loss: 3.349180 | lrm: 1.00 | dt: 2133.16ms | tok/sec: 245,779 | bf16_mfu: 59.85 | epoch: 1 pq: 4 rg: 78 | total time: 15.41m | eta: 62.3m
step 00446/02205 (20.23%) | loss: 3.352381 | lrm: 1.00 | dt: 2126.60ms | tok/sec: 246,538 | bf16_mfu: 60.03 | epoch: 1 pq: 4 rg: 79 | total time: 15.44m | eta: 62.3m
step 00447/02205 (20.27%) | loss: 3.352359 | lrm: 1.00 | dt: 2135.43ms | tok/sec: 245,518 | bf16_mfu: 59.78 | epoch: 1 pq: 4 rg: 80 | total time: 15.48m | eta: 62.3m
step 00448/02205 (20.32%) | loss: 3.350659 | lrm: 1.00 | dt: 2128.92ms | tok/sec: 246,269 | bf16_mfu: 59.96 | epoch: 1 pq: 4 rg: 80 | total time: 15.51m | eta: 62.2m
step 00449/02205 (20.36%) | loss: 3.349387 | lrm: 1.00 | dt: 2129.55ms | tok/sec: 246,196 | bf16_mfu: 59.95 | epoch: 1 pq: 4 rg: 81 | total time: 15.55m | eta: 62.2m
step 00450/02205 (20.41%) | loss: 3.347800 | lrm: 1.00 | dt: 2125.81ms | tok/sec: 246,629 | bf16_mfu: 60.05 | epoch: 1 pq: 5 rg: 0 | total time: 15.58m | eta: 62.2m
step 00451/02205 (20.45%) | loss: 3.352066 | lrm: 1.00 | dt: 2128.21ms | tok/sec: 246,351 | bf16_mfu: 59.98 | epoch: 1 pq: 5 rg: 1 | total time: 15.62m | eta: 62.1m
step 00452/02205 (20.50%) | loss: 3.344252 | lrm: 1.00 | dt: 2126.49ms | tok/sec: 246,550 | bf16_mfu: 60.03 | epoch: 1 pq: 5 rg: 2 | total time: 15.65m | eta: 62.1m
step 00453/02205 (20.54%) | loss: 3.345533 | lrm: 1.00 | dt: 2130.89ms | tok/sec: 246,041 | bf16_mfu: 59.91 | epoch: 1 pq: 5 rg: 3 | total time: 15.69m | eta: 62.0m
step 00454/02205 (20.59%) | loss: 3.356498 | lrm: 1.00 | dt: 2130.42ms | tok/sec: 246,096 | bf16_mfu: 59.92 | epoch: 1 pq: 5 rg: 4 | total time: 15.72m | eta: 62.0m
step 00455/02205 (20.63%) | loss: 3.340131 | lrm: 1.00 | dt: 2131.90ms | tok/sec: 245,925 | bf16_mfu: 59.88 | epoch: 1 pq: 5 rg: 5 | total time: 15.76m | eta: 62.0m
step 00456/02205 (20.68%) | loss: 3.340038 | lrm: 1.00 | dt: 2128.73ms | tok/sec: 246,291 | bf16_mfu: 59.97 | epoch: 1 pq: 5 rg: 6 | total time: 15.80m | eta: 61.9m
step 00457/02205 (20.73%) | loss: 3.339244 | lrm: 1.00 | dt: 2130.06ms | tok/sec: 246,137 | bf16_mfu: 59.93 | epoch: 1 pq: 5 rg: 7 | total time: 15.83m | eta: 61.9m
step 00458/02205 (20.77%) | loss: 3.331635 | lrm: 1.00 | dt: 2130.03ms | tok/sec: 246,140 | bf16_mfu: 59.93 | epoch: 1 pq: 5 rg: 8 | total time: 15.87m | eta: 61.9m
step 00459/02205 (20.82%) | loss: 3.328838 | lrm: 1.00 | dt: 2128.83ms | tok/sec: 246,279 | bf16_mfu: 59.97 | epoch: 1 pq: 5 rg: 8 | total time: 15.90m | eta: 61.8m
step 00460/02205 (20.86%) | loss: 3.331497 | lrm: 1.00 | dt: 2131.62ms | tok/sec: 245,957 | bf16_mfu: 59.89 | epoch: 1 pq: 5 rg: 9 | total time: 15.94m | eta: 61.8m
step 00461/02205 (20.91%) | loss: 3.336321 | lrm: 1.00 | dt: 2128.99ms | tok/sec: 246,261 | bf16_mfu: 59.96 | epoch: 1 pq: 5 rg: 10 | total time: 15.97m | eta: 61.8m
step 00462/02205 (20.95%) | loss: 3.337120 | lrm: 1.00 | dt: 2125.60ms | tok/sec: 246,654 | bf16_mfu: 60.06 | epoch: 1 pq: 5 rg: 11 | total time: 16.01m | eta: 61.7m
step 00463/02205 (21.00%) | loss: 3.334426 | lrm: 1.00 | dt: 2128.69ms | tok/sec: 246,296 | bf16_mfu: 59.97 | epoch: 1 pq: 5 rg: 12 | total time: 16.04m | eta: 61.7m
step 00464/02205 (21.04%) | loss: 3.336328 | lrm: 1.00 | dt: 2128.97ms | tok/sec: 246,263 | bf16_mfu: 59.96 | epoch: 1 pq: 5 rg: 13 | total time: 16.08m | eta: 61.7m
step 00465/02205 (21.09%) | loss: 3.337077 | lrm: 1.00 | dt: 2125.59ms | tok/sec: 246,655 | bf16_mfu: 60.06 | epoch: 1 pq: 5 rg: 14 | total time: 16.12m | eta: 61.6m
step 00466/02205 (21.13%) | loss: 3.342716 | lrm: 1.00 | dt: 2127.15ms | tok/sec: 246,474 | bf16_mfu: 60.01 | epoch: 1 pq: 5 rg: 15 | total time: 16.15m | eta: 61.6m
step 00467/02205 (21.18%) | loss: 3.347945 | lrm: 1.00 | dt: 2130.78ms | tok/sec: 246,054 | bf16_mfu: 59.91 | epoch: 1 pq: 5 rg: 16 | total time: 16.19m | eta: 61.6m
step 00468/02205 (21.22%) | loss: 3.349853 | lrm: 1.00 | dt: 2129.14ms | tok/sec: 246,243 | bf16_mfu: 59.96 | epoch: 1 pq: 5 rg: 17 | total time: 16.22m | eta: 61.5m
step 00469/02205 (21.27%) | loss: 3.347685 | lrm: 1.00 | dt: 2125.64ms | tok/sec: 246,650 | bf16_mfu: 60.06 | epoch: 1 pq: 5 rg: 18 | total time: 16.26m | eta: 61.5m
step 00470/02205 (21.32%) | loss: 3.335206 | lrm: 1.00 | dt: 2127.84ms | tok/sec: 246,394 | bf16_mfu: 60.00 | epoch: 1 pq: 5 rg: 19 | total time: 16.29m | eta: 61.5m
step 00471/02205 (21.36%) | loss: 3.339204 | lrm: 1.00 | dt: 2129.57ms | tok/sec: 246,194 | bf16_mfu: 59.95 | epoch: 1 pq: 5 rg: 19 | total time: 16.33m | eta: 61.4m
step 00472/02205 (21.41%) | loss: 3.342323 | lrm: 1.00 | dt: 2128.50ms | tok/sec: 246,318 | bf16_mfu: 59.98 | epoch: 1 pq: 5 rg: 20 | total time: 16.36m | eta: 61.4m
step 00473/02205 (21.45%) | loss: 3.342306 | lrm: 1.00 | dt: 2127.53ms | tok/sec: 246,430 | bf16_mfu: 60.00 | epoch: 1 pq: 5 rg: 21 | total time: 16.40m | eta: 61.3m
step 00474/02205 (21.50%) | loss: 3.339464 | lrm: 1.00 | dt: 2128.10ms | tok/sec: 246,364 | bf16_mfu: 59.99 | epoch: 1 pq: 5 rg: 22 | total time: 16.43m | eta: 61.3m
step 00475/02205 (21.54%) | loss: 3.332643 | lrm: 1.00 | dt: 2130.37ms | tok/sec: 246,101 | bf16_mfu: 59.92 | epoch: 1 pq: 5 rg: 23 | total time: 16.47m | eta: 61.3m
step 00476/02205 (21.59%) | loss: 3.336972 | lrm: 1.00 | dt: 2127.54ms | tok/sec: 246,429 | bf16_mfu: 60.00 | epoch: 1 pq: 5 rg: 24 | total time: 16.51m | eta: 61.2m
step 00477/02205 (21.63%) | loss: 3.332033 | lrm: 1.00 | dt: 2129.52ms | tok/sec: 246,200 | bf16_mfu: 59.95 | epoch: 1 pq: 5 rg: 25 | total time: 16.54m | eta: 61.2m
step 00478/02205 (21.68%) | loss: 3.335829 | lrm: 1.00 | dt: 2129.19ms | tok/sec: 246,237 | bf16_mfu: 59.96 | epoch: 1 pq: 5 rg: 26 | total time: 16.58m | eta: 61.2m
step 00479/02205 (21.72%) | loss: 3.339287 | lrm: 1.00 | dt: 2126.88ms | tok/sec: 246,505 | bf16_mfu: 60.02 | epoch: 1 pq: 5 rg: 27 | total time: 16.61m | eta: 61.1m
step 00480/02205 (21.77%) | loss: 3.344991 | lrm: 1.00 | dt: 2127.92ms | tok/sec: 246,385 | bf16_mfu: 59.99 | epoch: 1 pq: 5 rg: 28 | total time: 16.65m | eta: 61.1m
step 00481/02205 (21.81%) | loss: 3.344732 | lrm: 1.00 | dt: 2129.18ms | tok/sec: 246,239 | bf16_mfu: 59.96 | epoch: 1 pq: 5 rg: 29 | total time: 16.68m | eta: 61.1m
step 00482/02205 (21.86%) | loss: 3.337617 | lrm: 1.00 | dt: 2127.47ms | tok/sec: 246,437 | bf16_mfu: 60.01 | epoch: 1 pq: 5 rg: 30 | total time: 16.72m | eta: 61.0m
step 00483/02205 (21.90%) | loss: 3.333792 | lrm: 1.00 | dt: 2127.68ms | tok/sec: 246,412 | bf16_mfu: 60.00 | epoch: 1 pq: 5 rg: 30 | total time: 16.75m | eta: 61.0m
step 00484/02205 (21.95%) | loss: 3.329804 | lrm: 1.00 | dt: 2122.17ms | tok/sec: 247,052 | bf16_mfu: 60.16 | epoch: 1 pq: 5 rg: 31 | total time: 16.79m | eta: 61.0m
step 00485/02205 (22.00%) | loss: 3.336053 | lrm: 1.00 | dt: 2128.12ms | tok/sec: 246,361 | bf16_mfu: 59.99 | epoch: 1 pq: 5 rg: 32 | total time: 16.82m | eta: 60.9m
step 00486/02205 (22.04%) | loss: 3.329283 | lrm: 1.00 | dt: 2128.69ms | tok/sec: 246,295 | bf16_mfu: 59.97 | epoch: 1 pq: 5 rg: 33 | total time: 16.86m | eta: 60.9m
step 00487/02205 (22.09%) | loss: 3.327595 | lrm: 1.00 | dt: 2131.93ms | tok/sec: 245,921 | bf16_mfu: 59.88 | epoch: 1 pq: 5 rg: 34 | total time: 16.90m | eta: 60.9m
step 00488/02205 (22.13%) | loss: 3.331253 | lrm: 1.00 | dt: 2127.14ms | tok/sec: 246,475 | bf16_mfu: 60.01 | epoch: 1 pq: 5 rg: 35 | total time: 16.93m | eta: 60.8m
step 00489/02205 (22.18%) | loss: 3.328987 | lrm: 1.00 | dt: 2131.43ms | tok/sec: 245,980 | bf16_mfu: 59.89 | epoch: 1 pq: 5 rg: 36 | total time: 16.97m | eta: 60.8m
step 00490/02205 (22.22%) | loss: 3.321172 | lrm: 1.00 | dt: 2127.87ms | tok/sec: 246,391 | bf16_mfu: 59.99 | epoch: 1 pq: 5 rg: 37 | total time: 17.00m | eta: 60.7m
step 00491/02205 (22.27%) | loss: 3.321278 | lrm: 1.00 | dt: 2122.26ms | tok/sec: 247,042 | bf16_mfu: 60.15 | epoch: 1 pq: 5 rg: 38 | total time: 17.04m | eta: 60.7m
step 00492/02205 (22.31%) | loss: 3.314801 | lrm: 1.00 | dt: 2127.44ms | tok/sec: 246,440 | bf16_mfu: 60.01 | epoch: 1 pq: 5 rg: 39 | total time: 17.07m | eta: 60.7m
step 00493/02205 (22.36%) | loss: 3.309882 | lrm: 1.00 | dt: 2127.75ms | tok/sec: 246,404 | bf16_mfu: 60.00 | epoch: 1 pq: 5 rg: 40 | total time: 17.11m | eta: 60.6m
step 00494/02205 (22.40%) | loss: 3.308737 | lrm: 1.00 | dt: 2127.82ms | tok/sec: 246,397 | bf16_mfu: 60.00 | epoch: 1 pq: 5 rg: 41 | total time: 17.14m | eta: 60.6m
step 00495/02205 (22.45%) | loss: 3.316453 | lrm: 1.00 | dt: 2129.13ms | tok/sec: 246,244 | bf16_mfu: 59.96 | epoch: 1 pq: 5 rg: 42 | total time: 17.18m | eta: 60.6m
step 00496/02205 (22.49%) | loss: 3.312015 | lrm: 1.00 | dt: 2129.10ms | tok/sec: 246,248 | bf16_mfu: 59.96 | epoch: 1 pq: 5 rg: 43 | total time: 17.21m | eta: 60.5m
step 00497/02205 (22.54%) | loss: 3.310605 | lrm: 1.00 | dt: 2133.28ms | tok/sec: 245,766 | bf16_mfu: 59.84 | epoch: 1 pq: 5 rg: 43 | total time: 17.25m | eta: 60.5m
step 00498/02205 (22.59%) | loss: 3.308733 | lrm: 1.00 | dt: 2125.42ms | tok/sec: 246,674 | bf16_mfu: 60.06 | epoch: 1 pq: 5 rg: 44 | total time: 17.29m | eta: 60.5m
step 00499/02205 (22.63%) | loss: 3.309968 | lrm: 1.00 | dt: 2131.95ms | tok/sec: 245,919 | bf16_mfu: 59.88 | epoch: 1 pq: 5 rg: 45 | total time: 17.32m | eta: 60.4m
Step 00500 | Validation bpb: 1.008348
step 00500/02205 (22.68%) | loss: 3.302975 | lrm: 1.00 | dt: 2127.17ms | tok/sec: 246,471 | bf16_mfu: 60.01 | epoch: 1 pq: 5 rg: 46 | total time: 17.36m | eta: 60.4m
step 00501/02205 (22.72%) | loss: 3.294661 | lrm: 1.00 | dt: 2130.30ms | tok/sec: 246,109 | bf16_mfu: 59.93 | epoch: 1 pq: 5 rg: 47 | total time: 17.39m | eta: 60.4m
step 00502/02205 (22.77%) | loss: 3.304607 | lrm: 1.00 | dt: 2129.41ms | tok/sec: 246,212 | bf16_mfu: 59.95 | epoch: 1 pq: 5 rg: 48 | total time: 17.43m | eta: 60.3m
step 00503/02205 (22.81%) | loss: 3.298941 | lrm: 1.00 | dt: 2126.17ms | tok/sec: 246,588 | bf16_mfu: 60.04 | epoch: 1 pq: 5 rg: 49 | total time: 17.46m | eta: 60.3m
step 00504/02205 (22.86%) | loss: 3.295539 | lrm: 1.00 | dt: 2129.40ms | tok/sec: 246,213 | bf16_mfu: 59.95 | epoch: 1 pq: 5 rg: 50 | total time: 17.50m | eta: 60.3m
step 00505/02205 (22.90%) | loss: 3.300648 | lrm: 1.00 | dt: 2134.46ms | tok/sec: 245,630 | bf16_mfu: 59.81 | epoch: 1 pq: 5 rg: 51 | total time: 17.53m | eta: 60.2m
step 00506/02205 (22.95%) | loss: 3.301266 | lrm: 1.00 | dt: 2127.59ms | tok/sec: 246,423 | bf16_mfu: 60.00 | epoch: 1 pq: 5 rg: 52 | total time: 17.57m | eta: 60.2m
step 00507/02205 (22.99%) | loss: 3.300052 | lrm: 1.00 | dt: 2129.25ms | tok/sec: 246,231 | bf16_mfu: 59.96 | epoch: 1 pq: 5 rg: 53 | total time: 17.61m | eta: 60.1m
step 00508/02205 (23.04%) | loss: 3.309439 | lrm: 1.00 | dt: 2121.58ms | tok/sec: 247,121 | bf16_mfu: 60.17 | epoch: 1 pq: 5 rg: 54 | total time: 17.64m | eta: 60.1m
step 00509/02205 (23.08%) | loss: 3.305784 | lrm: 1.00 | dt: 2126.94ms | tok/sec: 246,498 | bf16_mfu: 60.02 | epoch: 1 pq: 5 rg: 54 | total time: 17.68m | eta: 60.1m
step 00510/02205 (23.13%) | loss: 3.308577 | lrm: 1.00 | dt: 2125.50ms | tok/sec: 246,665 | bf16_mfu: 60.06 | epoch: 1 pq: 5 rg: 55 | total time: 17.71m | eta: 60.0m
step 00511/02205 (23.17%) | loss: 3.297620 | lrm: 1.00 | dt: 2128.88ms | tok/sec: 246,274 | bf16_mfu: 59.97 | epoch: 1 pq: 5 rg: 56 | total time: 17.75m | eta: 60.0m
step 00512/02205 (23.22%) | loss: 3.299170 | lrm: 1.00 | dt: 2131.26ms | tok/sec: 245,998 | bf16_mfu: 59.90 | epoch: 1 pq: 5 rg: 57 | total time: 17.78m | eta: 60.0m
step 00513/02205 (23.27%) | loss: 3.304958 | lrm: 1.00 | dt: 2129.82ms | tok/sec: 246,165 | bf16_mfu: 59.94 | epoch: 1 pq: 5 rg: 58 | total time: 17.82m | eta: 59.9m
step 00514/02205 (23.31%) | loss: 3.310006 | lrm: 1.00 | dt: 2130.46ms | tok/sec: 246,091 | bf16_mfu: 59.92 | epoch: 1 pq: 5 rg: 59 | total time: 17.85m | eta: 59.9m
step 00515/02205 (23.36%) | loss: 3.307997 | lrm: 1.00 | dt: 2128.75ms | tok/sec: 246,289 | bf16_mfu: 59.97 | epoch: 1 pq: 5 rg: 60 | total time: 17.89m | eta: 59.9m
step 00516/02205 (23.40%) | loss: 3.310970 | lrm: 1.00 | dt: 2133.01ms | tok/sec: 245,797 | bf16_mfu: 59.85 | epoch: 1 pq: 5 rg: 61 | total time: 17.92m | eta: 59.8m
step 00517/02205 (23.45%) | loss: 3.312150 | lrm: 1.00 | dt: 2128.71ms | tok/sec: 246,294 | bf16_mfu: 59.97 | epoch: 1 pq: 5 rg: 62 | total time: 17.96m | eta: 59.8m
step 00518/02205 (23.49%) | loss: 3.312541 | lrm: 1.00 | dt: 2128.27ms | tok/sec: 246,344 | bf16_mfu: 59.98 | epoch: 1 pq: 5 rg: 63 | total time: 18.00m | eta: 59.8m
step 00519/02205 (23.54%) | loss: 3.314811 | lrm: 1.00 | dt: 2126.59ms | tok/sec: 246,538 | bf16_mfu: 60.03 | epoch: 1 pq: 5 rg: 64 | total time: 18.03m | eta: 59.7m
step 00520/02205 (23.58%) | loss: 3.312571 | lrm: 1.00 | dt: 2134.08ms | tok/sec: 245,673 | bf16_mfu: 59.82 | epoch: 1 pq: 5 rg: 65 | total time: 18.07m | eta: 59.7m
step 00521/02205 (23.63%) | loss: 3.310578 | lrm: 1.00 | dt: 2128.49ms | tok/sec: 246,319 | bf16_mfu: 59.98 | epoch: 1 pq: 5 rg: 65 | total time: 18.10m | eta: 59.7m
step 00522/02205 (23.67%) | loss: 3.311463 | lrm: 1.00 | dt: 2131.16ms | tok/sec: 246,010 | bf16_mfu: 59.90 | epoch: 1 pq: 5 rg: 66 | total time: 18.14m | eta: 59.6m
step 00523/02205 (23.72%) | loss: 3.304643 | lrm: 1.00 | dt: 2130.21ms | tok/sec: 246,120 | bf16_mfu: 59.93 | epoch: 1 pq: 5 rg: 67 | total time: 18.17m | eta: 59.6m
step 00524/02205 (23.76%) | loss: 3.295222 | lrm: 1.00 | dt: 2124.77ms | tok/sec: 246,750 | bf16_mfu: 60.08 | epoch: 1 pq: 5 rg: 68 | total time: 18.21m | eta: 59.5m
step 00525/02205 (23.81%) | loss: 3.299570 | lrm: 1.00 | dt: 2128.49ms | tok/sec: 246,319 | bf16_mfu: 59.98 | epoch: 1 pq: 5 rg: 69 | total time: 18.24m | eta: 59.5m
step 00526/02205 (23.85%) | loss: 3.304216 | lrm: 1.00 | dt: 2127.11ms | tok/sec: 246,479 | bf16_mfu: 60.02 | epoch: 1 pq: 5 rg: 70 | total time: 18.28m | eta: 59.5m
step 00527/02205 (23.90%) | loss: 3.308627 | lrm: 1.00 | dt: 2128.56ms | tok/sec: 246,311 | bf16_mfu: 59.97 | epoch: 1 pq: 5 rg: 71 | total time: 18.31m | eta: 59.4m
step 00528/02205 (23.95%) | loss: 3.297524 | lrm: 1.00 | dt: 2128.99ms | tok/sec: 246,261 | bf16_mfu: 59.96 | epoch: 1 pq: 5 rg: 72 | total time: 18.35m | eta: 59.4m
step 00529/02205 (23.99%) | loss: 3.300157 | lrm: 1.00 | dt: 2131.43ms | tok/sec: 245,979 | bf16_mfu: 59.89 | epoch: 1 pq: 5 rg: 73 | total time: 18.39m | eta: 59.4m
step 00530/02205 (24.04%) | loss: 3.297171 | lrm: 1.00 | dt: 2128.34ms | tok/sec: 246,336 | bf16_mfu: 59.98 | epoch: 1 pq: 5 rg: 74 | total time: 18.42m | eta: 59.3m
step 00531/02205 (24.08%) | loss: 3.296641 | lrm: 1.00 | dt: 2130.84ms | tok/sec: 246,047 | bf16_mfu: 59.91 | epoch: 1 pq: 5 rg: 75 | total time: 18.46m | eta: 59.3m
step 00532/02205 (24.13%) | loss: 3.290415 | lrm: 1.00 | dt: 2131.05ms | tok/sec: 246,023 | bf16_mfu: 59.90 | epoch: 1 pq: 5 rg: 76 | total time: 18.49m | eta: 59.3m
step 00533/02205 (24.17%) | loss: 3.290177 | lrm: 1.00 | dt: 2124.50ms | tok/sec: 246,781 | bf16_mfu: 60.09 | epoch: 1 pq: 5 rg: 77 | total time: 18.53m | eta: 59.2m
step 00534/02205 (24.22%) | loss: 3.288528 | lrm: 1.00 | dt: 2127.34ms | tok/sec: 246,451 | bf16_mfu: 60.01 | epoch: 1 pq: 5 rg: 77 | total time: 18.56m | eta: 59.2m
step 00535/02205 (24.26%) | loss: 3.295840 | lrm: 1.00 | dt: 2131.12ms | tok/sec: 246,014 | bf16_mfu: 59.90 | epoch: 1 pq: 5 rg: 78 | total time: 18.60m | eta: 59.2m
step 00536/02205 (24.31%) | loss: 3.293807 | lrm: 1.00 | dt: 2126.07ms | tok/sec: 246,599 | bf16_mfu: 60.05 | epoch: 1 pq: 5 rg: 79 | total time: 18.63m | eta: 59.1m
step 00537/02205 (24.35%) | loss: 3.294444 | lrm: 1.00 | dt: 2124.68ms | tok/sec: 246,760 | bf16_mfu: 60.08 | epoch: 1 pq: 5 rg: 80 | total time: 18.67m | eta: 59.1m
step 00538/02205 (24.40%) | loss: 3.289972 | lrm: 1.00 | dt: 2127.93ms | tok/sec: 246,383 | bf16_mfu: 59.99 | epoch: 1 pq: 5 rg: 81 | total time: 18.70m | eta: 59.1m
step 00539/02205 (24.44%) | loss: 3.292229 | lrm: 1.00 | dt: 2124.03ms | tok/sec: 246,836 | bf16_mfu: 60.10 | epoch: 1 pq: 5 rg: 82 | total time: 18.74m | eta: 59.0m
step 00540/02205 (24.49%) | loss: 3.296234 | lrm: 1.00 | dt: 2130.89ms | tok/sec: 246,042 | bf16_mfu: 59.91 | epoch: 1 pq: 6 rg: 0 | total time: 18.78m | eta: 59.0m
step 00541/02205 (24.54%) | loss: 3.288817 | lrm: 1.00 | dt: 2129.38ms | tok/sec: 246,216 | bf16_mfu: 59.95 | epoch: 1 pq: 6 rg: 1 | total time: 18.81m | eta: 58.9m
step 00542/02205 (24.58%) | loss: 3.289326 | lrm: 1.00 | dt: 2127.39ms | tok/sec: 246,447 | bf16_mfu: 60.01 | epoch: 1 pq: 6 rg: 2 | total time: 18.85m | eta: 58.9m
step 00543/02205 (24.63%) | loss: 3.290162 | lrm: 1.00 | dt: 2130.87ms | tok/sec: 246,044 | bf16_mfu: 59.91 | epoch: 1 pq: 6 rg: 3 | total time: 18.88m | eta: 58.9m
step 00544/02205 (24.67%) | loss: 3.290463 | lrm: 1.00 | dt: 2131.08ms | tok/sec: 246,019 | bf16_mfu: 59.90 | epoch: 1 pq: 6 rg: 4 | total time: 18.92m | eta: 58.8m
step 00545/02205 (24.72%) | loss: 3.285842 | lrm: 1.00 | dt: 2124.21ms | tok/sec: 246,815 | bf16_mfu: 60.10 | epoch: 1 pq: 6 rg: 5 | total time: 18.95m | eta: 58.8m
step 00546/02205 (24.76%) | loss: 3.284698 | lrm: 1.00 | dt: 2129.11ms | tok/sec: 246,247 | bf16_mfu: 59.96 | epoch: 1 pq: 6 rg: 6 | total time: 18.99m | eta: 58.8m
step 00547/02205 (24.81%) | loss: 3.283008 | lrm: 1.00 | dt: 2130.41ms | tok/sec: 246,096 | bf16_mfu: 59.92 | epoch: 1 pq: 6 rg: 6 | total time: 19.02m | eta: 58.7m
step 00548/02205 (24.85%) | loss: 3.282269 | lrm: 1.00 | dt: 2132.98ms | tok/sec: 245,800 | bf16_mfu: 59.85 | epoch: 1 pq: 6 rg: 7 | total time: 19.06m | eta: 58.7m
step 00549/02205 (24.90%) | loss: 3.285047 | lrm: 1.00 | dt: 2128.71ms | tok/sec: 246,293 | bf16_mfu: 59.97 | epoch: 1 pq: 6 rg: 8 | total time: 19.10m | eta: 58.7m
step 00550/02205 (24.94%) | loss: 3.287902 | lrm: 1.00 | dt: 2129.61ms | tok/sec: 246,190 | bf16_mfu: 59.95 | epoch: 1 pq: 6 rg: 9 | total time: 19.13m | eta: 58.6m
step 00551/02205 (24.99%) | loss: 3.285538 | lrm: 1.00 | dt: 2126.36ms | tok/sec: 246,565 | bf16_mfu: 60.04 | epoch: 1 pq: 6 rg: 10 | total time: 19.17m | eta: 58.6m
step 00552/02205 (25.03%) | loss: 3.280730 | lrm: 1.00 | dt: 2128.84ms | tok/sec: 246,279 | bf16_mfu: 59.97 | epoch: 1 pq: 6 rg: 11 | total time: 19.20m | eta: 58.6m
step 00553/02205 (25.08%) | loss: 3.278767 | lrm: 1.00 | dt: 2130.08ms | tok/sec: 246,135 | bf16_mfu: 59.93 | epoch: 1 pq: 6 rg: 12 | total time: 19.24m | eta: 58.5m
step 00554/02205 (25.12%) | loss: 3.281277 | lrm: 1.00 | dt: 2127.86ms | tok/sec: 246,392 | bf16_mfu: 59.99 | epoch: 1 pq: 6 rg: 13 | total time: 19.27m | eta: 58.5m
step 00555/02205 (25.17%) | loss: 3.280969 | lrm: 1.00 | dt: 2128.25ms | tok/sec: 246,346 | bf16_mfu: 59.98 | epoch: 1 pq: 6 rg: 14 | total time: 19.31m | eta: 58.5m
step 00556/02205 (25.22%) | loss: 3.277595 | lrm: 1.00 | dt: 2129.29ms | tok/sec: 246,226 | bf16_mfu: 59.95 | epoch: 1 pq: 6 rg: 15 | total time: 19.34m | eta: 58.4m
step 00557/02205 (25.26%) | loss: 3.278758 | lrm: 1.00 | dt: 2129.69ms | tok/sec: 246,180 | bf16_mfu: 59.94 | epoch: 1 pq: 6 rg: 16 | total time: 19.38m | eta: 58.4m
step 00558/02205 (25.31%) | loss: 3.275282 | lrm: 1.00 | dt: 2130.33ms | tok/sec: 246,106 | bf16_mfu: 59.93 | epoch: 1 pq: 6 rg: 17 | total time: 19.41m | eta: 58.3m
step 00559/02205 (25.35%) | loss: 3.285317 | lrm: 1.00 | dt: 2123.15ms | tok/sec: 246,939 | bf16_mfu: 60.13 | epoch: 1 pq: 6 rg: 18 | total time: 19.45m | eta: 58.3m
step 00560/02205 (25.40%) | loss: 3.280507 | lrm: 1.00 | dt: 2129.86ms | tok/sec: 246,160 | bf16_mfu: 59.94 | epoch: 1 pq: 6 rg: 18 | total time: 19.49m | eta: 58.3m
step 00561/02205 (25.44%) | loss: 3.273827 | lrm: 1.00 | dt: 2128.55ms | tok/sec: 246,312 | bf16_mfu: 59.98 | epoch: 1 pq: 6 rg: 19 | total time: 19.52m | eta: 58.2m
step 00562/02205 (25.49%) | loss: 3.269670 | lrm: 1.00 | dt: 2129.97ms | tok/sec: 246,147 | bf16_mfu: 59.94 | epoch: 1 pq: 6 rg: 20 | total time: 19.56m | eta: 58.2m
step 00563/02205 (25.53%) | loss: 3.273745 | lrm: 1.00 | dt: 2129.26ms | tok/sec: 246,229 | bf16_mfu: 59.96 | epoch: 1 pq: 6 rg: 21 | total time: 19.59m | eta: 58.2m
step 00564/02205 (25.58%) | loss: 3.266865 | lrm: 1.00 | dt: 2133.57ms | tok/sec: 245,733 | bf16_mfu: 59.83 | epoch: 1 pq: 6 rg: 22 | total time: 19.63m | eta: 58.1m
step 00565/02205 (25.62%) | loss: 3.263014 | lrm: 1.00 | dt: 2133.56ms | tok/sec: 245,733 | bf16_mfu: 59.83 | epoch: 1 pq: 6 rg: 23 | total time: 19.66m | eta: 58.1m
step 00566/02205 (25.67%) | loss: 3.272813 | lrm: 1.00 | dt: 2134.89ms | tok/sec: 245,581 | bf16_mfu: 59.80 | epoch: 1 pq: 6 rg: 24 | total time: 19.70m | eta: 58.1m
step 00567/02205 (25.71%) | loss: 3.262381 | lrm: 1.00 | dt: 2128.65ms | tok/sec: 246,301 | bf16_mfu: 59.97 | epoch: 1 pq: 6 rg: 25 | total time: 19.73m | eta: 58.0m
step 00568/02205 (25.76%) | loss: 3.246167 | lrm: 1.00 | dt: 2131.72ms | tok/sec: 245,945 | bf16_mfu: 59.89 | epoch: 1 pq: 6 rg: 26 | total time: 19.77m | eta: 58.0m
step 00569/02205 (25.80%) | loss: 3.256953 | lrm: 1.00 | dt: 2126.84ms | tok/sec: 246,510 | bf16_mfu: 60.02 | epoch: 1 pq: 6 rg: 26 | total time: 19.81m | eta: 58.0m
step 00570/02205 (25.85%) | loss: 3.257649 | lrm: 1.00 | dt: 2128.80ms | tok/sec: 246,283 | bf16_mfu: 59.97 | epoch: 1 pq: 6 rg: 27 | total time: 19.84m | eta: 57.9m
step 00571/02205 (25.90%) | loss: 3.251133 | lrm: 1.00 | dt: 2130.16ms | tok/sec: 246,126 | bf16_mfu: 59.93 | epoch: 1 pq: 6 rg: 28 | total time: 19.88m | eta: 57.9m
step 00572/02205 (25.94%) | loss: 3.256083 | lrm: 1.00 | dt: 2123.19ms | tok/sec: 246,934 | bf16_mfu: 60.13 | epoch: 1 pq: 6 rg: 29 | total time: 19.91m | eta: 57.9m
step 00573/02205 (25.99%) | loss: 3.261347 | lrm: 1.00 | dt: 2127.53ms | tok/sec: 246,429 | bf16_mfu: 60.00 | epoch: 1 pq: 6 rg: 30 | total time: 19.95m | eta: 57.8m
step 00574/02205 (26.03%) | loss: 3.254834 | lrm: 1.00 | dt: 2125.55ms | tok/sec: 246,660 | bf16_mfu: 60.06 | epoch: 1 pq: 6 rg: 31 | total time: 19.98m | eta: 57.8m
step 00575/02205 (26.08%) | loss: 3.253542 | lrm: 1.00 | dt: 2130.40ms | tok/sec: 246,098 | bf16_mfu: 59.92 | epoch: 1 pq: 6 rg: 32 | total time: 20.02m | eta: 57.8m
step 00576/02205 (26.12%) | loss: 3.254010 | lrm: 1.00 | dt: 2129.82ms | tok/sec: 246,164 | bf16_mfu: 59.94 | epoch: 1 pq: 6 rg: 33 | total time: 20.05m | eta: 57.7m
step 00577/02205 (26.17%) | loss: 3.257049 | lrm: 1.00 | dt: 2131.14ms | tok/sec: 246,012 | bf16_mfu: 59.90 | epoch: 1 pq: 6 rg: 34 | total time: 20.09m | eta: 57.7m
step 00578/02205 (26.21%) | loss: 3.253749 | lrm: 1.00 | dt: 2128.72ms | tok/sec: 246,292 | bf16_mfu: 59.97 | epoch: 1 pq: 6 rg: 35 | total time: 20.12m | eta: 57.6m
step 00579/02205 (26.26%) | loss: 3.258022 | lrm: 1.00 | dt: 2131.88ms | tok/sec: 245,927 | bf16_mfu: 59.88 | epoch: 1 pq: 6 rg: 36 | total time: 20.16m | eta: 57.6m
step 00580/02205 (26.30%) | loss: 3.261000 | lrm: 1.00 | dt: 2129.03ms | tok/sec: 246,256 | bf16_mfu: 59.96 | epoch: 1 pq: 6 rg: 37 | total time: 20.20m | eta: 57.6m
step 00581/02205 (26.35%) | loss: 3.256803 | lrm: 1.00 | dt: 2127.60ms | tok/sec: 246,422 | bf16_mfu: 60.00 | epoch: 1 pq: 6 rg: 38 | total time: 20.23m | eta: 57.5m
step 00582/02205 (26.39%) | loss: 3.250045 | lrm: 1.00 | dt: 2133.33ms | tok/sec: 245,759 | bf16_mfu: 59.84 | epoch: 1 pq: 6 rg: 38 | total time: 20.27m | eta: 57.5m
step 00583/02205 (26.44%) | loss: 3.249389 | lrm: 1.00 | dt: 2129.10ms | tok/sec: 246,248 | bf16_mfu: 59.96 | epoch: 1 pq: 6 rg: 39 | total time: 20.30m | eta: 57.5m
step 00584/02205 (26.49%) | loss: 3.261507 | lrm: 1.00 | dt: 2128.72ms | tok/sec: 246,292 | bf16_mfu: 59.97 | epoch: 1 pq: 6 rg: 40 | total time: 20.34m | eta: 57.4m
step 00585/02205 (26.53%) | loss: 3.261901 | lrm: 1.00 | dt: 2129.73ms | tok/sec: 246,176 | bf16_mfu: 59.94 | epoch: 1 pq: 6 rg: 41 | total time: 20.37m | eta: 57.4m
step 00586/02205 (26.58%) | loss: 3.262140 | lrm: 1.00 | dt: 2128.30ms | tok/sec: 246,341 | bf16_mfu: 59.98 | epoch: 1 pq: 6 rg: 42 | total time: 20.41m | eta: 57.4m
step 00587/02205 (26.62%) | loss: 3.252716 | lrm: 1.00 | dt: 2132.03ms | tok/sec: 245,910 | bf16_mfu: 59.88 | epoch: 1 pq: 6 rg: 43 | total time: 20.44m | eta: 57.3m
step 00588/02205 (26.67%) | loss: 3.254649 | lrm: 1.00 | dt: 2123.90ms | tok/sec: 246,851 | bf16_mfu: 60.11 | epoch: 1 pq: 6 rg: 44 | total time: 20.48m | eta: 57.3m
step 00589/02205 (26.71%) | loss: 3.251263 | lrm: 1.00 | dt: 2126.52ms | tok/sec: 246,547 | bf16_mfu: 60.03 | epoch: 1 pq: 6 rg: 45 | total time: 20.51m | eta: 57.3m
step 00590/02205 (26.76%) | loss: 3.251749 | lrm: 1.00 | dt: 2133.73ms | tok/sec: 245,713 | bf16_mfu: 59.83 | epoch: 1 pq: 6 rg: 46 | total time: 20.55m | eta: 57.2m
step 00591/02205 (26.80%) | loss: 3.256375 | lrm: 1.00 | dt: 2126.76ms | tok/sec: 246,519 | bf16_mfu: 60.03 | epoch: 1 pq: 6 rg: 47 | total time: 20.59m | eta: 57.2m
step 00592/02205 (26.85%) | loss: 3.254391 | lrm: 1.00 | dt: 2126.46ms | tok/sec: 246,554 | bf16_mfu: 60.03 | epoch: 1 pq: 6 rg: 48 | total time: 20.62m | eta: 57.2m
step 00593/02205 (26.89%) | loss: 3.264168 | lrm: 1.00 | dt: 2126.90ms | tok/sec: 246,503 | bf16_mfu: 60.02 | epoch: 1 pq: 6 rg: 49 | total time: 20.66m | eta: 57.1m
step 00594/02205 (26.94%) | loss: 3.255226 | lrm: 1.00 | dt: 2132.04ms | tok/sec: 245,909 | bf16_mfu: 59.88 | epoch: 1 pq: 6 rg: 50 | total time: 20.69m | eta: 57.1m
step 00595/02205 (26.98%) | loss: 3.255693 | lrm: 1.00 | dt: 2125.72ms | tok/sec: 246,640 | bf16_mfu: 60.05 | epoch: 1 pq: 6 rg: 51 | total time: 20.73m | eta: 57.0m
step 00596/02205 (27.03%) | loss: 3.253366 | lrm: 1.00 | dt: 2132.13ms | tok/sec: 245,898 | bf16_mfu: 59.87 | epoch: 1 pq: 6 rg: 51 | total time: 20.76m | eta: 57.0m
step 00597/02205 (27.07%) | loss: 3.254510 | lrm: 1.00 | dt: 2132.59ms | tok/sec: 245,845 | bf16_mfu: 59.86 | epoch: 1 pq: 6 rg: 52 | total time: 20.80m | eta: 57.0m
step 00598/02205 (27.12%) | loss: 3.249540 | lrm: 1.00 | dt: 2129.31ms | tok/sec: 246,224 | bf16_mfu: 59.95 | epoch: 1 pq: 6 rg: 53 | total time: 20.83m | eta: 56.9m
step 00599/02205 (27.17%) | loss: 3.256311 | lrm: 1.00 | dt: 2126.27ms | tok/sec: 246,576 | bf16_mfu: 60.04 | epoch: 1 pq: 6 rg: 54 | total time: 20.87m | eta: 56.9m
step 00600/02205 (27.21%) | loss: 3.258015 | lrm: 1.00 | dt: 2133.98ms | tok/sec: 245,685 | bf16_mfu: 59.82 | epoch: 1 pq: 6 rg: 55 | total time: 20.91m | eta: 56.9m
step 00601/02205 (27.26%) | loss: 3.258638 | lrm: 1.00 | dt: 2130.39ms | tok/sec: 246,099 | bf16_mfu: 59.92 | epoch: 1 pq: 6 rg: 56 | total time: 20.94m | eta: 56.8m
step 00602/02205 (27.30%) | loss: 3.253990 | lrm: 1.00 | dt: 2132.57ms | tok/sec: 245,848 | bf16_mfu: 59.86 | epoch: 1 pq: 6 rg: 57 | total time: 20.98m | eta: 56.8m
step 00603/02205 (27.35%) | loss: 3.252271 | lrm: 1.00 | dt: 2132.50ms | tok/sec: 245,855 | bf16_mfu: 59.86 | epoch: 1 pq: 6 rg: 58 | total time: 21.01m | eta: 56.8m
step 00604/02205 (27.39%) | loss: 3.252778 | lrm: 1.00 | dt: 2126.58ms | tok/sec: 246,540 | bf16_mfu: 60.03 | epoch: 1 pq: 6 rg: 59 | total time: 21.05m | eta: 56.7m
step 00605/02205 (27.44%) | loss: 3.256125 | lrm: 1.00 | dt: 2129.83ms | tok/sec: 246,164 | bf16_mfu: 59.94 | epoch: 1 pq: 6 rg: 60 | total time: 21.08m | eta: 56.7m
step 00606/02205 (27.48%) | loss: 3.252261 | lrm: 1.00 | dt: 2128.88ms | tok/sec: 246,273 | bf16_mfu: 59.97 | epoch: 1 pq: 6 rg: 61 | total time: 21.12m | eta: 56.7m
step 00607/02205 (27.53%) | loss: 3.251807 | lrm: 1.00 | dt: 2132.18ms | tok/sec: 245,892 | bf16_mfu: 59.87 | epoch: 1 pq: 6 rg: 62 | total time: 21.15m | eta: 56.6m
step 00608/02205 (27.57%) | loss: 3.248262 | lrm: 1.00 | dt: 2129.62ms | tok/sec: 246,188 | bf16_mfu: 59.95 | epoch: 1 pq: 6 rg: 62 | total time: 21.19m | eta: 56.6m
step 00609/02205 (27.62%) | loss: 3.246564 | lrm: 1.00 | dt: 2131.51ms | tok/sec: 245,970 | bf16_mfu: 59.89 | epoch: 1 pq: 6 rg: 63 | total time: 21.22m | eta: 56.6m
step 00610/02205 (27.66%) | loss: 3.243403 | lrm: 1.00 | dt: 2128.89ms | tok/sec: 246,273 | bf16_mfu: 59.97 | epoch: 1 pq: 6 rg: 64 | total time: 21.26m | eta: 56.5m
step 00611/02205 (27.71%) | loss: 3.239742 | lrm: 1.00 | dt: 2127.27ms | tok/sec: 246,459 | bf16_mfu: 60.01 | epoch: 1 pq: 6 rg: 65 | total time: 21.30m | eta: 56.5m
step 00612/02205 (27.76%) | loss: 3.248382 | lrm: 1.00 | dt: 2127.87ms | tok/sec: 246,390 | bf16_mfu: 59.99 | epoch: 1 pq: 6 rg: 66 | total time: 21.33m | eta: 56.4m
step 00613/02205 (27.80%) | loss: 3.245133 | lrm: 1.00 | dt: 2126.76ms | tok/sec: 246,519 | bf16_mfu: 60.03 | epoch: 1 pq: 6 rg: 67 | total time: 21.37m | eta: 56.4m
step 00614/02205 (27.85%) | loss: 3.245085 | lrm: 1.00 | dt: 2129.54ms | tok/sec: 246,198 | bf16_mfu: 59.95 | epoch: 1 pq: 6 rg: 68 | total time: 21.40m | eta: 56.4m
step 00615/02205 (27.89%) | loss: 3.251662 | lrm: 1.00 | dt: 2130.00ms | tok/sec: 246,144 | bf16_mfu: 59.93 | epoch: 1 pq: 6 rg: 69 | total time: 21.44m | eta: 56.3m
step 00616/02205 (27.94%) | loss: 3.249455 | lrm: 1.00 | dt: 2124.33ms | tok/sec: 246,801 | bf16_mfu: 60.09 | epoch: 1 pq: 6 rg: 70 | total time: 21.47m | eta: 56.3m
step 00617/02205 (27.98%) | loss: 3.246496 | lrm: 1.00 | dt: 2131.00ms | tok/sec: 246,029 | bf16_mfu: 59.91 | epoch: 1 pq: 6 rg: 71 | total time: 21.51m | eta: 56.3m
step 00618/02205 (28.03%) | loss: 3.248571 | lrm: 1.00 | dt: 2131.09ms | tok/sec: 246,018 | bf16_mfu: 59.90 | epoch: 1 pq: 6 rg: 72 | total time: 21.54m | eta: 56.2m
step 00619/02205 (28.07%) | loss: 3.247706 | lrm: 1.00 | dt: 2134.10ms | tok/sec: 245,672 | bf16_mfu: 59.82 | epoch: 1 pq: 6 rg: 73 | total time: 21.58m | eta: 56.2m
step 00620/02205 (28.12%) | loss: 3.246353 | lrm: 1.00 | dt: 2129.56ms | tok/sec: 246,195 | bf16_mfu: 59.95 | epoch: 1 pq: 6 rg: 73 | total time: 21.61m | eta: 56.2m
step 00621/02205 (28.16%) | loss: 3.252495 | lrm: 1.00 | dt: 2127.73ms | tok/sec: 246,407 | bf16_mfu: 60.00 | epoch: 1 pq: 6 rg: 74 | total time: 21.65m | eta: 56.1m
step 00622/02205 (28.21%) | loss: 3.251675 | lrm: 1.00 | dt: 2130.64ms | tok/sec: 246,070 | bf16_mfu: 59.92 | epoch: 1 pq: 6 rg: 75 | total time: 21.69m | eta: 56.1m
step 00623/02205 (28.25%) | loss: 3.255379 | lrm: 1.00 | dt: 2129.00ms | tok/sec: 246,259 | bf16_mfu: 59.96 | epoch: 1 pq: 6 rg: 76 | total time: 21.72m | eta: 56.1m
step 00624/02205 (28.30%) | loss: 3.256978 | lrm: 1.00 | dt: 2125.32ms | tok/sec: 246,686 | bf16_mfu: 60.07 | epoch: 1 pq: 6 rg: 77 | total time: 21.76m | eta: 56.0m
step 00625/02205 (28.34%) | loss: 3.250134 | lrm: 1.00 | dt: 2128.70ms | tok/sec: 246,294 | bf16_mfu: 59.97 | epoch: 1 pq: 6 rg: 78 | total time: 21.79m | eta: 56.0m
step 00626/02205 (28.39%) | loss: 3.250642 | lrm: 1.00 | dt: 2129.51ms | tok/sec: 246,200 | bf16_mfu: 59.95 | epoch: 1 pq: 6 rg: 79 | total time: 21.83m | eta: 56.0m
step 00627/02205 (28.44%) | loss: 3.254423 | lrm: 1.00 | dt: 2127.28ms | tok/sec: 246,459 | bf16_mfu: 60.01 | epoch: 1 pq: 6 rg: 80 | total time: 21.86m | eta: 55.9m
step 00628/02205 (28.48%) | loss: 3.241348 | lrm: 1.00 | dt: 2126.20ms | tok/sec: 246,583 | bf16_mfu: 60.04 | epoch: 1 pq: 6 rg: 81 | total time: 21.90m | eta: 55.9m
step 00629/02205 (28.53%) | loss: 3.239108 | lrm: 1.00 | dt: 2127.93ms | tok/sec: 246,384 | bf16_mfu: 59.99 | epoch: 1 pq: 7 rg: 0 | total time: 21.93m | eta: 55.8m
step 00630/02205 (28.57%) | loss: 3.239895 | lrm: 1.00 | dt: 2133.92ms | tok/sec: 245,692 | bf16_mfu: 59.82 | epoch: 1 pq: 7 rg: 1 | total time: 21.97m | eta: 55.8m
step 00631/02205 (28.62%) | loss: 3.242116 | lrm: 1.00 | dt: 2130.51ms | tok/sec: 246,085 | bf16_mfu: 59.92 | epoch: 1 pq: 7 rg: 2 | total time: 22.01m | eta: 55.8m
step 00632/02205 (28.66%) | loss: 3.247144 | lrm: 1.00 | dt: 2127.77ms | tok/sec: 246,403 | bf16_mfu: 60.00 | epoch: 1 pq: 7 rg: 3 | total time: 22.04m | eta: 55.7m
step 00633/02205 (28.71%) | loss: 3.239673 | lrm: 1.00 | dt: 2131.73ms | tok/sec: 245,944 | bf16_mfu: 59.89 | epoch: 1 pq: 7 rg: 3 | total time: 22.08m | eta: 55.7m
step 00634/02205 (28.75%) | loss: 3.229136 | lrm: 1.00 | dt: 2132.46ms | tok/sec: 245,860 | bf16_mfu: 59.87 | epoch: 1 pq: 7 rg: 4 | total time: 22.11m | eta: 55.7m
step 00635/02205 (28.80%) | loss: 3.226618 | lrm: 1.00 | dt: 2124.67ms | tok/sec: 246,762 | bf16_mfu: 60.08 | epoch: 1 pq: 7 rg: 5 | total time: 22.15m | eta: 55.6m
step 00636/02205 (28.84%) | loss: 3.221995 | lrm: 1.00 | dt: 2132.43ms | tok/sec: 245,864 | bf16_mfu: 59.87 | epoch: 1 pq: 7 rg: 6 | total time: 22.18m | eta: 55.6m
step 00637/02205 (28.89%) | loss: 3.223472 | lrm: 1.00 | dt: 2127.65ms | tok/sec: 246,416 | bf16_mfu: 60.00 | epoch: 1 pq: 7 rg: 7 | total time: 22.22m | eta: 55.6m
step 00638/02205 (28.93%) | loss: 3.222528 | lrm: 1.00 | dt: 2127.24ms | tok/sec: 246,464 | bf16_mfu: 60.01 | epoch: 1 pq: 7 rg: 8 | total time: 22.25m | eta: 55.5m
step 00639/02205 (28.98%) | loss: 3.222894 | lrm: 1.00 | dt: 2127.55ms | tok/sec: 246,428 | bf16_mfu: 60.00 | epoch: 1 pq: 7 rg: 9 | total time: 22.29m | eta: 55.5m
step 00640/02205 (29.02%) | loss: 3.218904 | lrm: 1.00 | dt: 2127.29ms | tok/sec: 246,457 | bf16_mfu: 60.01 | epoch: 1 pq: 7 rg: 10 | total time: 22.32m | eta: 55.5m
step 00641/02205 (29.07%) | loss: 3.221823 | lrm: 1.00 | dt: 2129.10ms | tok/sec: 246,248 | bf16_mfu: 59.96 | epoch: 1 pq: 7 rg: 11 | total time: 22.36m | eta: 55.4m
step 00642/02205 (29.12%) | loss: 3.220967 | lrm: 1.00 | dt: 2128.88ms | tok/sec: 246,274 | bf16_mfu: 59.97 | epoch: 1 pq: 7 rg: 12 | total time: 22.40m | eta: 55.4m
step 00643/02205 (29.16%) | loss: 3.221685 | lrm: 1.00 | dt: 2132.78ms | tok/sec: 245,824 | bf16_mfu: 59.86 | epoch: 1 pq: 7 rg: 13 | total time: 22.43m | eta: 55.4m
step 00644/02205 (29.21%) | loss: 3.228472 | lrm: 1.00 | dt: 2127.14ms | tok/sec: 246,475 | bf16_mfu: 60.01 | epoch: 1 pq: 7 rg: 14 | total time: 22.47m | eta: 55.3m
step 00645/02205 (29.25%) | loss: 3.225477 | lrm: 1.00 | dt: 2129.59ms | tok/sec: 246,192 | bf16_mfu: 59.95 | epoch: 1 pq: 7 rg: 15 | total time: 22.50m | eta: 55.3m
step 00646/02205 (29.30%) | loss: 3.222070 | lrm: 1.00 | dt: 2127.76ms | tok/sec: 246,403 | bf16_mfu: 60.00 | epoch: 1 pq: 7 rg: 15 | total time: 22.54m | eta: 55.2m
step 00647/02205 (29.34%) | loss: 3.221564 | lrm: 1.00 | dt: 2128.22ms | tok/sec: 246,350 | bf16_mfu: 59.98 | epoch: 1 pq: 7 rg: 16 | total time: 22.57m | eta: 55.2m
step 00648/02205 (29.39%) | loss: 3.226479 | lrm: 1.00 | dt: 2127.55ms | tok/sec: 246,428 | bf16_mfu: 60.00 | epoch: 1 pq: 7 rg: 17 | total time: 22.61m | eta: 55.2m
step 00649/02205 (29.43%) | loss: 3.228149 | lrm: 1.00 | dt: 2132.23ms | tok/sec: 245,887 | bf16_mfu: 59.87 | epoch: 1 pq: 7 rg: 18 | total time: 22.64m | eta: 55.1m
step 00650/02205 (29.48%) | loss: 3.225096 | lrm: 1.00 | dt: 2130.52ms | tok/sec: 246,084 | bf16_mfu: 59.92 | epoch: 1 pq: 7 rg: 19 | total time: 22.68m | eta: 55.1m
step 00651/02205 (29.52%) | loss: 3.232906 | lrm: 1.00 | dt: 2130.25ms | tok/sec: 246,115 | bf16_mfu: 59.93 | epoch: 1 pq: 7 rg: 20 | total time: 22.71m | eta: 55.1m
step 00652/02205 (29.57%) | loss: 3.233816 | lrm: 1.00 | dt: 2131.42ms | tok/sec: 245,981 | bf16_mfu: 59.89 | epoch: 1 pq: 7 rg: 21 | total time: 22.75m | eta: 55.0m
step 00653/02205 (29.61%) | loss: 3.234345 | lrm: 1.00 | dt: 2131.24ms | tok/sec: 246,000 | bf16_mfu: 59.90 | epoch: 1 pq: 7 rg: 22 | total time: 22.79m | eta: 55.0m
step 00654/02205 (29.66%) | loss: 3.235802 | lrm: 1.00 | dt: 2127.70ms | tok/sec: 246,410 | bf16_mfu: 60.00 | epoch: 1 pq: 7 rg: 23 | total time: 22.82m | eta: 55.0m
step 00655/02205 (29.71%) | loss: 3.232094 | lrm: 1.00 | dt: 2127.21ms | tok/sec: 246,467 | bf16_mfu: 60.01 | epoch: 1 pq: 7 rg: 24 | total time: 22.86m | eta: 54.9m
step 00656/02205 (29.75%) | loss: 3.228692 | lrm: 1.00 | dt: 2133.58ms | tok/sec: 245,731 | bf16_mfu: 59.83 | epoch: 1 pq: 7 rg: 25 | total time: 22.89m | eta: 54.9m
step 00657/02205 (29.80%) | loss: 3.228572 | lrm: 1.00 | dt: 2127.98ms | tok/sec: 246,377 | bf16_mfu: 59.99 | epoch: 1 pq: 7 rg: 26 | total time: 22.93m | eta: 54.9m
step 00658/02205 (29.84%) | loss: 3.227760 | lrm: 1.00 | dt: 2128.82ms | tok/sec: 246,280 | bf16_mfu: 59.97 | epoch: 1 pq: 7 rg: 27 | total time: 22.96m | eta: 54.8m
step 00659/02205 (29.89%) | loss: 3.224045 | lrm: 1.00 | dt: 2123.49ms | tok/sec: 246,899 | bf16_mfu: 60.12 | epoch: 1 pq: 7 rg: 27 | total time: 23.00m | eta: 54.8m
step 00660/02205 (29.93%) | loss: 3.224500 | lrm: 1.00 | dt: 2130.81ms | tok/sec: 246,051 | bf16_mfu: 59.91 | epoch: 1 pq: 7 rg: 28 | total time: 23.03m | eta: 54.8m
step 00661/02205 (29.98%) | loss: 3.223530 | lrm: 1.00 | dt: 2129.42ms | tok/sec: 246,212 | bf16_mfu: 59.95 | epoch: 1 pq: 7 rg: 29 | total time: 23.07m | eta: 54.7m
step 00662/02205 (30.02%) | loss: 3.221561 | lrm: 1.00 | dt: 2131.04ms | tok/sec: 246,023 | bf16_mfu: 59.90 | epoch: 1 pq: 7 rg: 30 | total time: 23.11m | eta: 54.7m
step 00663/02205 (30.07%) | loss: 3.218363 | lrm: 1.00 | dt: 2126.80ms | tok/sec: 246,514 | bf16_mfu: 60.02 | epoch: 1 pq: 7 rg: 31 | total time: 23.14m | eta: 54.6m
step 00664/02205 (30.11%) | loss: 3.215309 | lrm: 1.00 | dt: 2128.65ms | tok/sec: 246,300 | bf16_mfu: 59.97 | epoch: 1 pq: 7 rg: 32 | total time: 23.18m | eta: 54.6m
step 00665/02205 (30.16%) | loss: 3.217170 | lrm: 1.00 | dt: 2131.14ms | tok/sec: 246,013 | bf16_mfu: 59.90 | epoch: 1 pq: 7 rg: 33 | total time: 23.21m | eta: 54.6m
step 00666/02205 (30.20%) | loss: 3.214211 | lrm: 1.00 | dt: 2128.19ms | tok/sec: 246,354 | bf16_mfu: 59.99 | epoch: 1 pq: 7 rg: 34 | total time: 23.25m | eta: 54.5m
step 00667/02205 (30.25%) | loss: 3.213639 | lrm: 1.00 | dt: 2131.83ms | tok/sec: 245,933 | bf16_mfu: 59.88 | epoch: 1 pq: 7 rg: 35 | total time: 23.28m | eta: 54.5m
step 00668/02205 (30.29%) | loss: 3.211043 | lrm: 1.00 | dt: 2127.27ms | tok/sec: 246,460 | bf16_mfu: 60.01 | epoch: 1 pq: 7 rg: 36 | total time: 23.32m | eta: 54.5m
step 00669/02205 (30.34%) | loss: 3.216948 | lrm: 1.00 | dt: 2128.27ms | tok/sec: 246,344 | bf16_mfu: 59.98 | epoch: 1 pq: 7 rg: 37 | total time: 23.35m | eta: 54.4m
step 00670/02205 (30.39%) | loss: 3.216306 | lrm: 1.00 | dt: 2127.90ms | tok/sec: 246,387 | bf16_mfu: 59.99 | epoch: 1 pq: 7 rg: 38 | total time: 23.39m | eta: 54.4m
step 00671/02205 (30.43%) | loss: 3.213825 | lrm: 1.00 | dt: 2125.49ms | tok/sec: 246,666 | bf16_mfu: 60.06 | epoch: 1 pq: 7 rg: 39 | total time: 23.42m | eta: 54.4m
step 00672/02205 (30.48%) | loss: 3.209665 | lrm: 1.00 | dt: 2132.27ms | tok/sec: 245,882 | bf16_mfu: 59.87 | epoch: 1 pq: 7 rg: 40 | total time: 23.46m | eta: 54.3m
step 00673/02205 (30.52%) | loss: 3.209130 | lrm: 1.00 | dt: 2129.36ms | tok/sec: 246,218 | bf16_mfu: 59.95 | epoch: 1 pq: 7 rg: 40 | total time: 23.50m | eta: 54.3m
step 00674/02205 (30.57%) | loss: 3.207739 | lrm: 1.00 | dt: 2130.82ms | tok/sec: 246,049 | bf16_mfu: 59.91 | epoch: 1 pq: 7 rg: 41 | total time: 23.53m | eta: 54.3m
step 00675/02205 (30.61%) | loss: 3.212415 | lrm: 1.00 | dt: 2132.69ms | tok/sec: 245,834 | bf16_mfu: 59.86 | epoch: 1 pq: 7 rg: 42 | total time: 23.57m | eta: 54.2m
step 00676/02205 (30.66%) | loss: 3.214013 | lrm: 1.00 | dt: 2129.30ms | tok/sec: 246,225 | bf16_mfu: 59.95 | epoch: 1 pq: 7 rg: 43 | total time: 23.60m | eta: 54.2m
step 00677/02205 (30.70%) | loss: 3.204939 | lrm: 1.00 | dt: 2125.19ms | tok/sec: 246,702 | bf16_mfu: 60.07 | epoch: 1 pq: 7 rg: 44 | total time: 23.64m | eta: 54.2m
step 00678/02205 (30.75%) | loss: 3.207616 | lrm: 1.00 | dt: 2127.08ms | tok/sec: 246,481 | bf16_mfu: 60.02 | epoch: 1 pq: 7 rg: 45 | total time: 23.67m | eta: 54.1m
step 00679/02205 (30.79%) | loss: 3.204542 | lrm: 1.00 | dt: 2123.21ms | tok/sec: 246,931 | bf16_mfu: 60.13 | epoch: 1 pq: 7 rg: 46 | total time: 23.71m | eta: 54.1m
step 00680/02205 (30.84%) | loss: 3.202831 | lrm: 1.00 | dt: 2129.98ms | tok/sec: 246,146 | bf16_mfu: 59.93 | epoch: 1 pq: 7 rg: 47 | total time: 23.74m | eta: 54.0m
step 00681/02205 (30.88%) | loss: 3.197182 | lrm: 1.00 | dt: 2132.52ms | tok/sec: 245,853 | bf16_mfu: 59.86 | epoch: 1 pq: 7 rg: 48 | total time: 23.78m | eta: 54.0m
step 00682/02205 (30.93%) | loss: 3.189436 | lrm: 1.00 | dt: 2130.01ms | tok/sec: 246,143 | bf16_mfu: 59.93 | epoch: 1 pq: 7 rg: 49 | total time: 23.81m | eta: 54.0m
step 00683/02205 (30.98%) | loss: 3.189308 | lrm: 1.00 | dt: 2132.59ms | tok/sec: 245,846 | bf16_mfu: 59.86 | epoch: 1 pq: 7 rg: 50 | total time: 23.85m | eta: 53.9m
step 00684/02205 (31.02%) | loss: 3.188533 | lrm: 1.00 | dt: 2128.81ms | tok/sec: 246,282 | bf16_mfu: 59.97 | epoch: 1 pq: 7 rg: 51 | total time: 23.89m | eta: 53.9m
step 00685/02205 (31.07%) | loss: 3.182094 | lrm: 1.00 | dt: 2132.21ms | tok/sec: 245,889 | bf16_mfu: 59.87 | epoch: 1 pq: 7 rg: 51 | total time: 23.92m | eta: 53.9m
step 00686/02205 (31.11%) | loss: 3.187244 | lrm: 1.00 | dt: 2125.28ms | tok/sec: 246,690 | bf16_mfu: 60.07 | epoch: 1 pq: 7 rg: 52 | total time: 23.96m | eta: 53.8m
step 00687/02205 (31.16%) | loss: 3.199310 | lrm: 1.00 | dt: 2130.71ms | tok/sec: 246,062 | bf16_mfu: 59.91 | epoch: 1 pq: 7 rg: 53 | total time: 23.99m | eta: 53.8m
step 00688/02205 (31.20%) | loss: 3.203290 | lrm: 1.00 | dt: 2128.48ms | tok/sec: 246,320 | bf16_mfu: 59.98 | epoch: 1 pq: 7 rg: 54 | total time: 24.03m | eta: 53.8m
step 00689/02205 (31.25%) | loss: 3.197650 | lrm: 1.00 | dt: 2128.83ms | tok/sec: 246,279 | bf16_mfu: 59.97 | epoch: 1 pq: 7 rg: 55 | total time: 24.06m | eta: 53.7m
step 00690/02205 (31.29%) | loss: 3.204008 | lrm: 1.00 | dt: 2128.59ms | tok/sec: 246,307 | bf16_mfu: 59.97 | epoch: 1 pq: 7 rg: 56 | total time: 24.10m | eta: 53.7m
step 00691/02205 (31.34%) | loss: 3.203213 | lrm: 1.00 | dt: 2131.40ms | tok/sec: 245,982 | bf16_mfu: 59.89 | epoch: 1 pq: 7 rg: 57 | total time: 24.13m | eta: 53.7m
step 00692/02205 (31.38%) | loss: 3.204182 | lrm: 1.00 | dt: 2127.95ms | tok/sec: 246,382 | bf16_mfu: 59.99 | epoch: 1 pq: 7 rg: 58 | total time: 24.17m | eta: 53.6m
step 00693/02205 (31.43%) | loss: 3.208220 | lrm: 1.00 | dt: 2127.73ms | tok/sec: 246,406 | bf16_mfu: 60.00 | epoch: 1 pq: 7 rg: 59 | total time: 24.21m | eta: 53.6m
step 00694/02205 (31.47%) | loss: 3.199033 | lrm: 1.00 | dt: 2132.04ms | tok/sec: 245,909 | bf16_mfu: 59.88 | epoch: 1 pq: 7 rg: 60 | total time: 24.24m | eta: 53.5m
step 00695/02205 (31.52%) | loss: 3.191403 | lrm: 1.00 | dt: 2131.55ms | tok/sec: 245,966 | bf16_mfu: 59.89 | epoch: 1 pq: 7 rg: 61 | total time: 24.28m | eta: 53.5m
step 00696/02205 (31.56%) | loss: 3.192900 | lrm: 1.00 | dt: 2128.49ms | tok/sec: 246,319 | bf16_mfu: 59.98 | epoch: 1 pq: 7 rg: 62 | total time: 24.31m | eta: 53.5m
step 00697/02205 (31.61%) | loss: 3.188670 | lrm: 1.00 | dt: 2127.77ms | tok/sec: 246,402 | bf16_mfu: 60.00 | epoch: 1 pq: 7 rg: 62 | total time: 24.35m | eta: 53.4m
step 00698/02205 (31.66%) | loss: 3.195713 | lrm: 1.00 | dt: 2132.53ms | tok/sec: 245,852 | bf16_mfu: 59.86 | epoch: 1 pq: 7 rg: 63 | total time: 24.38m | eta: 53.4m
step 00699/02205 (31.70%) | loss: 3.199454 | lrm: 1.00 | dt: 2128.34ms | tok/sec: 246,337 | bf16_mfu: 59.98 | epoch: 1 pq: 7 rg: 64 | total time: 24.42m | eta: 53.4m
step 00700/02205 (31.75%) | loss: 3.201969 | lrm: 1.00 | dt: 2132.19ms | tok/sec: 245,892 | bf16_mfu: 59.87 | epoch: 1 pq: 7 rg: 65 | total time: 24.45m | eta: 53.3m
step 00701/02205 (31.79%) | loss: 3.200349 | lrm: 1.00 | dt: 2127.73ms | tok/sec: 246,407 | bf16_mfu: 60.00 | epoch: 1 pq: 7 rg: 66 | total time: 24.49m | eta: 53.3m
step 00702/02205 (31.84%) | loss: 3.200702 | lrm: 1.00 | dt: 2130.90ms | tok/sec: 246,040 | bf16_mfu: 59.91 | epoch: 1 pq: 7 rg: 67 | total time: 24.52m | eta: 53.3m
step 00703/02205 (31.88%) | loss: 3.205468 | lrm: 1.00 | dt: 2127.76ms | tok/sec: 246,404 | bf16_mfu: 60.00 | epoch: 1 pq: 7 rg: 68 | total time: 24.56m | eta: 53.2m
step 00704/02205 (31.93%) | loss: 3.210828 | lrm: 1.00 | dt: 2130.47ms | tok/sec: 246,089 | bf16_mfu: 59.92 | epoch: 1 pq: 7 rg: 69 | total time: 24.60m | eta: 53.2m
step 00705/02205 (31.97%) | loss: 3.210823 | lrm: 1.00 | dt: 2127.28ms | tok/sec: 246,459 | bf16_mfu: 60.01 | epoch: 1 pq: 7 rg: 70 | total time: 24.63m | eta: 53.2m
step 00706/02205 (32.02%) | loss: 3.206182 | lrm: 1.00 | dt: 2126.67ms | tok/sec: 246,529 | bf16_mfu: 60.03 | epoch: 1 pq: 7 rg: 71 | total time: 24.67m | eta: 53.1m
step 00707/02205 (32.06%) | loss: 3.212979 | lrm: 1.00 | dt: 2126.95ms | tok/sec: 246,497 | bf16_mfu: 60.02 | epoch: 1 pq: 7 rg: 72 | total time: 24.70m | eta: 53.1m
step 00708/02205 (32.11%) | loss: 3.211763 | lrm: 1.00 | dt: 2129.23ms | tok/sec: 246,233 | bf16_mfu: 59.96 | epoch: 1 pq: 7 rg: 73 | total time: 24.74m | eta: 53.1m
step 00709/02205 (32.15%) | loss: 3.207011 | lrm: 1.00 | dt: 2126.40ms | tok/sec: 246,560 | bf16_mfu: 60.04 | epoch: 1 pq: 7 rg: 74 | total time: 24.77m | eta: 53.0m
step 00710/02205 (32.20%) | loss: 3.221377 | lrm: 1.00 | dt: 2133.51ms | tok/sec: 245,739 | bf16_mfu: 59.84 | epoch: 1 pq: 7 rg: 74 | total time: 24.81m | eta: 53.0m
step 00711/02205 (32.24%) | loss: 3.224234 | lrm: 1.00 | dt: 2125.89ms | tok/sec: 246,620 | bf16_mfu: 60.05 | epoch: 1 pq: 7 rg: 75 | total time: 24.84m | eta: 52.9m
step 00712/02205 (32.29%) | loss: 3.222249 | lrm: 1.00 | dt: 2129.96ms | tok/sec: 246,148 | bf16_mfu: 59.94 | epoch: 1 pq: 7 rg: 76 | total time: 24.88m | eta: 52.9m
step 00713/02205 (32.34%) | loss: 3.218023 | lrm: 1.00 | dt: 2123.69ms | tok/sec: 246,875 | bf16_mfu: 60.11 | epoch: 1 pq: 7 rg: 77 | total time: 24.91m | eta: 52.9m
step 00714/02205 (32.38%) | loss: 3.210055 | lrm: 1.00 | dt: 2130.18ms | tok/sec: 246,124 | bf16_mfu: 59.93 | epoch: 1 pq: 7 rg: 78 | total time: 24.95m | eta: 52.8m
step 00715/02205 (32.43%) | loss: 3.211308 | lrm: 1.00 | dt: 2130.39ms | tok/sec: 246,098 | bf16_mfu: 59.92 | epoch: 1 pq: 7 rg: 79 | total time: 24.99m | eta: 52.8m
step 00716/02205 (32.47%) | loss: 3.211590 | lrm: 1.00 | dt: 2128.97ms | tok/sec: 246,264 | bf16_mfu: 59.96 | epoch: 1 pq: 7 rg: 80 | total time: 25.02m | eta: 52.8m
step 00717/02205 (32.52%) | loss: 3.210356 | lrm: 1.00 | dt: 2127.83ms | tok/sec: 246,395 | bf16_mfu: 60.00 | epoch: 1 pq: 7 rg: 81 | total time: 25.06m | eta: 52.7m
step 00718/02205 (32.56%) | loss: 3.210373 | lrm: 1.00 | dt: 2128.44ms | tok/sec: 246,324 | bf16_mfu: 59.98 | epoch: 1 pq: 8 rg: 0 | total time: 25.09m | eta: 52.7m
step 00719/02205 (32.61%) | loss: 3.211121 | lrm: 1.00 | dt: 2129.06ms | tok/sec: 246,252 | bf16_mfu: 59.96 | epoch: 1 pq: 8 rg: 1 | total time: 25.13m | eta: 52.7m
step 00720/02205 (32.65%) | loss: 3.201258 | lrm: 1.00 | dt: 2129.69ms | tok/sec: 246,180 | bf16_mfu: 59.94 | epoch: 1 pq: 8 rg: 2 | total time: 25.16m | eta: 52.6m
step 00721/02205 (32.70%) | loss: 3.195273 | lrm: 1.00 | dt: 2131.05ms | tok/sec: 246,023 | bf16_mfu: 59.90 | epoch: 1 pq: 8 rg: 3 | total time: 25.20m | eta: 52.6m
step 00722/02205 (32.74%) | loss: 3.200595 | lrm: 1.00 | dt: 2128.81ms | tok/sec: 246,281 | bf16_mfu: 59.97 | epoch: 1 pq: 8 rg: 4 | total time: 25.23m | eta: 52.6m
step 00723/02205 (32.79%) | loss: 3.198255 | lrm: 1.00 | dt: 2127.04ms | tok/sec: 246,487 | bf16_mfu: 60.02 | epoch: 1 pq: 8 rg: 5 | total time: 25.27m | eta: 52.5m
step 00724/02205 (32.83%) | loss: 3.202338 | lrm: 1.00 | dt: 2129.40ms | tok/sec: 246,213 | bf16_mfu: 59.95 | epoch: 1 pq: 8 rg: 5 | total time: 25.31m | eta: 52.5m
step 00725/02205 (32.88%) | loss: 3.196211 | lrm: 1.00 | dt: 2131.84ms | tok/sec: 245,932 | bf16_mfu: 59.88 | epoch: 1 pq: 8 rg: 6 | total time: 25.34m | eta: 52.5m
step 00726/02205 (32.93%) | loss: 3.203716 | lrm: 1.00 | dt: 2132.98ms | tok/sec: 245,800 | bf16_mfu: 59.85 | epoch: 1 pq: 8 rg: 7 | total time: 25.38m | eta: 52.4m
step 00727/02205 (32.97%) | loss: 3.196941 | lrm: 1.00 | dt: 2129.80ms | tok/sec: 246,167 | bf16_mfu: 59.94 | epoch: 1 pq: 8 rg: 8 | total time: 25.41m | eta: 52.4m
step 00728/02205 (33.02%) | loss: 3.194220 | lrm: 1.00 | dt: 2132.76ms | tok/sec: 245,826 | bf16_mfu: 59.86 | epoch: 1 pq: 8 rg: 9 | total time: 25.45m | eta: 52.3m
step 00729/02205 (33.06%) | loss: 3.192241 | lrm: 1.00 | dt: 2128.30ms | tok/sec: 246,341 | bf16_mfu: 59.98 | epoch: 1 pq: 8 rg: 10 | total time: 25.48m | eta: 52.3m
step 00730/02205 (33.11%) | loss: 3.194757 | lrm: 1.00 | dt: 2129.17ms | tok/sec: 246,240 | bf16_mfu: 59.96 | epoch: 1 pq: 8 rg: 11 | total time: 25.52m | eta: 52.3m
step 00731/02205 (33.15%) | loss: 3.193890 | lrm: 1.00 | dt: 2129.55ms | tok/sec: 246,196 | bf16_mfu: 59.95 | epoch: 1 pq: 8 rg: 12 | total time: 25.55m | eta: 52.2m
step 00732/02205 (33.20%) | loss: 3.192125 | lrm: 1.00 | dt: 2131.69ms | tok/sec: 245,949 | bf16_mfu: 59.89 | epoch: 1 pq: 8 rg: 13 | total time: 25.59m | eta: 52.2m
step 00733/02205 (33.24%) | loss: 3.188223 | lrm: 1.00 | dt: 2127.71ms | tok/sec: 246,409 | bf16_mfu: 60.00 | epoch: 1 pq: 8 rg: 14 | total time: 25.62m | eta: 52.2m
step 00734/02205 (33.29%) | loss: 3.189097 | lrm: 1.00 | dt: 2129.86ms | tok/sec: 246,161 | bf16_mfu: 59.94 | epoch: 1 pq: 8 rg: 15 | total time: 25.66m | eta: 52.1m
step 00735/02205 (33.33%) | loss: 3.183958 | lrm: 1.00 | dt: 2128.28ms | tok/sec: 246,343 | bf16_mfu: 59.98 | epoch: 1 pq: 8 rg: 15 | total time: 25.70m | eta: 52.1m
step 00736/02205 (33.38%) | loss: 3.184299 | lrm: 1.00 | dt: 2126.37ms | tok/sec: 246,564 | bf16_mfu: 60.04 | epoch: 1 pq: 8 rg: 16 | total time: 25.73m | eta: 52.1m
step 00737/02205 (33.42%) | loss: 3.182870 | lrm: 1.00 | dt: 2128.45ms | tok/sec: 246,323 | bf16_mfu: 59.98 | epoch: 1 pq: 8 rg: 17 | total time: 25.77m | eta: 52.0m
step 00738/02205 (33.47%) | loss: 3.184883 | lrm: 1.00 | dt: 2131.99ms | tok/sec: 245,914 | bf16_mfu: 59.88 | epoch: 1 pq: 8 rg: 18 | total time: 25.80m | eta: 52.0m
step 00739/02205 (33.51%) | loss: 3.192327 | lrm: 1.00 | dt: 2131.44ms | tok/sec: 245,978 | bf16_mfu: 59.89 | epoch: 1 pq: 8 rg: 19 | total time: 25.84m | eta: 52.0m
step 00740/02205 (33.56%) | loss: 3.190417 | lrm: 1.00 | dt: 2132.57ms | tok/sec: 245,848 | bf16_mfu: 59.86 | epoch: 1 pq: 8 rg: 20 | total time: 25.87m | eta: 51.9m
step 00741/02205 (33.61%) | loss: 3.183679 | lrm: 1.00 | dt: 2125.81ms | tok/sec: 246,629 | bf16_mfu: 60.05 | epoch: 1 pq: 8 rg: 21 | total time: 25.91m | eta: 51.9m
step 00742/02205 (33.65%) | loss: 3.182564 | lrm: 1.00 | dt: 2132.65ms | tok/sec: 245,838 | bf16_mfu: 59.86 | epoch: 1 pq: 8 rg: 22 | total time: 25.94m | eta: 51.9m
step 00743/02205 (33.70%) | loss: 3.186732 | lrm: 1.00 | dt: 2133.19ms | tok/sec: 245,776 | bf16_mfu: 59.84 | epoch: 1 pq: 8 rg: 23 | total time: 25.98m | eta: 51.8m
step 00744/02205 (33.74%) | loss: 3.180877 | lrm: 1.00 | dt: 2131.24ms | tok/sec: 246,001 | bf16_mfu: 59.90 | epoch: 1 pq: 8 rg: 24 | total time: 26.02m | eta: 51.8m
step 00745/02205 (33.79%) | loss: 3.179833 | lrm: 1.00 | dt: 2129.73ms | tok/sec: 246,175 | bf16_mfu: 59.94 | epoch: 1 pq: 8 rg: 25 | total time: 26.05m | eta: 51.7m
step 00746/02205 (33.83%) | loss: 3.173864 | lrm: 1.00 | dt: 2134.14ms | tok/sec: 245,667 | bf16_mfu: 59.82 | epoch: 1 pq: 8 rg: 26 | total time: 26.09m | eta: 51.7m
step 00747/02205 (33.88%) | loss: 3.170444 | lrm: 1.00 | dt: 2130.81ms | tok/sec: 246,051 | bf16_mfu: 59.91 | epoch: 1 pq: 8 rg: 26 | total time: 26.12m | eta: 51.7m
step 00748/02205 (33.92%) | loss: 3.174075 | lrm: 1.00 | dt: 2128.22ms | tok/sec: 246,351 | bf16_mfu: 59.98 | epoch: 1 pq: 8 rg: 27 | total time: 26.16m | eta: 51.6m
step 00749/02205 (33.97%) | loss: 3.178711 | lrm: 1.00 | dt: 2130.54ms | tok/sec: 246,082 | bf16_mfu: 59.92 | epoch: 1 pq: 8 rg: 28 | total time: 26.19m | eta: 51.6m
Step 00750 | Validation bpb: 0.973301
step 00750/02205 (34.01%) | loss: 3.172841 | lrm: 1.00 | dt: 2128.88ms | tok/sec: 246,274 | bf16_mfu: 59.97 | epoch: 1 pq: 8 rg: 29 | total time: 26.23m | eta: 51.6m
step 00751/02205 (34.06%) | loss: 3.174979 | lrm: 1.00 | dt: 2130.94ms | tok/sec: 246,035 | bf16_mfu: 59.91 | epoch: 1 pq: 8 rg: 30 | total time: 26.26m | eta: 51.5m
step 00752/02205 (34.10%) | loss: 3.176491 | lrm: 1.00 | dt: 2127.87ms | tok/sec: 246,390 | bf16_mfu: 59.99 | epoch: 1 pq: 8 rg: 31 | total time: 26.30m | eta: 51.5m
step 00753/02205 (34.15%) | loss: 3.182464 | lrm: 1.00 | dt: 2131.57ms | tok/sec: 245,963 | bf16_mfu: 59.89 | epoch: 1 pq: 8 rg: 32 | total time: 26.33m | eta: 51.5m
step 00754/02205 (34.20%) | loss: 3.183806 | lrm: 1.00 | dt: 2128.00ms | tok/sec: 246,376 | bf16_mfu: 59.99 | epoch: 1 pq: 8 rg: 33 | total time: 26.37m | eta: 51.4m
step 00755/02205 (34.24%) | loss: 3.190678 | lrm: 1.00 | dt: 2128.29ms | tok/sec: 246,342 | bf16_mfu: 59.98 | epoch: 1 pq: 8 rg: 34 | total time: 26.41m | eta: 51.4m
step 00756/02205 (34.29%) | loss: 3.187786 | lrm: 1.00 | dt: 2127.97ms | tok/sec: 246,379 | bf16_mfu: 59.99 | epoch: 1 pq: 8 rg: 35 | total time: 26.44m | eta: 51.4m
step 00757/02205 (34.33%) | loss: 3.179128 | lrm: 1.00 | dt: 2132.18ms | tok/sec: 245,893 | bf16_mfu: 59.87 | epoch: 1 pq: 8 rg: 36 | total time: 26.48m | eta: 51.3m
step 00758/02205 (34.38%) | loss: 3.180706 | lrm: 1.00 | dt: 2129.34ms | tok/sec: 246,220 | bf16_mfu: 59.95 | epoch: 1 pq: 8 rg: 37 | total time: 26.51m | eta: 51.3m
step 00759/02205 (34.42%) | loss: 3.185385 | lrm: 1.00 | dt: 2127.68ms | tok/sec: 246,413 | bf16_mfu: 60.00 | epoch: 1 pq: 8 rg: 38 | total time: 26.55m | eta: 51.3m
step 00760/02205 (34.47%) | loss: 3.189169 | lrm: 1.00 | dt: 2129.40ms | tok/sec: 246,214 | bf16_mfu: 59.95 | epoch: 1 pq: 8 rg: 39 | total time: 26.58m | eta: 51.2m
step 00761/02205 (34.51%) | loss: 3.184160 | lrm: 1.00 | dt: 2128.55ms | tok/sec: 246,312 | bf16_mfu: 59.98 | epoch: 1 pq: 8 rg: 39 | total time: 26.62m | eta: 51.2m
step 00762/02205 (34.56%) | loss: 3.180278 | lrm: 1.00 | dt: 2130.57ms | tok/sec: 246,078 | bf16_mfu: 59.92 | epoch: 1 pq: 8 rg: 40 | total time: 26.65m | eta: 51.1m
step 00763/02205 (34.60%) | loss: 3.181372 | lrm: 1.00 | dt: 2128.88ms | tok/sec: 246,273 | bf16_mfu: 59.97 | epoch: 1 pq: 8 rg: 41 | total time: 26.69m | eta: 51.1m
step 00764/02205 (34.65%) | loss: 3.173529 | lrm: 1.00 | dt: 2131.16ms | tok/sec: 246,010 | bf16_mfu: 59.90 | epoch: 1 pq: 8 rg: 42 | total time: 26.73m | eta: 51.1m
step 00765/02205 (34.69%) | loss: 3.173422 | lrm: 1.00 | dt: 2126.10ms | tok/sec: 246,595 | bf16_mfu: 60.04 | epoch: 1 pq: 8 rg: 43 | total time: 26.76m | eta: 51.0m
step 00766/02205 (34.74%) | loss: 3.167757 | lrm: 1.00 | dt: 2125.92ms | tok/sec: 246,617 | bf16_mfu: 60.05 | epoch: 1 pq: 8 rg: 44 | total time: 26.80m | eta: 51.0m
step 00767/02205 (34.78%) | loss: 3.168552 | lrm: 1.00 | dt: 2122.51ms | tok/sec: 247,013 | bf16_mfu: 60.15 | epoch: 1 pq: 8 rg: 45 | total time: 26.83m | eta: 51.0m
step 00768/02205 (34.83%) | loss: 3.161535 | lrm: 1.00 | dt: 2132.81ms | tok/sec: 245,819 | bf16_mfu: 59.86 | epoch: 1 pq: 8 rg: 46 | total time: 26.87m | eta: 50.9m
step 00769/02205 (34.88%) | loss: 3.160993 | lrm: 1.00 | dt: 2132.37ms | tok/sec: 245,870 | bf16_mfu: 59.87 | epoch: 1 pq: 8 rg: 47 | total time: 26.90m | eta: 50.9m
step 00770/02205 (34.92%) | loss: 3.168073 | lrm: 1.00 | dt: 2129.42ms | tok/sec: 246,211 | bf16_mfu: 59.95 | epoch: 1 pq: 8 rg: 48 | total time: 26.94m | eta: 50.9m
step 00771/02205 (34.97%) | loss: 3.171881 | lrm: 1.00 | dt: 2129.24ms | tok/sec: 246,232 | bf16_mfu: 59.96 | epoch: 1 pq: 8 rg: 49 | total time: 26.97m | eta: 50.8m
step 00772/02205 (35.01%) | loss: 3.177030 | lrm: 1.00 | dt: 2127.82ms | tok/sec: 246,396 | bf16_mfu: 60.00 | epoch: 1 pq: 8 rg: 50 | total time: 27.01m | eta: 50.8m
step 00773/02205 (35.06%) | loss: 3.181773 | lrm: 1.00 | dt: 2128.69ms | tok/sec: 246,295 | bf16_mfu: 59.97 | epoch: 1 pq: 8 rg: 51 | total time: 27.04m | eta: 50.8m
step 00774/02205 (35.10%) | loss: 3.174845 | lrm: 1.00 | dt: 2129.33ms | tok/sec: 246,221 | bf16_mfu: 59.95 | epoch: 1 pq: 8 rg: 51 | total time: 27.08m | eta: 50.7m
step 00775/02205 (35.15%) | loss: 3.170882 | lrm: 1.00 | dt: 2136.20ms | tok/sec: 245,430 | bf16_mfu: 59.76 | epoch: 1 pq: 8 rg: 52 | total time: 27.12m | eta: 50.7m
step 00776/02205 (35.19%) | loss: 3.167202 | lrm: 1.00 | dt: 2129.48ms | tok/sec: 246,204 | bf16_mfu: 59.95 | epoch: 1 pq: 8 rg: 53 | total time: 27.15m | eta: 50.7m
step 00777/02205 (35.24%) | loss: 3.169953 | lrm: 1.00 | dt: 2131.40ms | tok/sec: 245,983 | bf16_mfu: 59.89 | epoch: 1 pq: 8 rg: 54 | total time: 27.19m | eta: 50.6m
step 00778/02205 (35.28%) | loss: 3.170255 | lrm: 1.00 | dt: 2129.20ms | tok/sec: 246,237 | bf16_mfu: 59.96 | epoch: 1 pq: 8 rg: 55 | total time: 27.22m | eta: 50.6m
step 00779/02205 (35.33%) | loss: 3.164580 | lrm: 1.00 | dt: 2130.51ms | tok/sec: 246,086 | bf16_mfu: 59.92 | epoch: 1 pq: 8 rg: 56 | total time: 27.26m | eta: 50.5m
step 00780/02205 (35.37%) | loss: 3.166980 | lrm: 0.99 | dt: 2129.92ms | tok/sec: 246,153 | bf16_mfu: 59.94 | epoch: 1 pq: 8 rg: 57 | total time: 27.29m | eta: 50.5m
step 00781/02205 (35.42%) | loss: 3.174408 | lrm: 0.99 | dt: 2132.71ms | tok/sec: 245,831 | bf16_mfu: 59.86 | epoch: 1 pq: 8 rg: 58 | total time: 27.33m | eta: 50.5m
step 00782/02205 (35.46%) | loss: 3.180899 | lrm: 0.99 | dt: 2129.54ms | tok/sec: 246,197 | bf16_mfu: 59.95 | epoch: 1 pq: 8 rg: 59 | total time: 27.36m | eta: 50.4m
step 00783/02205 (35.51%) | loss: 3.186225 | lrm: 0.99 | dt: 2127.80ms | tok/sec: 246,399 | bf16_mfu: 60.00 | epoch: 1 pq: 8 rg: 60 | total time: 27.40m | eta: 50.4m
step 00784/02205 (35.56%) | loss: 3.191907 | lrm: 0.99 | dt: 2123.91ms | tok/sec: 246,850 | bf16_mfu: 60.11 | epoch: 1 pq: 8 rg: 61 | total time: 27.44m | eta: 50.4m
step 00785/02205 (35.60%) | loss: 3.187930 | lrm: 0.99 | dt: 2131.62ms | tok/sec: 245,957 | bf16_mfu: 59.89 | epoch: 1 pq: 8 rg: 62 | total time: 27.47m | eta: 50.3m
step 00786/02205 (35.65%) | loss: 3.189423 | lrm: 0.99 | dt: 2128.83ms | tok/sec: 246,280 | bf16_mfu: 59.97 | epoch: 1 pq: 8 rg: 62 | total time: 27.51m | eta: 50.3m
step 00787/02205 (35.69%) | loss: 3.187271 | lrm: 0.99 | dt: 2132.76ms | tok/sec: 245,825 | bf16_mfu: 59.86 | epoch: 1 pq: 8 rg: 63 | total time: 27.54m | eta: 50.3m
step 00788/02205 (35.74%) | loss: 3.187453 | lrm: 0.99 | dt: 2126.48ms | tok/sec: 246,552 | bf16_mfu: 60.03 | epoch: 1 pq: 8 rg: 64 | total time: 27.58m | eta: 50.2m
step 00789/02205 (35.78%) | loss: 3.189963 | lrm: 0.99 | dt: 2131.07ms | tok/sec: 246,021 | bf16_mfu: 59.90 | epoch: 1 pq: 8 rg: 65 | total time: 27.61m | eta: 50.2m
step 00790/02205 (35.83%) | loss: 3.178570 | lrm: 0.99 | dt: 2125.92ms | tok/sec: 246,616 | bf16_mfu: 60.05 | epoch: 1 pq: 8 rg: 66 | total time: 27.65m | eta: 50.2m
step 00791/02205 (35.87%) | loss: 3.177991 | lrm: 0.99 | dt: 2130.67ms | tok/sec: 246,067 | bf16_mfu: 59.92 | epoch: 1 pq: 8 rg: 67 | total time: 27.68m | eta: 50.1m
step 00792/02205 (35.92%) | loss: 3.170190 | lrm: 0.99 | dt: 2127.98ms | tok/sec: 246,378 | bf16_mfu: 59.99 | epoch: 1 pq: 8 rg: 68 | total time: 27.72m | eta: 50.1m
step 00793/02205 (35.96%) | loss: 3.171512 | lrm: 0.99 | dt: 2132.23ms | tok/sec: 245,886 | bf16_mfu: 59.87 | epoch: 1 pq: 8 rg: 69 | total time: 27.75m | eta: 50.1m
step 00794/02205 (36.01%) | loss: 3.173550 | lrm: 0.99 | dt: 2125.96ms | tok/sec: 246,611 | bf16_mfu: 60.05 | epoch: 1 pq: 8 rg: 70 | total time: 27.79m | eta: 50.0m
step 00795/02205 (36.05%) | loss: 3.175933 | lrm: 0.98 | dt: 2131.00ms | tok/sec: 246,029 | bf16_mfu: 59.91 | epoch: 1 pq: 8 rg: 71 | total time: 27.83m | eta: 50.0m
step 00796/02205 (36.10%) | loss: 3.177278 | lrm: 0.98 | dt: 2129.43ms | tok/sec: 246,209 | bf16_mfu: 59.95 | epoch: 1 pq: 8 rg: 72 | total time: 27.86m | eta: 49.9m
step 00797/02205 (36.15%) | loss: 3.178054 | lrm: 0.98 | dt: 2130.39ms | tok/sec: 246,099 | bf16_mfu: 59.92 | epoch: 1 pq: 8 rg: 73 | total time: 27.90m | eta: 49.9m
step 00798/02205 (36.19%) | loss: 3.177906 | lrm: 0.98 | dt: 2128.25ms | tok/sec: 246,346 | bf16_mfu: 59.98 | epoch: 1 pq: 8 rg: 74 | total time: 27.93m | eta: 49.9m
step 00799/02205 (36.24%) | loss: 3.179121 | lrm: 0.98 | dt: 2130.34ms | tok/sec: 246,105 | bf16_mfu: 59.92 | epoch: 1 pq: 8 rg: 74 | total time: 27.97m | eta: 49.8m
step 00800/02205 (36.28%) | loss: 3.178938 | lrm: 0.98 | dt: 2130.61ms | tok/sec: 246,073 | bf16_mfu: 59.92 | epoch: 1 pq: 8 rg: 75 | total time: 28.00m | eta: 49.8m
step 00801/02205 (36.33%) | loss: 3.178100 | lrm: 0.98 | dt: 2130.78ms | tok/sec: 246,053 | bf16_mfu: 59.91 | epoch: 1 pq: 8 rg: 76 | total time: 28.04m | eta: 49.8m
step 00802/02205 (36.37%) | loss: 3.177962 | lrm: 0.98 | dt: 2133.00ms | tok/sec: 245,798 | bf16_mfu: 59.85 | epoch: 1 pq: 8 rg: 77 | total time: 28.07m | eta: 49.7m
step 00803/02205 (36.42%) | loss: 3.173128 | lrm: 0.98 | dt: 2129.07ms | tok/sec: 246,252 | bf16_mfu: 59.96 | epoch: 1 pq: 8 rg: 78 | total time: 28.11m | eta: 49.7m
step 00804/02205 (36.46%) | loss: 3.173506 | lrm: 0.98 | dt: 2135.60ms | tok/sec: 245,498 | bf16_mfu: 59.78 | epoch: 1 pq: 8 rg: 79 | total time: 28.15m | eta: 49.7m
step 00805/02205 (36.51%) | loss: 3.171819 | lrm: 0.98 | dt: 2129.76ms | tok/sec: 246,172 | bf16_mfu: 59.94 | epoch: 1 pq: 8 rg: 80 | total time: 28.18m | eta: 49.6m
step 00806/02205 (36.55%) | loss: 3.171406 | lrm: 0.98 | dt: 2129.17ms | tok/sec: 246,240 | bf16_mfu: 59.96 | epoch: 1 pq: 8 rg: 81 | total time: 28.22m | eta: 49.6m
step 00807/02205 (36.60%) | loss: 3.163936 | lrm: 0.98 | dt: 2127.50ms | tok/sec: 246,433 | bf16_mfu: 60.00 | epoch: 1 pq: 9 rg: 0 | total time: 28.25m | eta: 49.6m
step 00808/02205 (36.64%) | loss: 3.168732 | lrm: 0.98 | dt: 2132.39ms | tok/sec: 245,868 | bf16_mfu: 59.87 | epoch: 1 pq: 9 rg: 1 | total time: 28.29m | eta: 49.5m
step 00809/02205 (36.69%) | loss: 3.164676 | lrm: 0.98 | dt: 2128.94ms | tok/sec: 246,267 | bf16_mfu: 59.96 | epoch: 1 pq: 9 rg: 2 | total time: 28.32m | eta: 49.5m
step 00810/02205 (36.73%) | loss: 3.168132 | lrm: 0.97 | dt: 2130.37ms | tok/sec: 246,102 | bf16_mfu: 59.92 | epoch: 1 pq: 9 rg: 3 | total time: 28.36m | eta: 49.4m
step 00811/02205 (36.78%) | loss: 3.159770 | lrm: 0.97 | dt: 2131.75ms | tok/sec: 245,942 | bf16_mfu: 59.89 | epoch: 1 pq: 9 rg: 3 | total time: 28.39m | eta: 49.4m
step 00812/02205 (36.83%) | loss: 3.155214 | lrm: 0.97 | dt: 2129.22ms | tok/sec: 246,234 | bf16_mfu: 59.96 | epoch: 1 pq: 9 rg: 4 | total time: 28.43m | eta: 49.4m
step 00813/02205 (36.87%) | loss: 3.150943 | lrm: 0.97 | dt: 2132.34ms | tok/sec: 245,874 | bf16_mfu: 59.87 | epoch: 1 pq: 9 rg: 5 | total time: 28.46m | eta: 49.3m
step 00814/02205 (36.92%) | loss: 3.149472 | lrm: 0.97 | dt: 2135.24ms | tok/sec: 245,540 | bf16_mfu: 59.79 | epoch: 1 pq: 9 rg: 6 | total time: 28.50m | eta: 49.3m
step 00815/02205 (36.96%) | loss: 3.155073 | lrm: 0.97 | dt: 2130.99ms | tok/sec: 246,030 | bf16_mfu: 59.91 | epoch: 1 pq: 9 rg: 7 | total time: 28.54m | eta: 49.3m
step 00816/02205 (37.01%) | loss: 3.160483 | lrm: 0.97 | dt: 2134.69ms | tok/sec: 245,603 | bf16_mfu: 59.80 | epoch: 1 pq: 9 rg: 8 | total time: 28.57m | eta: 49.2m
step 00817/02205 (37.05%) | loss: 3.163902 | lrm: 0.97 | dt: 2127.56ms | tok/sec: 246,427 | bf16_mfu: 60.00 | epoch: 1 pq: 9 rg: 9 | total time: 28.61m | eta: 49.2m
step 00818/02205 (37.10%) | loss: 3.159245 | lrm: 0.97 | dt: 2127.94ms | tok/sec: 246,382 | bf16_mfu: 59.99 | epoch: 1 pq: 9 rg: 10 | total time: 28.64m | eta: 49.2m
step 00819/02205 (37.14%) | loss: 3.154925 | lrm: 0.97 | dt: 2130.19ms | tok/sec: 246,122 | bf16_mfu: 59.93 | epoch: 1 pq: 9 rg: 11 | total time: 28.68m | eta: 49.1m
step 00820/02205 (37.19%) | loss: 3.153990 | lrm: 0.97 | dt: 2129.80ms | tok/sec: 246,168 | bf16_mfu: 59.94 | epoch: 1 pq: 9 rg: 12 | total time: 28.71m | eta: 49.1m
step 00821/02205 (37.23%) | loss: 3.152663 | lrm: 0.97 | dt: 2129.06ms | tok/sec: 246,253 | bf16_mfu: 59.96 | epoch: 1 pq: 9 rg: 13 | total time: 28.75m | eta: 49.1m
step 00822/02205 (37.28%) | loss: 3.156454 | lrm: 0.97 | dt: 2131.12ms | tok/sec: 246,014 | bf16_mfu: 59.90 | epoch: 1 pq: 9 rg: 14 | total time: 28.78m | eta: 49.0m
step 00823/02205 (37.32%) | loss: 3.149737 | lrm: 0.97 | dt: 2133.43ms | tok/sec: 245,749 | bf16_mfu: 59.84 | epoch: 1 pq: 9 rg: 14 | total time: 28.82m | eta: 49.0m
step 00824/02205 (37.37%) | loss: 3.156244 | lrm: 0.97 | dt: 2132.65ms | tok/sec: 245,839 | bf16_mfu: 59.86 | epoch: 1 pq: 9 rg: 15 | total time: 28.86m | eta: 49.0m
step 00825/02205 (37.41%) | loss: 3.157276 | lrm: 0.96 | dt: 2126.93ms | tok/sec: 246,499 | bf16_mfu: 60.02 | epoch: 1 pq: 9 rg: 16 | total time: 28.89m | eta: 48.9m
step 00826/02205 (37.46%) | loss: 3.152350 | lrm: 0.96 | dt: 2132.03ms | tok/sec: 245,910 | bf16_mfu: 59.88 | epoch: 1 pq: 9 rg: 17 | total time: 28.93m | eta: 48.9m
step 00827/02205 (37.51%) | loss: 3.146174 | lrm: 0.96 | dt: 2133.46ms | tok/sec: 245,745 | bf16_mfu: 59.84 | epoch: 1 pq: 9 rg: 18 | total time: 28.96m | eta: 48.8m
step 00828/02205 (37.55%) | loss: 3.139079 | lrm: 0.96 | dt: 2133.98ms | tok/sec: 245,685 | bf16_mfu: 59.82 | epoch: 1 pq: 9 rg: 19 | total time: 29.00m | eta: 48.8m
step 00829/02205 (37.60%) | loss: 3.134697 | lrm: 0.96 | dt: 2125.53ms | tok/sec: 246,661 | bf16_mfu: 60.06 | epoch: 1 pq: 9 rg: 20 | total time: 29.03m | eta: 48.8m
step 00830/02205 (37.64%) | loss: 3.132196 | lrm: 0.96 | dt: 2132.10ms | tok/sec: 245,902 | bf16_mfu: 59.88 | epoch: 1 pq: 9 rg: 21 | total time: 29.07m | eta: 48.7m
step 00831/02205 (37.69%) | loss: 3.133974 | lrm: 0.96 | dt: 2132.45ms | tok/sec: 245,861 | bf16_mfu: 59.87 | epoch: 1 pq: 9 rg: 22 | total time: 29.10m | eta: 48.7m
step 00832/02205 (37.73%) | loss: 3.141052 | lrm: 0.96 | dt: 2133.71ms | tok/sec: 245,716 | bf16_mfu: 59.83 | epoch: 1 pq: 9 rg: 23 | total time: 29.14m | eta: 48.7m
step 00833/02205 (37.78%) | loss: 3.137701 | lrm: 0.96 | dt: 2125.13ms | tok/sec: 246,708 | bf16_mfu: 60.07 | epoch: 1 pq: 9 rg: 24 | total time: 29.17m | eta: 48.6m
step 00834/02205 (37.82%) | loss: 3.148206 | lrm: 0.96 | dt: 2132.48ms | tok/sec: 245,858 | bf16_mfu: 59.86 | epoch: 1 pq: 9 rg: 25 | total time: 29.21m | eta: 48.6m
step 00835/02205 (37.87%) | loss: 3.160557 | lrm: 0.96 | dt: 2126.77ms | tok/sec: 246,518 | bf16_mfu: 60.03 | epoch: 1 pq: 9 rg: 25 | total time: 29.25m | eta: 48.6m
step 00836/02205 (37.91%) | loss: 3.161708 | lrm: 0.96 | dt: 2128.69ms | tok/sec: 246,296 | bf16_mfu: 59.97 | epoch: 1 pq: 9 rg: 26 | total time: 29.28m | eta: 48.5m
step 00837/02205 (37.96%) | loss: 3.161988 | lrm: 0.96 | dt: 2130.14ms | tok/sec: 246,128 | bf16_mfu: 59.93 | epoch: 1 pq: 9 rg: 27 | total time: 29.32m | eta: 48.5m
step 00838/02205 (38.00%) | loss: 3.165907 | lrm: 0.96 | dt: 2133.58ms | tok/sec: 245,731 | bf16_mfu: 59.83 | epoch: 1 pq: 9 rg: 28 | total time: 29.35m | eta: 48.5m
step 00839/02205 (38.05%) | loss: 3.167612 | lrm: 0.96 | dt: 2129.71ms | tok/sec: 246,178 | bf16_mfu: 59.94 | epoch: 1 pq: 9 rg: 29 | total time: 29.39m | eta: 48.4m
step 00840/02205 (38.10%) | loss: 3.157421 | lrm: 0.95 | dt: 2128.59ms | tok/sec: 246,308 | bf16_mfu: 59.97 | epoch: 1 pq: 9 rg: 30 | total time: 29.42m | eta: 48.4m
step 00841/02205 (38.14%) | loss: 3.150223 | lrm: 0.95 | dt: 2134.62ms | tok/sec: 245,612 | bf16_mfu: 59.80 | epoch: 1 pq: 9 rg: 31 | total time: 29.46m | eta: 48.4m
step 00842/02205 (38.19%) | loss: 3.156493 | lrm: 0.95 | dt: 2131.71ms | tok/sec: 245,947 | bf16_mfu: 59.89 | epoch: 1 pq: 9 rg: 32 | total time: 29.49m | eta: 48.3m
step 00843/02205 (38.23%) | loss: 3.152668 | lrm: 0.95 | dt: 2129.91ms | tok/sec: 246,155 | bf16_mfu: 59.94 | epoch: 1 pq: 9 rg: 33 | total time: 29.53m | eta: 48.3m
step 00844/02205 (38.28%) | loss: 3.158753 | lrm: 0.95 | dt: 2130.54ms | tok/sec: 246,082 | bf16_mfu: 59.92 | epoch: 1 pq: 9 rg: 34 | total time: 29.57m | eta: 48.2m
step 00845/02205 (38.32%) | loss: 3.162211 | lrm: 0.95 | dt: 2129.22ms | tok/sec: 246,234 | bf16_mfu: 59.96 | epoch: 1 pq: 9 rg: 35 | total time: 29.60m | eta: 48.2m
step 00846/02205 (38.37%) | loss: 3.160281 | lrm: 0.95 | dt: 2127.11ms | tok/sec: 246,478 | bf16_mfu: 60.02 | epoch: 1 pq: 9 rg: 36 | total time: 29.64m | eta: 48.2m
step 00847/02205 (38.41%) | loss: 3.152699 | lrm: 0.95 | dt: 2131.36ms | tok/sec: 245,987 | bf16_mfu: 59.90 | epoch: 1 pq: 9 rg: 37 | total time: 29.67m | eta: 48.1m
step 00848/02205 (38.46%) | loss: 3.161882 | lrm: 0.95 | dt: 2132.11ms | tok/sec: 245,901 | bf16_mfu: 59.88 | epoch: 1 pq: 9 rg: 37 | total time: 29.71m | eta: 48.1m
step 00849/02205 (38.50%) | loss: 3.160660 | lrm: 0.95 | dt: 2126.99ms | tok/sec: 246,492 | bf16_mfu: 60.02 | epoch: 1 pq: 9 rg: 38 | total time: 29.74m | eta: 48.1m
step 00850/02205 (38.55%) | loss: 3.148834 | lrm: 0.95 | dt: 2132.85ms | tok/sec: 245,816 | bf16_mfu: 59.85 | epoch: 1 pq: 9 rg: 39 | total time: 29.78m | eta: 48.0m
step 00851/02205 (38.59%) | loss: 3.148290 | lrm: 0.95 | dt: 2130.04ms | tok/sec: 246,140 | bf16_mfu: 59.93 | epoch: 1 pq: 9 rg: 40 | total time: 29.81m | eta: 48.0m
step 00852/02205 (38.64%) | loss: 3.147173 | lrm: 0.95 | dt: 2131.41ms | tok/sec: 245,981 | bf16_mfu: 59.89 | epoch: 1 pq: 9 rg: 41 | total time: 29.85m | eta: 48.0m
step 00853/02205 (38.68%) | loss: 3.151562 | lrm: 0.95 | dt: 2130.31ms | tok/sec: 246,109 | bf16_mfu: 59.93 | epoch: 1 pq: 9 rg: 42 | total time: 29.89m | eta: 47.9m
step 00854/02205 (38.73%) | loss: 3.155779 | lrm: 0.95 | dt: 2133.05ms | tok/sec: 245,793 | bf16_mfu: 59.85 | epoch: 1 pq: 9 rg: 43 | total time: 29.92m | eta: 47.9m
step 00855/02205 (38.78%) | loss: 3.161221 | lrm: 0.94 | dt: 2132.69ms | tok/sec: 245,834 | bf16_mfu: 59.86 | epoch: 1 pq: 9 rg: 44 | total time: 29.96m | eta: 47.9m
step 00856/02205 (38.82%) | loss: 3.161858 | lrm: 0.94 | dt: 2128.68ms | tok/sec: 246,297 | bf16_mfu: 59.97 | epoch: 1 pq: 9 rg: 45 | total time: 29.99m | eta: 47.8m
step 00857/02205 (38.87%) | loss: 3.163250 | lrm: 0.94 | dt: 2129.18ms | tok/sec: 246,239 | bf16_mfu: 59.96 | epoch: 1 pq: 9 rg: 46 | total time: 30.03m | eta: 47.8m
step 00858/02205 (38.91%) | loss: 3.163789 | lrm: 0.94 | dt: 2131.18ms | tok/sec: 246,008 | bf16_mfu: 59.90 | epoch: 1 pq: 9 rg: 47 | total time: 30.06m | eta: 47.8m
step 00859/02205 (38.96%) | loss: 3.169026 | lrm: 0.94 | dt: 2130.63ms | tok/sec: 246,071 | bf16_mfu: 59.92 | epoch: 1 pq: 9 rg: 48 | total time: 30.10m | eta: 47.7m
step 00860/02205 (39.00%) | loss: 3.161087 | lrm: 0.94 | dt: 2135.55ms | tok/sec: 245,504 | bf16_mfu: 59.78 | epoch: 1 pq: 9 rg: 48 | total time: 30.13m | eta: 47.7m
step 00861/02205 (39.05%) | loss: 3.158399 | lrm: 0.94 | dt: 2127.51ms | tok/sec: 246,432 | bf16_mfu: 60.00 | epoch: 1 pq: 9 rg: 49 | total time: 30.17m | eta: 47.6m
step 00862/02205 (39.09%) | loss: 3.152658 | lrm: 0.94 | dt: 2126.43ms | tok/sec: 246,558 | bf16_mfu: 60.04 | epoch: 1 pq: 9 rg: 50 | total time: 30.20m | eta: 47.6m
step 00863/02205 (39.14%) | loss: 3.156440 | lrm: 0.94 | dt: 2128.32ms | tok/sec: 246,339 | bf16_mfu: 59.98 | epoch: 1 pq: 9 rg: 51 | total time: 30.24m | eta: 47.6m
step 00864/02205 (39.18%) | loss: 3.164450 | lrm: 0.94 | dt: 2131.23ms | tok/sec: 246,001 | bf16_mfu: 59.90 | epoch: 1 pq: 9 rg: 52 | total time: 30.28m | eta: 47.5m
step 00865/02205 (39.23%) | loss: 3.159693 | lrm: 0.94 | dt: 2127.20ms | tok/sec: 246,468 | bf16_mfu: 60.01 | epoch: 1 pq: 9 rg: 53 | total time: 30.31m | eta: 47.5m
step 00866/02205 (39.27%) | loss: 3.147593 | lrm: 0.94 | dt: 2132.19ms | tok/sec: 245,891 | bf16_mfu: 59.87 | epoch: 1 pq: 9 rg: 54 | total time: 30.35m | eta: 47.5m
step 00867/02205 (39.32%) | loss: 3.140821 | lrm: 0.94 | dt: 2127.34ms | tok/sec: 246,452 | bf16_mfu: 60.01 | epoch: 1 pq: 9 rg: 55 | total time: 30.38m | eta: 47.4m
step 00868/02205 (39.37%) | loss: 3.136428 | lrm: 0.94 | dt: 2129.89ms | tok/sec: 246,156 | bf16_mfu: 59.94 | epoch: 1 pq: 9 rg: 56 | total time: 30.42m | eta: 47.4m
step 00869/02205 (39.41%) | loss: 3.144903 | lrm: 0.94 | dt: 2125.31ms | tok/sec: 246,687 | bf16_mfu: 60.07 | epoch: 1 pq: 9 rg: 57 | total time: 30.45m | eta: 47.4m
step 00870/02205 (39.46%) | loss: 3.144067 | lrm: 0.94 | dt: 2131.15ms | tok/sec: 246,011 | bf16_mfu: 59.90 | epoch: 1 pq: 9 rg: 58 | total time: 30.49m | eta: 47.3m
step 00871/02205 (39.50%) | loss: 3.141799 | lrm: 0.93 | dt: 2128.49ms | tok/sec: 246,319 | bf16_mfu: 59.98 | epoch: 1 pq: 9 rg: 59 | total time: 30.52m | eta: 47.3m
step 00872/02205 (39.55%) | loss: 3.137591 | lrm: 0.93 | dt: 2132.40ms | tok/sec: 245,867 | bf16_mfu: 59.87 | epoch: 1 pq: 9 rg: 60 | total time: 30.56m | eta: 47.3m
step 00873/02205 (39.59%) | loss: 3.135017 | lrm: 0.93 | dt: 2133.56ms | tok/sec: 245,733 | bf16_mfu: 59.83 | epoch: 1 pq: 9 rg: 61 | total time: 30.60m | eta: 47.2m
step 00874/02205 (39.64%) | loss: 3.138926 | lrm: 0.93 | dt: 2131.98ms | tok/sec: 245,915 | bf16_mfu: 59.88 | epoch: 1 pq: 9 rg: 61 | total time: 30.63m | eta: 47.2m
step 00875/02205 (39.68%) | loss: 3.137282 | lrm: 0.93 | dt: 2125.36ms | tok/sec: 246,682 | bf16_mfu: 60.07 | epoch: 1 pq: 9 rg: 62 | total time: 30.67m | eta: 47.2m
step 00876/02205 (39.73%) | loss: 3.134978 | lrm: 0.93 | dt: 2134.43ms | tok/sec: 245,634 | bf16_mfu: 59.81 | epoch: 1 pq: 9 rg: 63 | total time: 30.70m | eta: 47.1m
step 00877/02205 (39.77%) | loss: 3.139452 | lrm: 0.93 | dt: 2126.45ms | tok/sec: 246,555 | bf16_mfu: 60.03 | epoch: 1 pq: 9 rg: 64 | total time: 30.74m | eta: 47.1m
step 00878/02205 (39.82%) | loss: 3.141155 | lrm: 0.93 | dt: 2132.89ms | tok/sec: 245,810 | bf16_mfu: 59.85 | epoch: 1 pq: 9 rg: 65 | total time: 30.77m | eta: 47.0m
step 00879/02205 (39.86%) | loss: 3.136375 | lrm: 0.93 | dt: 2133.89ms | tok/sec: 245,696 | bf16_mfu: 59.83 | epoch: 1 pq: 9 rg: 66 | total time: 30.81m | eta: 47.0m
step 00880/02205 (39.91%) | loss: 3.135563 | lrm: 0.93 | dt: 2133.65ms | tok/sec: 245,724 | bf16_mfu: 59.83 | epoch: 1 pq: 9 rg: 67 | total time: 30.84m | eta: 47.0m
step 00881/02205 (39.95%) | loss: 3.141198 | lrm: 0.93 | dt: 2132.12ms | tok/sec: 245,899 | bf16_mfu: 59.87 | epoch: 1 pq: 9 rg: 68 | total time: 30.88m | eta: 46.9m
step 00882/02205 (40.00%) | loss: 3.141141 | lrm: 0.93 | dt: 2129.88ms | tok/sec: 246,158 | bf16_mfu: 59.94 | epoch: 1 pq: 9 rg: 69 | total time: 30.91m | eta: 46.9m
step 00883/02205 (40.05%) | loss: 3.146265 | lrm: 0.93 | dt: 2128.14ms | tok/sec: 246,359 | bf16_mfu: 59.99 | epoch: 1 pq: 9 rg: 70 | total time: 30.95m | eta: 46.9m
step 00884/02205 (40.09%) | loss: 3.143658 | lrm: 0.93 | dt: 2129.73ms | tok/sec: 246,175 | bf16_mfu: 59.94 | epoch: 1 pq: 9 rg: 71 | total time: 30.99m | eta: 46.8m
step 00885/02205 (40.14%) | loss: 3.138815 | lrm: 0.93 | dt: 2130.24ms | tok/sec: 246,116 | bf16_mfu: 59.93 | epoch: 1 pq: 9 rg: 72 | total time: 31.02m | eta: 46.8m
step 00886/02205 (40.18%) | loss: 3.134160 | lrm: 0.92 | dt: 2129.93ms | tok/sec: 246,152 | bf16_mfu: 59.94 | epoch: 1 pq: 9 rg: 73 | total time: 31.06m | eta: 46.8m
step 00887/02205 (40.23%) | loss: 3.132138 | lrm: 0.92 | dt: 2131.15ms | tok/sec: 246,011 | bf16_mfu: 59.90 | epoch: 1 pq: 9 rg: 73 | total time: 31.09m | eta: 46.7m
step 00888/02205 (40.27%) | loss: 3.129076 | lrm: 0.92 | dt: 2129.92ms | tok/sec: 246,154 | bf16_mfu: 59.94 | epoch: 1 pq: 9 rg: 74 | total time: 31.13m | eta: 46.7m
step 00889/02205 (40.32%) | loss: 3.128988 | lrm: 0.92 | dt: 2135.82ms | tok/sec: 245,473 | bf16_mfu: 59.77 | epoch: 1 pq: 9 rg: 75 | total time: 31.16m | eta: 46.7m
step 00890/02205 (40.36%) | loss: 3.125655 | lrm: 0.92 | dt: 2127.97ms | tok/sec: 246,379 | bf16_mfu: 59.99 | epoch: 1 pq: 9 rg: 76 | total time: 31.20m | eta: 46.6m
step 00891/02205 (40.41%) | loss: 3.128544 | lrm: 0.92 | dt: 2132.94ms | tok/sec: 245,805 | bf16_mfu: 59.85 | epoch: 1 pq: 9 rg: 77 | total time: 31.23m | eta: 46.6m
step 00892/02205 (40.45%) | loss: 3.134998 | lrm: 0.92 | dt: 2130.93ms | tok/sec: 246,036 | bf16_mfu: 59.91 | epoch: 1 pq: 9 rg: 78 | total time: 31.27m | eta: 46.6m
step 00893/02205 (40.50%) | loss: 3.131619 | lrm: 0.92 | dt: 2131.60ms | tok/sec: 245,960 | bf16_mfu: 59.89 | epoch: 1 pq: 9 rg: 79 | total time: 31.31m | eta: 46.5m
step 00894/02205 (40.54%) | loss: 3.124992 | lrm: 0.92 | dt: 2129.19ms | tok/sec: 246,237 | bf16_mfu: 59.96 | epoch: 1 pq: 9 rg: 80 | total time: 31.34m | eta: 46.5m
step 00895/02205 (40.59%) | loss: 3.128704 | lrm: 0.92 | dt: 2135.66ms | tok/sec: 245,492 | bf16_mfu: 59.78 | epoch: 1 pq: 9 rg: 81 | total time: 31.38m | eta: 46.4m
step 00896/02205 (40.63%) | loss: 3.132414 | lrm: 0.92 | dt: 2134.31ms | tok/sec: 245,647 | bf16_mfu: 59.81 | epoch: 1 pq: 9 rg: 82 | total time: 31.41m | eta: 46.4m
step 00897/02205 (40.68%) | loss: 3.136435 | lrm: 0.92 | dt: 2130.90ms | tok/sec: 246,040 | bf16_mfu: 59.91 | epoch: 1 pq: 10 rg: 0 | total time: 31.45m | eta: 46.4m
step 00898/02205 (40.73%) | loss: 3.139034 | lrm: 0.92 | dt: 2135.71ms | tok/sec: 245,486 | bf16_mfu: 59.77 | epoch: 1 pq: 10 rg: 1 | total time: 31.48m | eta: 46.3m
step 00899/02205 (40.77%) | loss: 3.132464 | lrm: 0.92 | dt: 2131.49ms | tok/sec: 245,972 | bf16_mfu: 59.89 | epoch: 1 pq: 10 rg: 1 | total time: 31.52m | eta: 46.3m
step 00900/02205 (40.82%) | loss: 3.126966 | lrm: 0.92 | dt: 2129.28ms | tok/sec: 246,227 | bf16_mfu: 59.95 | epoch: 1 pq: 10 rg: 2 | total time: 31.55m | eta: 46.3m
step 00901/02205 (40.86%) | loss: 3.119324 | lrm: 0.91 | dt: 2129.37ms | tok/sec: 246,217 | bf16_mfu: 59.95 | epoch: 1 pq: 10 rg: 3 | total time: 31.59m | eta: 46.2m
step 00902/02205 (40.91%) | loss: 3.116841 | lrm: 0.91 | dt: 2134.27ms | tok/sec: 245,651 | bf16_mfu: 59.81 | epoch: 1 pq: 10 rg: 4 | total time: 31.63m | eta: 46.2m
step 00903/02205 (40.95%) | loss: 3.121259 | lrm: 0.91 | dt: 2130.34ms | tok/sec: 246,105 | bf16_mfu: 59.92 | epoch: 1 pq: 10 rg: 5 | total time: 31.66m | eta: 46.2m
step 00904/02205 (41.00%) | loss: 3.125590 | lrm: 0.91 | dt: 2132.64ms | tok/sec: 245,839 | bf16_mfu: 59.86 | epoch: 1 pq: 10 rg: 6 | total time: 31.70m | eta: 46.1m
step 00905/02205 (41.04%) | loss: 3.123685 | lrm: 0.91 | dt: 2126.26ms | tok/sec: 246,578 | bf16_mfu: 60.04 | epoch: 1 pq: 10 rg: 7 | total time: 31.73m | eta: 46.1m
step 00906/02205 (41.09%) | loss: 3.124974 | lrm: 0.91 | dt: 2130.03ms | tok/sec: 246,141 | bf16_mfu: 59.93 | epoch: 1 pq: 10 rg: 8 | total time: 31.77m | eta: 46.1m
step 00907/02205 (41.13%) | loss: 3.128385 | lrm: 0.91 | dt: 2133.93ms | tok/sec: 245,691 | bf16_mfu: 59.82 | epoch: 1 pq: 10 rg: 9 | total time: 31.80m | eta: 46.0m
step 00908/02205 (41.18%) | loss: 3.130886 | lrm: 0.91 | dt: 2134.57ms | tok/sec: 245,617 | bf16_mfu: 59.81 | epoch: 1 pq: 10 rg: 10 | total time: 31.84m | eta: 46.0m
step 00909/02205 (41.22%) | loss: 3.132697 | lrm: 0.91 | dt: 2128.76ms | tok/sec: 246,287 | bf16_mfu: 59.97 | epoch: 1 pq: 10 rg: 11 | total time: 31.87m | eta: 45.9m
step 00910/02205 (41.27%) | loss: 3.133316 | lrm: 0.91 | dt: 2123.35ms | tok/sec: 246,915 | bf16_mfu: 60.12 | epoch: 1 pq: 10 rg: 12 | total time: 31.91m | eta: 45.9m
step 00911/02205 (41.32%) | loss: 3.137110 | lrm: 0.91 | dt: 2130.02ms | tok/sec: 246,141 | bf16_mfu: 59.93 | epoch: 1 pq: 10 rg: 13 | total time: 31.94m | eta: 45.9m
step 00912/02205 (41.36%) | loss: 3.137161 | lrm: 0.91 | dt: 2130.23ms | tok/sec: 246,117 | bf16_mfu: 59.93 | epoch: 1 pq: 10 rg: 14 | total time: 31.98m | eta: 45.8m
step 00913/02205 (41.41%) | loss: 3.134777 | lrm: 0.91 | dt: 2133.63ms | tok/sec: 245,725 | bf16_mfu: 59.83 | epoch: 1 pq: 10 rg: 14 | total time: 32.02m | eta: 45.8m
step 00914/02205 (41.45%) | loss: 3.140120 | lrm: 0.91 | dt: 2128.68ms | tok/sec: 246,297 | bf16_mfu: 59.97 | epoch: 1 pq: 10 rg: 15 | total time: 32.05m | eta: 45.8m
step 00915/02205 (41.50%) | loss: 3.127502 | lrm: 0.91 | dt: 2123.38ms | tok/sec: 246,911 | bf16_mfu: 60.12 | epoch: 1 pq: 10 rg: 16 | total time: 32.09m | eta: 45.7m
step 00916/02205 (41.54%) | loss: 3.119362 | lrm: 0.90 | dt: 2132.77ms | tok/sec: 245,824 | bf16_mfu: 59.86 | epoch: 1 pq: 10 rg: 17 | total time: 32.12m | eta: 45.7m
step 00917/02205 (41.59%) | loss: 3.117322 | lrm: 0.90 | dt: 2128.49ms | tok/sec: 246,319 | bf16_mfu: 59.98 | epoch: 1 pq: 10 rg: 18 | total time: 32.16m | eta: 45.7m
step 00918/02205 (41.63%) | loss: 3.116856 | lrm: 0.90 | dt: 2130.95ms | tok/sec: 246,034 | bf16_mfu: 59.91 | epoch: 1 pq: 10 rg: 19 | total time: 32.19m | eta: 45.6m
step 00919/02205 (41.68%) | loss: 3.115620 | lrm: 0.90 | dt: 2131.24ms | tok/sec: 246,000 | bf16_mfu: 59.90 | epoch: 1 pq: 10 rg: 20 | total time: 32.23m | eta: 45.6m
step 00920/02205 (41.72%) | loss: 3.115491 | lrm: 0.90 | dt: 2129.16ms | tok/sec: 246,241 | bf16_mfu: 59.96 | epoch: 1 pq: 10 rg: 21 | total time: 32.26m | eta: 45.6m
step 00921/02205 (41.77%) | loss: 3.114490 | lrm: 0.90 | dt: 2130.20ms | tok/sec: 246,121 | bf16_mfu: 59.93 | epoch: 1 pq: 10 rg: 22 | total time: 32.30m | eta: 45.5m
step 00922/02205 (41.81%) | loss: 3.098334 | lrm: 0.90 | dt: 2130.92ms | tok/sec: 246,038 | bf16_mfu: 59.91 | epoch: 1 pq: 10 rg: 23 | total time: 32.34m | eta: 45.5m
step 00923/02205 (41.86%) | loss: 3.093862 | lrm: 0.90 | dt: 2127.91ms | tok/sec: 246,386 | bf16_mfu: 59.99 | epoch: 1 pq: 10 rg: 24 | total time: 32.37m | eta: 45.5m
step 00924/02205 (41.90%) | loss: 3.102052 | lrm: 0.90 | dt: 2132.58ms | tok/sec: 245,846 | bf16_mfu: 59.86 | epoch: 1 pq: 10 rg: 25 | total time: 32.41m | eta: 45.4m
step 00925/02205 (41.95%) | loss: 3.101819 | lrm: 0.90 | dt: 2127.87ms | tok/sec: 246,391 | bf16_mfu: 59.99 | epoch: 1 pq: 10 rg: 26 | total time: 32.44m | eta: 45.4m
step 00926/02205 (42.00%) | loss: 3.109440 | lrm: 0.90 | dt: 2131.05ms | tok/sec: 246,023 | bf16_mfu: 59.90 | epoch: 1 pq: 10 rg: 27 | total time: 32.48m | eta: 45.3m
step 00927/02205 (42.04%) | loss: 3.123061 | lrm: 0.90 | dt: 2132.44ms | tok/sec: 245,862 | bf16_mfu: 59.87 | epoch: 1 pq: 10 rg: 27 | total time: 32.51m | eta: 45.3m
step 00928/02205 (42.09%) | loss: 3.126248 | lrm: 0.90 | dt: 2133.13ms | tok/sec: 245,783 | bf16_mfu: 59.85 | epoch: 1 pq: 10 rg: 28 | total time: 32.55m | eta: 45.3m
step 00929/02205 (42.13%) | loss: 3.126284 | lrm: 0.90 | dt: 2133.38ms | tok/sec: 245,754 | bf16_mfu: 59.84 | epoch: 1 pq: 10 rg: 29 | total time: 32.58m | eta: 45.2m
step 00930/02205 (42.18%) | loss: 3.122411 | lrm: 0.90 | dt: 2134.31ms | tok/sec: 245,647 | bf16_mfu: 59.81 | epoch: 1 pq: 10 rg: 30 | total time: 32.62m | eta: 45.2m
step 00931/02205 (42.22%) | loss: 3.111907 | lrm: 0.89 | dt: 2132.86ms | tok/sec: 245,814 | bf16_mfu: 59.85 | epoch: 1 pq: 10 rg: 31 | total time: 32.66m | eta: 45.2m
step 00932/02205 (42.27%) | loss: 3.113938 | lrm: 0.89 | dt: 2130.37ms | tok/sec: 246,101 | bf16_mfu: 59.92 | epoch: 1 pq: 10 rg: 32 | total time: 32.69m | eta: 45.1m
step 00933/02205 (42.31%) | loss: 3.113703 | lrm: 0.89 | dt: 2127.52ms | tok/sec: 246,431 | bf16_mfu: 60.00 | epoch: 1 pq: 10 rg: 33 | total time: 32.73m | eta: 45.1m
step 00934/02205 (42.36%) | loss: 3.107969 | lrm: 0.89 | dt: 2139.85ms | tok/sec: 245,011 | bf16_mfu: 59.66 | epoch: 1 pq: 10 rg: 34 | total time: 32.76m | eta: 45.1m
step 00935/02205 (42.40%) | loss: 3.105044 | lrm: 0.89 | dt: 2129.34ms | tok/sec: 246,221 | bf16_mfu: 59.95 | epoch: 1 pq: 10 rg: 35 | total time: 32.80m | eta: 45.0m
step 00936/02205 (42.45%) | loss: 3.102681 | lrm: 0.89 | dt: 2133.26ms | tok/sec: 245,768 | bf16_mfu: 59.84 | epoch: 1 pq: 10 rg: 36 | total time: 32.83m | eta: 45.0m
step 00937/02205 (42.49%) | loss: 3.100983 | lrm: 0.89 | dt: 2131.92ms | tok/sec: 245,922 | bf16_mfu: 59.88 | epoch: 1 pq: 10 rg: 37 | total time: 32.87m | eta: 45.0m
step 00938/02205 (42.54%) | loss: 3.108617 | lrm: 0.89 | dt: 2126.18ms | tok/sec: 246,586 | bf16_mfu: 60.04 | epoch: 1 pq: 10 rg: 37 | total time: 32.90m | eta: 44.9m
step 00939/02205 (42.59%) | loss: 3.111374 | lrm: 0.89 | dt: 2132.06ms | tok/sec: 245,907 | bf16_mfu: 59.88 | epoch: 1 pq: 10 rg: 38 | total time: 32.94m | eta: 44.9m
step 00940/02205 (42.63%) | loss: 3.112220 | lrm: 0.89 | dt: 2134.08ms | tok/sec: 245,674 | bf16_mfu: 59.82 | epoch: 1 pq: 10 rg: 39 | total time: 32.97m | eta: 44.9m
step 00941/02205 (42.68%) | loss: 3.106628 | lrm: 0.89 | dt: 2126.86ms | tok/sec: 246,508 | bf16_mfu: 60.02 | epoch: 1 pq: 10 rg: 40 | total time: 33.01m | eta: 44.8m
step 00942/02205 (42.72%) | loss: 3.115113 | lrm: 0.89 | dt: 2128.74ms | tok/sec: 246,289 | bf16_mfu: 59.97 | epoch: 1 pq: 10 rg: 41 | total time: 33.05m | eta: 44.8m
step 00943/02205 (42.77%) | loss: 3.111472 | lrm: 0.89 | dt: 2132.98ms | tok/sec: 245,800 | bf16_mfu: 59.85 | epoch: 1 pq: 10 rg: 42 | total time: 33.08m | eta: 44.7m
step 00944/02205 (42.81%) | loss: 3.111198 | lrm: 0.89 | dt: 2132.19ms | tok/sec: 245,891 | bf16_mfu: 59.87 | epoch: 1 pq: 10 rg: 43 | total time: 33.12m | eta: 44.7m
step 00945/02205 (42.86%) | loss: 3.109161 | lrm: 0.89 | dt: 2129.06ms | tok/sec: 246,253 | bf16_mfu: 59.96 | epoch: 1 pq: 10 rg: 44 | total time: 33.15m | eta: 44.7m
step 00946/02205 (42.90%) | loss: 3.111985 | lrm: 0.88 | dt: 2132.98ms | tok/sec: 245,800 | bf16_mfu: 59.85 | epoch: 1 pq: 10 rg: 45 | total time: 33.19m | eta: 44.6m
step 00947/02205 (42.95%) | loss: 3.105437 | lrm: 0.88 | dt: 2128.20ms | tok/sec: 246,352 | bf16_mfu: 59.98 | epoch: 1 pq: 10 rg: 46 | total time: 33.22m | eta: 44.6m
step 00948/02205 (42.99%) | loss: 3.099689 | lrm: 0.88 | dt: 2134.67ms | tok/sec: 245,606 | bf16_mfu: 59.80 | epoch: 1 pq: 10 rg: 47 | total time: 33.26m | eta: 44.6m
step 00949/02205 (43.04%) | loss: 3.109700 | lrm: 0.88 | dt: 2132.66ms | tok/sec: 245,837 | bf16_mfu: 59.86 | epoch: 1 pq: 10 rg: 48 | total time: 33.29m | eta: 44.5m
step 00950/02205 (43.08%) | loss: 3.113184 | lrm: 0.88 | dt: 2134.63ms | tok/sec: 245,610 | bf16_mfu: 59.80 | epoch: 1 pq: 10 rg: 48 | total time: 33.33m | eta: 44.5m
step 00951/02205 (43.13%) | loss: 3.109069 | lrm: 0.88 | dt: 2131.16ms | tok/sec: 246,010 | bf16_mfu: 59.90 | epoch: 1 pq: 10 rg: 49 | total time: 33.37m | eta: 44.5m
step 00952/02205 (43.17%) | loss: 3.119958 | lrm: 0.88 | dt: 2129.03ms | tok/sec: 246,256 | bf16_mfu: 59.96 | epoch: 1 pq: 10 rg: 50 | total time: 33.40m | eta: 44.4m
step 00953/02205 (43.22%) | loss: 3.127975 | lrm: 0.88 | dt: 2130.92ms | tok/sec: 246,038 | bf16_mfu: 59.91 | epoch: 1 pq: 10 rg: 51 | total time: 33.44m | eta: 44.4m
step 00954/02205 (43.27%) | loss: 3.125660 | lrm: 0.88 | dt: 2133.90ms | tok/sec: 245,695 | bf16_mfu: 59.82 | epoch: 1 pq: 10 rg: 52 | total time: 33.47m | eta: 44.4m
step 00955/02205 (43.31%) | loss: 3.124304 | lrm: 0.88 | dt: 2131.75ms | tok/sec: 245,942 | bf16_mfu: 59.88 | epoch: 1 pq: 10 rg: 53 | total time: 33.51m | eta: 44.3m
step 00956/02205 (43.36%) | loss: 3.118176 | lrm: 0.88 | dt: 2134.39ms | tok/sec: 245,638 | bf16_mfu: 59.81 | epoch: 1 pq: 10 rg: 54 | total time: 33.54m | eta: 44.3m
step 00957/02205 (43.40%) | loss: 3.112866 | lrm: 0.88 | dt: 2125.98ms | tok/sec: 246,610 | bf16_mfu: 60.05 | epoch: 1 pq: 10 rg: 55 | total time: 33.58m | eta: 44.3m
step 00958/02205 (43.45%) | loss: 3.119633 | lrm: 0.88 | dt: 2132.00ms | tok/sec: 245,914 | bf16_mfu: 59.88 | epoch: 1 pq: 10 rg: 56 | total time: 33.61m | eta: 44.2m
step 00959/02205 (43.49%) | loss: 3.110405 | lrm: 0.88 | dt: 2130.88ms | tok/sec: 246,042 | bf16_mfu: 59.91 | epoch: 1 pq: 10 rg: 57 | total time: 33.65m | eta: 44.2m
step 00960/02205 (43.54%) | loss: 3.108293 | lrm: 0.88 | dt: 2131.49ms | tok/sec: 245,972 | bf16_mfu: 59.89 | epoch: 1 pq: 10 rg: 58 | total time: 33.69m | eta: 44.1m
step 00961/02205 (43.58%) | loss: 3.108938 | lrm: 0.87 | dt: 2131.16ms | tok/sec: 246,010 | bf16_mfu: 59.90 | epoch: 1 pq: 10 rg: 59 | total time: 33.72m | eta: 44.1m
step 00962/02205 (43.63%) | loss: 3.113790 | lrm: 0.87 | dt: 2134.58ms | tok/sec: 245,616 | bf16_mfu: 59.81 | epoch: 1 pq: 10 rg: 60 | total time: 33.76m | eta: 44.1m
step 00963/02205 (43.67%) | loss: 3.114702 | lrm: 0.87 | dt: 2132.03ms | tok/sec: 245,910 | bf16_mfu: 59.88 | epoch: 1 pq: 10 rg: 60 | total time: 33.79m | eta: 44.0m
step 00964/02205 (43.72%) | loss: 3.117306 | lrm: 0.87 | dt: 2134.32ms | tok/sec: 245,646 | bf16_mfu: 59.81 | epoch: 1 pq: 10 rg: 61 | total time: 33.83m | eta: 44.0m
step 00965/02205 (43.76%) | loss: 3.115398 | lrm: 0.87 | dt: 2135.74ms | tok/sec: 245,482 | bf16_mfu: 59.77 | epoch: 1 pq: 10 rg: 62 | total time: 33.86m | eta: 44.0m
step 00966/02205 (43.81%) | loss: 3.114140 | lrm: 0.87 | dt: 2136.43ms | tok/sec: 245,403 | bf16_mfu: 59.75 | epoch: 1 pq: 10 rg: 63 | total time: 33.90m | eta: 43.9m
step 00967/02205 (43.85%) | loss: 3.115587 | lrm: 0.87 | dt: 2139.56ms | tok/sec: 245,044 | bf16_mfu: 59.67 | epoch: 1 pq: 10 rg: 64 | total time: 33.93m | eta: 43.9m
step 00968/02205 (43.90%) | loss: 3.107233 | lrm: 0.87 | dt: 2134.55ms | tok/sec: 245,620 | bf16_mfu: 59.81 | epoch: 1 pq: 10 rg: 65 | total time: 33.97m | eta: 43.9m
step 00969/02205 (43.95%) | loss: 3.105898 | lrm: 0.87 | dt: 2134.15ms | tok/sec: 245,665 | bf16_mfu: 59.82 | epoch: 1 pq: 10 rg: 66 | total time: 34.01m | eta: 43.8m
step 00970/02205 (43.99%) | loss: 3.106425 | lrm: 0.87 | dt: 2130.09ms | tok/sec: 246,134 | bf16_mfu: 59.93 | epoch: 1 pq: 10 rg: 67 | total time: 34.04m | eta: 43.8m
step 00971/02205 (44.04%) | loss: 3.108956 | lrm: 0.87 | dt: 2129.39ms | tok/sec: 246,214 | bf16_mfu: 59.95 | epoch: 1 pq: 10 rg: 68 | total time: 34.08m | eta: 43.8m
step 00972/02205 (44.08%) | loss: 3.107524 | lrm: 0.87 | dt: 2129.97ms | tok/sec: 246,147 | bf16_mfu: 59.94 | epoch: 1 pq: 10 rg: 69 | total time: 34.11m | eta: 43.7m
step 00973/02205 (44.13%) | loss: 3.109267 | lrm: 0.87 | dt: 2132.86ms | tok/sec: 245,814 | bf16_mfu: 59.85 | epoch: 1 pq: 10 rg: 70 | total time: 34.15m | eta: 43.7m
step 00974/02205 (44.17%) | loss: 3.100990 | lrm: 0.87 | dt: 2131.03ms | tok/sec: 246,025 | bf16_mfu: 59.91 | epoch: 1 pq: 10 rg: 71 | total time: 34.18m | eta: 43.7m
step 00975/02205 (44.22%) | loss: 3.099066 | lrm: 0.87 | dt: 2127.36ms | tok/sec: 246,450 | bf16_mfu: 60.01 | epoch: 1 pq: 10 rg: 71 | total time: 34.22m | eta: 43.6m
step 00976/02205 (44.26%) | loss: 3.099300 | lrm: 0.86 | dt: 2133.46ms | tok/sec: 245,745 | bf16_mfu: 59.84 | epoch: 1 pq: 10 rg: 72 | total time: 34.25m | eta: 43.6m
step 00977/02205 (44.31%) | loss: 3.099728 | lrm: 0.86 | dt: 2131.51ms | tok/sec: 245,970 | bf16_mfu: 59.89 | epoch: 1 pq: 10 rg: 73 | total time: 34.29m | eta: 43.5m
step 00978/02205 (44.35%) | loss: 3.090739 | lrm: 0.86 | dt: 2129.31ms | tok/sec: 246,224 | bf16_mfu: 59.95 | epoch: 1 pq: 10 rg: 74 | total time: 34.32m | eta: 43.5m
step 00979/02205 (44.40%) | loss: 3.093495 | lrm: 0.86 | dt: 2126.07ms | tok/sec: 246,599 | bf16_mfu: 60.05 | epoch: 1 pq: 10 rg: 75 | total time: 34.36m | eta: 43.5m
step 00980/02205 (44.44%) | loss: 3.094429 | lrm: 0.86 | dt: 2132.44ms | tok/sec: 245,862 | bf16_mfu: 59.87 | epoch: 1 pq: 10 rg: 76 | total time: 34.40m | eta: 43.4m
step 00981/02205 (44.49%) | loss: 3.094531 | lrm: 0.86 | dt: 2129.07ms | tok/sec: 246,251 | bf16_mfu: 59.96 | epoch: 1 pq: 10 rg: 77 | total time: 34.43m | eta: 43.4m
step 00982/02205 (44.54%) | loss: 3.100804 | lrm: 0.86 | dt: 2133.08ms | tok/sec: 245,789 | bf16_mfu: 59.85 | epoch: 1 pq: 10 rg: 78 | total time: 34.47m | eta: 43.4m
step 00983/02205 (44.58%) | loss: 3.098668 | lrm: 0.86 | dt: 2130.35ms | tok/sec: 246,104 | bf16_mfu: 59.92 | epoch: 1 pq: 10 rg: 79 | total time: 34.50m | eta: 43.3m
step 00984/02205 (44.63%) | loss: 3.100200 | lrm: 0.86 | dt: 2131.79ms | tok/sec: 245,938 | bf16_mfu: 59.88 | epoch: 1 pq: 10 rg: 80 | total time: 34.54m | eta: 43.3m
step 00985/02205 (44.67%) | loss: 3.101041 | lrm: 0.86 | dt: 2124.83ms | tok/sec: 246,743 | bf16_mfu: 60.08 | epoch: 1 pq: 10 rg: 81 | total time: 34.57m | eta: 43.3m
step 00986/02205 (44.72%) | loss: 3.103952 | lrm: 0.86 | dt: 2133.92ms | tok/sec: 245,692 | bf16_mfu: 59.82 | epoch: 1 pq: 10 rg: 82 | total time: 34.61m | eta: 43.2m
step 00987/02205 (44.76%) | loss: 3.100709 | lrm: 0.86 | dt: 2133.43ms | tok/sec: 245,749 | bf16_mfu: 59.84 | epoch: 1 pq: 11 rg: 0 | total time: 34.64m | eta: 43.2m
step 00988/02205 (44.81%) | loss: 3.099374 | lrm: 0.86 | dt: 2130.87ms | tok/sec: 246,044 | bf16_mfu: 59.91 | epoch: 1 pq: 11 rg: 0 | total time: 34.68m | eta: 43.2m
step 00989/02205 (44.85%) | loss: 3.102705 | lrm: 0.86 | dt: 2130.11ms | tok/sec: 246,131 | bf16_mfu: 59.93 | epoch: 1 pq: 11 rg: 1 | total time: 34.72m | eta: 43.1m
step 00990/02205 (44.90%) | loss: 3.101114 | lrm: 0.86 | dt: 2129.27ms | tok/sec: 246,228 | bf16_mfu: 59.95 | epoch: 1 pq: 11 rg: 2 | total time: 34.75m | eta: 43.1m
step 00991/02205 (44.94%) | loss: 3.104517 | lrm: 0.85 | dt: 2130.86ms | tok/sec: 246,044 | bf16_mfu: 59.91 | epoch: 1 pq: 11 rg: 3 | total time: 34.79m | eta: 43.0m
step 00992/02205 (44.99%) | loss: 3.104148 | lrm: 0.85 | dt: 2133.01ms | tok/sec: 245,796 | bf16_mfu: 59.85 | epoch: 1 pq: 11 rg: 4 | total time: 34.82m | eta: 43.0m
step 00993/02205 (45.03%) | loss: 3.110440 | lrm: 0.85 | dt: 2131.07ms | tok/sec: 246,020 | bf16_mfu: 59.90 | epoch: 1 pq: 11 rg: 5 | total time: 34.86m | eta: 43.0m
step 00994/02205 (45.08%) | loss: 3.106797 | lrm: 0.85 | dt: 2134.05ms | tok/sec: 245,677 | bf16_mfu: 59.82 | epoch: 1 pq: 11 rg: 6 | total time: 34.89m | eta: 42.9m
step 00995/02205 (45.12%) | loss: 3.100143 | lrm: 0.85 | dt: 2130.74ms | tok/sec: 246,059 | bf16_mfu: 59.91 | epoch: 1 pq: 11 rg: 7 | total time: 34.93m | eta: 42.9m
step 00996/02205 (45.17%) | loss: 3.099042 | lrm: 0.85 | dt: 2132.81ms | tok/sec: 245,820 | bf16_mfu: 59.86 | epoch: 1 pq: 11 rg: 8 | total time: 34.96m | eta: 42.9m
step 00997/02205 (45.22%) | loss: 3.100978 | lrm: 0.85 | dt: 2133.46ms | tok/sec: 245,745 | bf16_mfu: 59.84 | epoch: 1 pq: 11 rg: 9 | total time: 35.00m | eta: 42.8m
step 00998/02205 (45.26%) | loss: 3.097439 | lrm: 0.85 | dt: 2132.38ms | tok/sec: 245,870 | bf16_mfu: 59.87 | epoch: 1 pq: 11 rg: 10 | total time: 35.04m | eta: 42.8m
step 00999/02205 (45.31%) | loss: 3.094452 | lrm: 0.85 | dt: 2130.63ms | tok/sec: 246,071 | bf16_mfu: 59.92 | epoch: 1 pq: 11 rg: 11 | total time: 35.07m | eta: 42.8m
Step 01000 | Validation bpb: 0.943661
step 01000/02205 (45.35%) | loss: 3.094779 | lrm: 0.85 | dt: 2132.58ms | tok/sec: 245,847 | bf16_mfu: 59.86 | epoch: 1 pq: 11 rg: 11 | total time: 35.11m | eta: 42.7m
step 01001/02205 (45.40%) | loss: 3.103061 | lrm: 0.85 | dt: 2132.70ms | tok/sec: 245,832 | bf16_mfu: 59.86 | epoch: 1 pq: 11 rg: 12 | total time: 35.14m | eta: 42.7m
step 01002/02205 (45.44%) | loss: 3.098999 | lrm: 0.85 | dt: 2135.56ms | tok/sec: 245,503 | bf16_mfu: 59.78 | epoch: 1 pq: 11 rg: 13 | total time: 35.18m | eta: 42.7m
step 01003/02205 (45.49%) | loss: 3.093272 | lrm: 0.85 | dt: 2129.67ms | tok/sec: 246,182 | bf16_mfu: 59.94 | epoch: 1 pq: 11 rg: 14 | total time: 35.21m | eta: 42.6m
step 01004/02205 (45.53%) | loss: 3.094230 | lrm: 0.85 | dt: 2130.34ms | tok/sec: 246,105 | bf16_mfu: 59.92 | epoch: 1 pq: 11 rg: 15 | total time: 35.25m | eta: 42.6m
step 01005/02205 (45.58%) | loss: 3.088885 | lrm: 0.85 | dt: 2133.08ms | tok/sec: 245,789 | bf16_mfu: 59.85 | epoch: 1 pq: 11 rg: 16 | total time: 35.28m | eta: 42.6m
step 01006/02205 (45.62%) | loss: 3.095228 | lrm: 0.84 | dt: 2130.95ms | tok/sec: 246,035 | bf16_mfu: 59.91 | epoch: 1 pq: 11 rg: 17 | total time: 35.32m | eta: 42.5m
step 01007/02205 (45.67%) | loss: 3.101930 | lrm: 0.84 | dt: 2130.99ms | tok/sec: 246,030 | bf16_mfu: 59.91 | epoch: 1 pq: 11 rg: 18 | total time: 35.36m | eta: 42.5m
step 01008/02205 (45.71%) | loss: 3.104685 | lrm: 0.84 | dt: 2130.72ms | tok/sec: 246,061 | bf16_mfu: 59.91 | epoch: 1 pq: 11 rg: 19 | total time: 35.39m | eta: 42.4m
step 01009/02205 (45.76%) | loss: 3.110497 | lrm: 0.84 | dt: 2135.69ms | tok/sec: 245,488 | bf16_mfu: 59.77 | epoch: 1 pq: 11 rg: 20 | total time: 35.43m | eta: 42.4m
step 01010/02205 (45.80%) | loss: 3.114097 | lrm: 0.84 | dt: 2131.16ms | tok/sec: 246,011 | bf16_mfu: 59.90 | epoch: 1 pq: 11 rg: 21 | total time: 35.46m | eta: 42.4m
step 01011/02205 (45.85%) | loss: 3.106643 | lrm: 0.84 | dt: 2125.70ms | tok/sec: 246,642 | bf16_mfu: 60.06 | epoch: 1 pq: 11 rg: 22 | total time: 35.50m | eta: 42.3m
step 01012/02205 (45.90%) | loss: 3.103657 | lrm: 0.84 | dt: 2126.37ms | tok/sec: 246,564 | bf16_mfu: 60.04 | epoch: 1 pq: 11 rg: 22 | total time: 35.53m | eta: 42.3m
step 01013/02205 (45.94%) | loss: 3.103075 | lrm: 0.84 | dt: 2130.47ms | tok/sec: 246,090 | bf16_mfu: 59.92 | epoch: 1 pq: 11 rg: 23 | total time: 35.57m | eta: 42.3m
step 01014/02205 (45.99%) | loss: 3.102998 | lrm: 0.84 | dt: 2130.94ms | tok/sec: 246,035 | bf16_mfu: 59.91 | epoch: 1 pq: 11 rg: 24 | total time: 35.60m | eta: 42.2m
step 01015/02205 (46.03%) | loss: 3.091273 | lrm: 0.84 | dt: 2130.31ms | tok/sec: 246,108 | bf16_mfu: 59.93 | epoch: 1 pq: 11 rg: 25 | total time: 35.64m | eta: 42.2m
step 01016/02205 (46.08%) | loss: 3.092012 | lrm: 0.84 | dt: 2132.32ms | tok/sec: 245,877 | bf16_mfu: 59.87 | epoch: 1 pq: 11 rg: 26 | total time: 35.67m | eta: 42.2m
step 01017/02205 (46.12%) | loss: 3.095390 | lrm: 0.84 | dt: 2127.88ms | tok/sec: 246,390 | bf16_mfu: 59.99 | epoch: 1 pq: 11 rg: 27 | total time: 35.71m | eta: 42.1m
step 01018/02205 (46.17%) | loss: 3.095517 | lrm: 0.84 | dt: 2127.83ms | tok/sec: 246,395 | bf16_mfu: 60.00 | epoch: 1 pq: 11 rg: 28 | total time: 35.75m | eta: 42.1m
step 01019/02205 (46.21%) | loss: 3.099318 | lrm: 0.84 | dt: 2128.48ms | tok/sec: 246,319 | bf16_mfu: 59.98 | epoch: 1 pq: 11 rg: 29 | total time: 35.78m | eta: 42.1m
step 01020/02205 (46.26%) | loss: 3.105161 | lrm: 0.84 | dt: 2131.09ms | tok/sec: 246,019 | bf16_mfu: 59.90 | epoch: 1 pq: 11 rg: 30 | total time: 35.82m | eta: 42.0m
step 01021/02205 (46.30%) | loss: 3.107404 | lrm: 0.83 | dt: 2130.47ms | tok/sec: 246,089 | bf16_mfu: 59.92 | epoch: 1 pq: 11 rg: 31 | total time: 35.85m | eta: 42.0m
step 01022/02205 (46.35%) | loss: 3.103049 | lrm: 0.83 | dt: 2132.78ms | tok/sec: 245,823 | bf16_mfu: 59.86 | epoch: 1 pq: 11 rg: 32 | total time: 35.89m | eta: 42.0m
step 01023/02205 (46.39%) | loss: 3.101539 | lrm: 0.83 | dt: 2129.48ms | tok/sec: 246,205 | bf16_mfu: 59.95 | epoch: 1 pq: 11 rg: 33 | total time: 35.92m | eta: 41.9m
step 01024/02205 (46.44%) | loss: 3.103659 | lrm: 0.83 | dt: 2127.18ms | tok/sec: 246,470 | bf16_mfu: 60.01 | epoch: 1 pq: 11 rg: 34 | total time: 35.96m | eta: 41.9m
step 01025/02205 (46.49%) | loss: 3.105554 | lrm: 0.83 | dt: 2127.99ms | tok/sec: 246,377 | bf16_mfu: 59.99 | epoch: 1 pq: 11 rg: 35 | total time: 35.99m | eta: 41.8m
step 01026/02205 (46.53%) | loss: 3.096813 | lrm: 0.83 | dt: 2129.64ms | tok/sec: 246,186 | bf16_mfu: 59.94 | epoch: 1 pq: 11 rg: 35 | total time: 36.03m | eta: 41.8m
step 01027/02205 (46.58%) | loss: 3.093902 | lrm: 0.83 | dt: 2127.13ms | tok/sec: 246,476 | bf16_mfu: 60.02 | epoch: 1 pq: 11 rg: 36 | total time: 36.07m | eta: 41.8m
step 01028/02205 (46.62%) | loss: 3.094357 | lrm: 0.83 | dt: 2128.96ms | tok/sec: 246,264 | bf16_mfu: 59.96 | epoch: 1 pq: 11 rg: 37 | total time: 36.10m | eta: 41.7m
step 01029/02205 (46.67%) | loss: 3.095041 | lrm: 0.83 | dt: 2129.02ms | tok/sec: 246,258 | bf16_mfu: 59.96 | epoch: 1 pq: 11 rg: 38 | total time: 36.14m | eta: 41.7m
step 01030/02205 (46.71%) | loss: 3.099158 | lrm: 0.83 | dt: 2131.33ms | tok/sec: 245,990 | bf16_mfu: 59.90 | epoch: 1 pq: 11 rg: 39 | total time: 36.17m | eta: 41.7m
step 01031/02205 (46.76%) | loss: 3.096590 | lrm: 0.83 | dt: 2134.78ms | tok/sec: 245,592 | bf16_mfu: 59.80 | epoch: 1 pq: 11 rg: 40 | total time: 36.21m | eta: 41.6m
step 01032/02205 (46.80%) | loss: 3.092828 | lrm: 0.83 | dt: 2131.99ms | tok/sec: 245,914 | bf16_mfu: 59.88 | epoch: 1 pq: 11 rg: 41 | total time: 36.24m | eta: 41.6m
step 01033/02205 (46.85%) | loss: 3.092220 | lrm: 0.83 | dt: 2133.56ms | tok/sec: 245,733 | bf16_mfu: 59.83 | epoch: 1 pq: 11 rg: 42 | total time: 36.28m | eta: 41.6m
step 01034/02205 (46.89%) | loss: 3.094263 | lrm: 0.83 | dt: 2130.17ms | tok/sec: 246,125 | bf16_mfu: 59.93 | epoch: 1 pq: 11 rg: 43 | total time: 36.31m | eta: 41.5m
step 01035/02205 (46.94%) | loss: 3.086540 | lrm: 0.83 | dt: 2132.63ms | tok/sec: 245,841 | bf16_mfu: 59.86 | epoch: 1 pq: 11 rg: 44 | total time: 36.35m | eta: 41.5m
step 01036/02205 (46.98%) | loss: 3.083258 | lrm: 0.82 | dt: 2128.56ms | tok/sec: 246,310 | bf16_mfu: 59.97 | epoch: 1 pq: 11 rg: 45 | total time: 36.38m | eta: 41.5m
step 01037/02205 (47.03%) | loss: 3.086463 | lrm: 0.82 | dt: 2130.54ms | tok/sec: 246,082 | bf16_mfu: 59.92 | epoch: 1 pq: 11 rg: 46 | total time: 36.42m | eta: 41.4m
step 01038/02205 (47.07%) | loss: 3.086160 | lrm: 0.82 | dt: 2134.64ms | tok/sec: 245,609 | bf16_mfu: 59.80 | epoch: 1 pq: 11 rg: 46 | total time: 36.46m | eta: 41.4m
step 01039/02205 (47.12%) | loss: 3.087581 | lrm: 0.82 | dt: 2130.10ms | tok/sec: 246,132 | bf16_mfu: 59.93 | epoch: 1 pq: 11 rg: 47 | total time: 36.49m | eta: 41.3m
step 01040/02205 (47.17%) | loss: 3.088802 | lrm: 0.82 | dt: 2134.62ms | tok/sec: 245,612 | bf16_mfu: 59.80 | epoch: 1 pq: 11 rg: 48 | total time: 36.53m | eta: 41.3m
step 01041/02205 (47.21%) | loss: 3.078562 | lrm: 0.82 | dt: 2129.92ms | tok/sec: 246,154 | bf16_mfu: 59.94 | epoch: 1 pq: 11 rg: 49 | total time: 36.56m | eta: 41.3m
step 01042/02205 (47.26%) | loss: 3.086453 | lrm: 0.82 | dt: 2128.39ms | tok/sec: 246,330 | bf16_mfu: 59.98 | epoch: 1 pq: 11 rg: 50 | total time: 36.60m | eta: 41.2m
step 01043/02205 (47.30%) | loss: 3.086317 | lrm: 0.82 | dt: 2129.28ms | tok/sec: 246,228 | bf16_mfu: 59.95 | epoch: 1 pq: 11 rg: 51 | total time: 36.63m | eta: 41.2m
step 01044/02205 (47.35%) | loss: 3.086022 | lrm: 0.82 | dt: 2132.30ms | tok/sec: 245,879 | bf16_mfu: 59.87 | epoch: 1 pq: 11 rg: 52 | total time: 36.67m | eta: 41.2m
step 01045/02205 (47.39%) | loss: 3.088279 | lrm: 0.82 | dt: 2129.66ms | tok/sec: 246,183 | bf16_mfu: 59.94 | epoch: 1 pq: 11 rg: 53 | total time: 36.70m | eta: 41.1m
step 01046/02205 (47.44%) | loss: 3.088951 | lrm: 0.82 | dt: 2132.30ms | tok/sec: 245,878 | bf16_mfu: 59.87 | epoch: 1 pq: 11 rg: 54 | total time: 36.74m | eta: 41.1m
step 01047/02205 (47.48%) | loss: 3.075660 | lrm: 0.82 | dt: 2133.12ms | tok/sec: 245,785 | bf16_mfu: 59.85 | epoch: 1 pq: 11 rg: 55 | total time: 36.78m | eta: 41.1m
step 01048/02205 (47.53%) | loss: 3.075975 | lrm: 0.82 | dt: 2133.92ms | tok/sec: 245,692 | bf16_mfu: 59.82 | epoch: 1 pq: 11 rg: 56 | total time: 36.81m | eta: 41.0m
step 01049/02205 (47.57%) | loss: 3.077298 | lrm: 0.82 | dt: 2129.70ms | tok/sec: 246,179 | bf16_mfu: 59.94 | epoch: 1 pq: 11 rg: 57 | total time: 36.85m | eta: 41.0m
step 01050/02205 (47.62%) | loss: 3.075094 | lrm: 0.82 | dt: 2132.72ms | tok/sec: 245,830 | bf16_mfu: 59.86 | epoch: 1 pq: 11 rg: 58 | total time: 36.88m | eta: 41.0m
step 01051/02205 (47.66%) | loss: 3.070794 | lrm: 0.82 | dt: 2129.81ms | tok/sec: 246,166 | bf16_mfu: 59.94 | epoch: 1 pq: 11 rg: 58 | total time: 36.92m | eta: 40.9m
step 01052/02205 (47.71%) | loss: 3.073028 | lrm: 0.81 | dt: 2130.15ms | tok/sec: 246,127 | bf16_mfu: 59.93 | epoch: 1 pq: 11 rg: 59 | total time: 36.95m | eta: 40.9m
step 01053/02205 (47.76%) | loss: 3.073212 | lrm: 0.81 | dt: 2128.23ms | tok/sec: 246,348 | bf16_mfu: 59.98 | epoch: 1 pq: 11 rg: 60 | total time: 36.99m | eta: 40.9m
step 01054/02205 (47.80%) | loss: 3.076855 | lrm: 0.81 | dt: 2131.48ms | tok/sec: 245,973 | bf16_mfu: 59.89 | epoch: 1 pq: 11 rg: 61 | total time: 37.02m | eta: 40.8m
step 01055/02205 (47.85%) | loss: 3.064624 | lrm: 0.81 | dt: 2129.75ms | tok/sec: 246,174 | bf16_mfu: 59.94 | epoch: 1 pq: 11 rg: 62 | total time: 37.06m | eta: 40.8m
step 01056/02205 (47.89%) | loss: 3.068574 | lrm: 0.81 | dt: 2135.31ms | tok/sec: 245,532 | bf16_mfu: 59.79 | epoch: 1 pq: 11 rg: 63 | total time: 37.10m | eta: 40.7m
step 01057/02205 (47.94%) | loss: 3.069972 | lrm: 0.81 | dt: 2132.47ms | tok/sec: 245,859 | bf16_mfu: 59.86 | epoch: 1 pq: 11 rg: 64 | total time: 37.13m | eta: 40.7m
step 01058/02205 (47.98%) | loss: 3.067583 | lrm: 0.81 | dt: 2131.32ms | tok/sec: 245,991 | bf16_mfu: 59.90 | epoch: 1 pq: 11 rg: 65 | total time: 37.17m | eta: 40.7m
step 01059/02205 (48.03%) | loss: 3.074936 | lrm: 0.81 | dt: 2131.12ms | tok/sec: 246,015 | bf16_mfu: 59.90 | epoch: 1 pq: 11 rg: 66 | total time: 37.20m | eta: 40.6m
step 01060/02205 (48.07%) | loss: 3.075278 | lrm: 0.81 | dt: 2128.68ms | tok/sec: 246,297 | bf16_mfu: 59.97 | epoch: 1 pq: 11 rg: 67 | total time: 37.24m | eta: 40.6m
step 01061/02205 (48.12%) | loss: 3.072345 | lrm: 0.81 | dt: 2126.33ms | tok/sec: 246,569 | bf16_mfu: 60.04 | epoch: 1 pq: 11 rg: 68 | total time: 37.27m | eta: 40.6m
step 01062/02205 (48.16%) | loss: 3.074820 | lrm: 0.81 | dt: 2132.30ms | tok/sec: 245,879 | bf16_mfu: 59.87 | epoch: 1 pq: 11 rg: 69 | total time: 37.31m | eta: 40.5m
step 01063/02205 (48.21%) | loss: 3.070609 | lrm: 0.81 | dt: 2128.01ms | tok/sec: 246,374 | bf16_mfu: 59.99 | epoch: 1 pq: 11 rg: 69 | total time: 37.34m | eta: 40.5m
step 01064/02205 (48.25%) | loss: 3.068155 | lrm: 0.81 | dt: 2131.53ms | tok/sec: 245,967 | bf16_mfu: 59.89 | epoch: 1 pq: 11 rg: 70 | total time: 37.38m | eta: 40.5m
step 01065/02205 (48.30%) | loss: 3.067232 | lrm: 0.81 | dt: 2129.14ms | tok/sec: 246,244 | bf16_mfu: 59.96 | epoch: 1 pq: 11 rg: 71 | total time: 37.41m | eta: 40.4m
step 01066/02205 (48.34%) | loss: 3.062021 | lrm: 0.81 | dt: 2132.54ms | tok/sec: 245,851 | bf16_mfu: 59.86 | epoch: 1 pq: 11 rg: 72 | total time: 37.45m | eta: 40.4m
step 01067/02205 (48.39%) | loss: 3.059955 | lrm: 0.80 | dt: 2133.68ms | tok/sec: 245,719 | bf16_mfu: 59.83 | epoch: 1 pq: 11 rg: 73 | total time: 37.49m | eta: 40.4m
step 01068/02205 (48.44%) | loss: 3.064322 | lrm: 0.80 | dt: 2130.56ms | tok/sec: 246,079 | bf16_mfu: 59.92 | epoch: 1 pq: 11 rg: 74 | total time: 37.52m | eta: 40.3m
step 01069/02205 (48.48%) | loss: 3.059524 | lrm: 0.80 | dt: 2133.58ms | tok/sec: 245,731 | bf16_mfu: 59.83 | epoch: 1 pq: 11 rg: 75 | total time: 37.56m | eta: 40.3m
step 01070/02205 (48.53%) | loss: 3.051964 | lrm: 0.80 | dt: 2132.66ms | tok/sec: 245,838 | bf16_mfu: 59.86 | epoch: 1 pq: 11 rg: 76 | total time: 37.59m | eta: 40.3m
step 01071/02205 (48.57%) | loss: 3.057916 | lrm: 0.80 | dt: 2131.15ms | tok/sec: 246,011 | bf16_mfu: 59.90 | epoch: 1 pq: 11 rg: 77 | total time: 37.63m | eta: 40.2m
step 01072/02205 (48.62%) | loss: 3.054899 | lrm: 0.80 | dt: 2131.78ms | tok/sec: 245,938 | bf16_mfu: 59.88 | epoch: 1 pq: 11 rg: 78 | total time: 37.66m | eta: 40.2m
step 01073/02205 (48.66%) | loss: 3.051096 | lrm: 0.80 | dt: 2133.42ms | tok/sec: 245,749 | bf16_mfu: 59.84 | epoch: 1 pq: 11 rg: 79 | total time: 37.70m | eta: 40.1m
step 01074/02205 (48.71%) | loss: 3.054330 | lrm: 0.80 | dt: 2125.64ms | tok/sec: 246,648 | bf16_mfu: 60.06 | epoch: 1 pq: 11 rg: 80 | total time: 37.73m | eta: 40.1m
step 01075/02205 (48.75%) | loss: 3.055473 | lrm: 0.80 | dt: 2132.08ms | tok/sec: 245,904 | bf16_mfu: 59.88 | epoch: 1 pq: 11 rg: 81 | total time: 37.77m | eta: 40.1m
step 01076/02205 (48.80%) | loss: 3.055689 | lrm: 0.80 | dt: 2133.05ms | tok/sec: 245,792 | bf16_mfu: 59.85 | epoch: 1 pq: 12 rg: 0 | total time: 37.81m | eta: 40.0m
step 01077/02205 (48.84%) | loss: 3.048014 | lrm: 0.80 | dt: 2130.90ms | tok/sec: 246,040 | bf16_mfu: 59.91 | epoch: 1 pq: 12 rg: 0 | total time: 37.84m | eta: 40.0m
step 01078/02205 (48.89%) | loss: 3.051061 | lrm: 0.80 | dt: 2128.86ms | tok/sec: 246,276 | bf16_mfu: 59.97 | epoch: 1 pq: 12 rg: 1 | total time: 37.88m | eta: 40.0m
step 01079/02205 (48.93%) | loss: 3.050436 | lrm: 0.80 | dt: 2132.58ms | tok/sec: 245,847 | bf16_mfu: 59.86 | epoch: 1 pq: 12 rg: 2 | total time: 37.91m | eta: 39.9m
step 01080/02205 (48.98%) | loss: 3.055520 | lrm: 0.80 | dt: 2128.64ms | tok/sec: 246,301 | bf16_mfu: 59.97 | epoch: 1 pq: 12 rg: 3 | total time: 37.95m | eta: 39.9m
step 01081/02205 (49.02%) | loss: 3.055126 | lrm: 0.80 | dt: 2128.57ms | tok/sec: 246,309 | bf16_mfu: 59.97 | epoch: 1 pq: 12 rg: 4 | total time: 37.98m | eta: 39.9m
step 01082/02205 (49.07%) | loss: 3.058001 | lrm: 0.79 | dt: 2134.12ms | tok/sec: 245,669 | bf16_mfu: 59.82 | epoch: 1 pq: 12 rg: 5 | total time: 38.02m | eta: 39.8m
step 01083/02205 (49.12%) | loss: 3.061783 | lrm: 0.79 | dt: 2131.09ms | tok/sec: 246,018 | bf16_mfu: 59.90 | epoch: 1 pq: 12 rg: 6 | total time: 38.05m | eta: 39.8m
step 01084/02205 (49.16%) | loss: 3.056776 | lrm: 0.79 | dt: 2131.04ms | tok/sec: 246,023 | bf16_mfu: 59.90 | epoch: 1 pq: 12 rg: 7 | total time: 38.09m | eta: 39.8m
step 01085/02205 (49.21%) | loss: 3.055629 | lrm: 0.79 | dt: 2137.87ms | tok/sec: 245,238 | bf16_mfu: 59.71 | epoch: 1 pq: 12 rg: 8 | total time: 38.13m | eta: 39.7m
step 01086/02205 (49.25%) | loss: 3.053620 | lrm: 0.79 | dt: 2134.51ms | tok/sec: 245,624 | bf16_mfu: 59.81 | epoch: 1 pq: 12 rg: 9 | total time: 38.16m | eta: 39.7m
step 01087/02205 (49.30%) | loss: 3.056614 | lrm: 0.79 | dt: 2132.58ms | tok/sec: 245,846 | bf16_mfu: 59.86 | epoch: 1 pq: 12 rg: 10 | total time: 38.20m | eta: 39.7m
step 01088/02205 (49.34%) | loss: 3.053218 | lrm: 0.79 | dt: 2137.38ms | tok/sec: 245,294 | bf16_mfu: 59.73 | epoch: 1 pq: 12 rg: 11 | total time: 38.23m | eta: 39.6m
step 01089/02205 (49.39%) | loss: 3.054866 | lrm: 0.79 | dt: 2132.41ms | tok/sec: 245,866 | bf16_mfu: 59.87 | epoch: 1 pq: 12 rg: 11 | total time: 38.27m | eta: 39.6m
step 01090/02205 (49.43%) | loss: 3.052767 | lrm: 0.79 | dt: 2127.91ms | tok/sec: 246,386 | bf16_mfu: 59.99 | epoch: 1 pq: 12 rg: 12 | total time: 38.30m | eta: 39.5m
step 01091/02205 (49.48%) | loss: 3.055119 | lrm: 0.79 | dt: 2131.12ms | tok/sec: 246,014 | bf16_mfu: 59.90 | epoch: 1 pq: 12 rg: 13 | total time: 38.34m | eta: 39.5m
step 01092/02205 (49.52%) | loss: 3.043755 | lrm: 0.79 | dt: 2132.37ms | tok/sec: 245,871 | bf16_mfu: 59.87 | epoch: 1 pq: 12 rg: 14 | total time: 38.37m | eta: 39.5m
step 01093/02205 (49.57%) | loss: 3.053443 | lrm: 0.79 | dt: 2133.34ms | tok/sec: 245,759 | bf16_mfu: 59.84 | epoch: 1 pq: 12 rg: 15 | total time: 38.41m | eta: 39.4m
step 01094/02205 (49.61%) | loss: 3.049253 | lrm: 0.79 | dt: 2130.83ms | tok/sec: 246,048 | bf16_mfu: 59.91 | epoch: 1 pq: 12 rg: 16 | total time: 38.45m | eta: 39.4m
step 01095/02205 (49.66%) | loss: 3.044925 | lrm: 0.79 | dt: 2130.72ms | tok/sec: 246,061 | bf16_mfu: 59.91 | epoch: 1 pq: 12 rg: 17 | total time: 38.48m | eta: 39.4m
step 01096/02205 (49.71%) | loss: 3.054810 | lrm: 0.79 | dt: 2134.49ms | tok/sec: 245,626 | bf16_mfu: 59.81 | epoch: 1 pq: 12 rg: 18 | total time: 38.52m | eta: 39.3m
step 01097/02205 (49.75%) | loss: 3.053285 | lrm: 0.78 | dt: 2128.43ms | tok/sec: 246,326 | bf16_mfu: 59.98 | epoch: 1 pq: 12 rg: 19 | total time: 38.55m | eta: 39.3m
step 01098/02205 (49.80%) | loss: 3.055245 | lrm: 0.78 | dt: 2130.74ms | tok/sec: 246,059 | bf16_mfu: 59.91 | epoch: 1 pq: 12 rg: 20 | total time: 38.59m | eta: 39.3m
step 01099/02205 (49.84%) | loss: 3.058697 | lrm: 0.78 | dt: 2129.51ms | tok/sec: 246,201 | bf16_mfu: 59.95 | epoch: 1 pq: 12 rg: 21 | total time: 38.62m | eta: 39.2m
step 01100/02205 (49.89%) | loss: 3.060799 | lrm: 0.78 | dt: 2132.88ms | tok/sec: 245,812 | bf16_mfu: 59.85 | epoch: 1 pq: 12 rg: 22 | total time: 38.66m | eta: 39.2m
step 01101/02205 (49.93%) | loss: 3.068444 | lrm: 0.78 | dt: 2133.65ms | tok/sec: 245,724 | bf16_mfu: 59.83 | epoch: 1 pq: 12 rg: 22 | total time: 38.69m | eta: 39.2m
step 01102/02205 (49.98%) | loss: 3.072749 | lrm: 0.78 | dt: 2133.59ms | tok/sec: 245,730 | bf16_mfu: 59.83 | epoch: 1 pq: 12 rg: 23 | total time: 38.73m | eta: 39.1m
step 01103/02205 (50.02%) | loss: 3.075780 | lrm: 0.78 | dt: 2133.29ms | tok/sec: 245,764 | bf16_mfu: 59.84 | epoch: 1 pq: 12 rg: 24 | total time: 38.76m | eta: 39.1m
step 01104/02205 (50.07%) | loss: 3.084734 | lrm: 0.78 | dt: 2131.72ms | tok/sec: 245,945 | bf16_mfu: 59.89 | epoch: 1 pq: 12 rg: 25 | total time: 38.80m | eta: 39.0m
step 01105/02205 (50.11%) | loss: 3.085309 | lrm: 0.78 | dt: 2132.14ms | tok/sec: 245,897 | bf16_mfu: 59.87 | epoch: 1 pq: 12 rg: 26 | total time: 38.84m | eta: 39.0m
step 01106/02205 (50.16%) | loss: 3.076387 | lrm: 0.78 | dt: 2130.24ms | tok/sec: 246,117 | bf16_mfu: 59.93 | epoch: 1 pq: 12 rg: 27 | total time: 38.87m | eta: 39.0m
step 01107/02205 (50.20%) | loss: 3.076435 | lrm: 0.78 | dt: 2127.37ms | tok/sec: 246,449 | bf16_mfu: 60.01 | epoch: 1 pq: 12 rg: 28 | total time: 38.91m | eta: 38.9m
step 01108/02205 (50.25%) | loss: 3.075373 | lrm: 0.78 | dt: 2128.98ms | tok/sec: 246,262 | bf16_mfu: 59.96 | epoch: 1 pq: 12 rg: 29 | total time: 38.94m | eta: 38.9m
step 01109/02205 (50.29%) | loss: 3.069778 | lrm: 0.78 | dt: 2132.54ms | tok/sec: 245,851 | bf16_mfu: 59.86 | epoch: 1 pq: 12 rg: 30 | total time: 38.98m | eta: 38.9m
step 01110/02205 (50.34%) | loss: 3.067162 | lrm: 0.78 | dt: 2127.32ms | tok/sec: 246,454 | bf16_mfu: 60.01 | epoch: 1 pq: 12 rg: 31 | total time: 39.01m | eta: 38.8m
step 01111/02205 (50.39%) | loss: 3.059389 | lrm: 0.78 | dt: 2130.99ms | tok/sec: 246,030 | bf16_mfu: 59.91 | epoch: 1 pq: 12 rg: 32 | total time: 39.05m | eta: 38.8m
step 01112/02205 (50.43%) | loss: 3.067452 | lrm: 0.77 | dt: 2126.59ms | tok/sec: 246,538 | bf16_mfu: 60.03 | epoch: 1 pq: 12 rg: 33 | total time: 39.08m | eta: 38.8m
step 01113/02205 (50.48%) | loss: 3.067943 | lrm: 0.77 | dt: 2131.61ms | tok/sec: 245,958 | bf16_mfu: 59.89 | epoch: 1 pq: 12 rg: 34 | total time: 39.12m | eta: 38.7m
step 01114/02205 (50.52%) | loss: 3.057583 | lrm: 0.77 | dt: 2128.34ms | tok/sec: 246,336 | bf16_mfu: 59.98 | epoch: 1 pq: 12 rg: 34 | total time: 39.16m | eta: 38.7m
step 01115/02205 (50.57%) | loss: 3.056359 | lrm: 0.77 | dt: 2133.73ms | tok/sec: 245,713 | bf16_mfu: 59.83 | epoch: 1 pq: 12 rg: 35 | total time: 39.19m | eta: 38.7m
step 01116/02205 (50.61%) | loss: 3.062523 | lrm: 0.77 | dt: 2126.34ms | tok/sec: 246,568 | bf16_mfu: 60.04 | epoch: 1 pq: 12 rg: 36 | total time: 39.23m | eta: 38.6m
step 01117/02205 (50.66%) | loss: 3.063078 | lrm: 0.77 | dt: 2133.77ms | tok/sec: 245,709 | bf16_mfu: 59.83 | epoch: 1 pq: 12 rg: 37 | total time: 39.26m | eta: 38.6m
step 01118/02205 (50.70%) | loss: 3.067254 | lrm: 0.77 | dt: 2130.16ms | tok/sec: 246,126 | bf16_mfu: 59.93 | epoch: 1 pq: 12 rg: 38 | total time: 39.30m | eta: 38.6m
step 01119/02205 (50.75%) | loss: 3.057065 | lrm: 0.77 | dt: 2130.84ms | tok/sec: 246,047 | bf16_mfu: 59.91 | epoch: 1 pq: 12 rg: 39 | total time: 39.33m | eta: 38.5m
step 01120/02205 (50.79%) | loss: 3.057010 | lrm: 0.77 | dt: 2130.45ms | tok/sec: 246,092 | bf16_mfu: 59.92 | epoch: 1 pq: 12 rg: 40 | total time: 39.37m | eta: 38.5m
step 01121/02205 (50.84%) | loss: 3.059663 | lrm: 0.77 | dt: 2132.68ms | tok/sec: 245,834 | bf16_mfu: 59.86 | epoch: 1 pq: 12 rg: 41 | total time: 39.40m | eta: 38.4m
step 01122/02205 (50.88%) | loss: 3.065276 | lrm: 0.77 | dt: 2129.66ms | tok/sec: 246,184 | bf16_mfu: 59.94 | epoch: 1 pq: 12 rg: 42 | total time: 39.44m | eta: 38.4m
step 01123/02205 (50.93%) | loss: 3.054700 | lrm: 0.77 | dt: 2133.54ms | tok/sec: 245,736 | bf16_mfu: 59.83 | epoch: 1 pq: 12 rg: 43 | total time: 39.48m | eta: 38.4m
step 01124/02205 (50.98%) | loss: 3.047803 | lrm: 0.77 | dt: 2131.59ms | tok/sec: 245,961 | bf16_mfu: 59.89 | epoch: 1 pq: 12 rg: 44 | total time: 39.51m | eta: 38.3m
step 01125/02205 (51.02%) | loss: 3.050108 | lrm: 0.77 | dt: 2129.47ms | tok/sec: 246,206 | bf16_mfu: 59.95 | epoch: 1 pq: 12 rg: 45 | total time: 39.55m | eta: 38.3m
step 01126/02205 (51.07%) | loss: 3.048500 | lrm: 0.77 | dt: 2132.99ms | tok/sec: 245,799 | bf16_mfu: 59.85 | epoch: 1 pq: 12 rg: 45 | total time: 39.58m | eta: 38.3m
step 01127/02205 (51.11%) | loss: 3.043429 | lrm: 0.76 | dt: 2131.48ms | tok/sec: 245,973 | bf16_mfu: 59.89 | epoch: 1 pq: 12 rg: 46 | total time: 39.62m | eta: 38.2m
step 01128/02205 (51.16%) | loss: 3.046278 | lrm: 0.76 | dt: 2129.22ms | tok/sec: 246,234 | bf16_mfu: 59.96 | epoch: 1 pq: 12 rg: 47 | total time: 39.65m | eta: 38.2m
step 01129/02205 (51.20%) | loss: 3.050752 | lrm: 0.76 | dt: 2137.76ms | tok/sec: 245,250 | bf16_mfu: 59.72 | epoch: 1 pq: 12 rg: 48 | total time: 39.69m | eta: 38.2m
step 01130/02205 (51.25%) | loss: 3.050448 | lrm: 0.76 | dt: 2124.95ms | tok/sec: 246,729 | bf16_mfu: 60.08 | epoch: 1 pq: 12 rg: 49 | total time: 39.72m | eta: 38.1m
step 01131/02205 (51.29%) | loss: 3.054090 | lrm: 0.76 | dt: 2129.61ms | tok/sec: 246,189 | bf16_mfu: 59.95 | epoch: 1 pq: 12 rg: 50 | total time: 39.76m | eta: 38.1m
step 01132/02205 (51.34%) | loss: 3.053598 | lrm: 0.76 | dt: 2127.93ms | tok/sec: 246,383 | bf16_mfu: 59.99 | epoch: 1 pq: 12 rg: 51 | total time: 39.79m | eta: 38.1m
step 01133/02205 (51.38%) | loss: 3.058708 | lrm: 0.76 | dt: 2126.73ms | tok/sec: 246,523 | bf16_mfu: 60.03 | epoch: 1 pq: 12 rg: 52 | total time: 39.83m | eta: 38.0m
step 01134/02205 (51.43%) | loss: 3.054764 | lrm: 0.76 | dt: 2133.92ms | tok/sec: 245,692 | bf16_mfu: 59.82 | epoch: 1 pq: 12 rg: 53 | total time: 39.87m | eta: 38.0m
step 01135/02205 (51.47%) | loss: 3.053966 | lrm: 0.76 | dt: 2132.01ms | tok/sec: 245,912 | bf16_mfu: 59.88 | epoch: 1 pq: 12 rg: 54 | total time: 39.90m | eta: 38.0m
step 01136/02205 (51.52%) | loss: 3.054641 | lrm: 0.76 | dt: 2133.43ms | tok/sec: 245,749 | bf16_mfu: 59.84 | epoch: 1 pq: 12 rg: 55 | total time: 39.94m | eta: 37.9m
step 01137/02205 (51.56%) | loss: 3.052247 | lrm: 0.76 | dt: 2135.28ms | tok/sec: 245,536 | bf16_mfu: 59.79 | epoch: 1 pq: 12 rg: 56 | total time: 39.97m | eta: 37.9m
step 01138/02205 (51.61%) | loss: 3.058419 | lrm: 0.76 | dt: 2132.45ms | tok/sec: 245,862 | bf16_mfu: 59.87 | epoch: 1 pq: 12 rg: 57 | total time: 40.01m | eta: 37.8m
step 01139/02205 (51.66%) | loss: 3.054984 | lrm: 0.76 | dt: 2128.94ms | tok/sec: 246,267 | bf16_mfu: 59.96 | epoch: 1 pq: 12 rg: 57 | total time: 40.04m | eta: 37.8m
step 01140/02205 (51.70%) | loss: 3.062408 | lrm: 0.76 | dt: 2130.49ms | tok/sec: 246,087 | bf16_mfu: 59.92 | epoch: 1 pq: 12 rg: 58 | total time: 40.08m | eta: 37.8m
step 01141/02205 (51.75%) | loss: 3.055610 | lrm: 0.76 | dt: 2127.22ms | tok/sec: 246,466 | bf16_mfu: 60.01 | epoch: 1 pq: 12 rg: 59 | total time: 40.11m | eta: 37.7m
step 01142/02205 (51.79%) | loss: 3.058070 | lrm: 0.75 | dt: 2130.95ms | tok/sec: 246,034 | bf16_mfu: 59.91 | epoch: 1 pq: 12 rg: 60 | total time: 40.15m | eta: 37.7m
step 01143/02205 (51.84%) | loss: 3.054147 | lrm: 0.75 | dt: 2131.02ms | tok/sec: 246,026 | bf16_mfu: 59.91 | epoch: 1 pq: 12 rg: 61 | total time: 40.19m | eta: 37.7m
step 01144/02205 (51.88%) | loss: 3.050455 | lrm: 0.75 | dt: 2127.55ms | tok/sec: 246,428 | bf16_mfu: 60.00 | epoch: 1 pq: 12 rg: 62 | total time: 40.22m | eta: 37.6m
step 01145/02205 (51.93%) | loss: 3.043170 | lrm: 0.75 | dt: 2130.53ms | tok/sec: 246,083 | bf16_mfu: 59.92 | epoch: 1 pq: 12 rg: 63 | total time: 40.26m | eta: 37.6m
step 01146/02205 (51.97%) | loss: 3.042706 | lrm: 0.75 | dt: 2129.93ms | tok/sec: 246,152 | bf16_mfu: 59.94 | epoch: 1 pq: 12 rg: 64 | total time: 40.29m | eta: 37.6m
step 01147/02205 (52.02%) | loss: 3.039765 | lrm: 0.75 | dt: 2124.59ms | tok/sec: 246,771 | bf16_mfu: 60.09 | epoch: 1 pq: 12 rg: 65 | total time: 40.33m | eta: 37.5m
step 01148/02205 (52.06%) | loss: 3.038190 | lrm: 0.75 | dt: 2129.41ms | tok/sec: 246,213 | bf16_mfu: 59.95 | epoch: 1 pq: 12 rg: 66 | total time: 40.36m | eta: 37.5m
step 01149/02205 (52.11%) | loss: 3.040974 | lrm: 0.75 | dt: 2129.43ms | tok/sec: 246,211 | bf16_mfu: 59.95 | epoch: 1 pq: 12 rg: 67 | total time: 40.40m | eta: 37.5m
step 01150/02205 (52.15%) | loss: 3.043164 | lrm: 0.75 | dt: 2131.37ms | tok/sec: 245,986 | bf16_mfu: 59.90 | epoch: 1 pq: 12 rg: 68 | total time: 40.43m | eta: 37.4m
step 01151/02205 (52.20%) | loss: 3.043210 | lrm: 0.75 | dt: 2131.35ms | tok/sec: 245,988 | bf16_mfu: 59.90 | epoch: 1 pq: 12 rg: 69 | total time: 40.47m | eta: 37.4m
step 01152/02205 (52.24%) | loss: 3.038666 | lrm: 0.75 | dt: 2125.24ms | tok/sec: 246,696 | bf16_mfu: 60.07 | epoch: 1 pq: 12 rg: 70 | total time: 40.50m | eta: 37.3m
step 01153/02205 (52.29%) | loss: 3.043175 | lrm: 0.75 | dt: 2131.83ms | tok/sec: 245,933 | bf16_mfu: 59.88 | epoch: 1 pq: 12 rg: 71 | total time: 40.54m | eta: 37.3m
step 01154/02205 (52.34%) | loss: 3.041785 | lrm: 0.75 | dt: 2124.65ms | tok/sec: 246,764 | bf16_mfu: 60.09 | epoch: 1 pq: 12 rg: 72 | total time: 40.58m | eta: 37.3m
step 01155/02205 (52.38%) | loss: 3.044197 | lrm: 0.75 | dt: 2132.21ms | tok/sec: 245,889 | bf16_mfu: 59.87 | epoch: 1 pq: 12 rg: 72 | total time: 40.61m | eta: 37.2m
step 01156/02205 (52.43%) | loss: 3.047868 | lrm: 0.75 | dt: 2123.47ms | tok/sec: 246,901 | bf16_mfu: 60.12 | epoch: 1 pq: 12 rg: 73 | total time: 40.65m | eta: 37.2m
step 01157/02205 (52.47%) | loss: 3.048872 | lrm: 0.74 | dt: 2128.79ms | tok/sec: 246,284 | bf16_mfu: 59.97 | epoch: 1 pq: 12 rg: 74 | total time: 40.68m | eta: 37.2m
step 01158/02205 (52.52%) | loss: 3.053691 | lrm: 0.74 | dt: 2127.16ms | tok/sec: 246,473 | bf16_mfu: 60.01 | epoch: 1 pq: 12 rg: 75 | total time: 40.72m | eta: 37.1m
step 01159/02205 (52.56%) | loss: 3.054599 | lrm: 0.74 | dt: 2134.88ms | tok/sec: 245,582 | bf16_mfu: 59.80 | epoch: 1 pq: 12 rg: 76 | total time: 40.75m | eta: 37.1m
step 01160/02205 (52.61%) | loss: 3.048105 | lrm: 0.74 | dt: 2129.85ms | tok/sec: 246,161 | bf16_mfu: 59.94 | epoch: 1 pq: 12 rg: 77 | total time: 40.79m | eta: 37.1m
step 01161/02205 (52.65%) | loss: 3.051611 | lrm: 0.74 | dt: 2127.05ms | tok/sec: 246,485 | bf16_mfu: 60.02 | epoch: 1 pq: 12 rg: 78 | total time: 40.82m | eta: 37.0m
step 01162/02205 (52.70%) | loss: 3.047581 | lrm: 0.74 | dt: 2130.81ms | tok/sec: 246,051 | bf16_mfu: 59.91 | epoch: 1 pq: 12 rg: 79 | total time: 40.86m | eta: 37.0m
step 01163/02205 (52.74%) | loss: 3.042385 | lrm: 0.74 | dt: 2130.68ms | tok/sec: 246,065 | bf16_mfu: 59.92 | epoch: 1 pq: 12 rg: 80 | total time: 40.90m | eta: 37.0m
step 01164/02205 (52.79%) | loss: 3.050206 | lrm: 0.74 | dt: 2128.12ms | tok/sec: 246,362 | bf16_mfu: 59.99 | epoch: 1 pq: 12 rg: 81 | total time: 40.93m | eta: 36.9m
step 01165/02205 (52.83%) | loss: 3.057300 | lrm: 0.74 | dt: 2131.44ms | tok/sec: 245,978 | bf16_mfu: 59.89 | epoch: 1 pq: 13 rg: 0 | total time: 40.97m | eta: 36.9m
step 01166/02205 (52.88%) | loss: 3.052619 | lrm: 0.74 | dt: 2128.68ms | tok/sec: 246,297 | bf16_mfu: 59.97 | epoch: 1 pq: 13 rg: 1 | total time: 41.00m | eta: 36.9m
step 01167/02205 (52.93%) | loss: 3.051174 | lrm: 0.74 | dt: 2128.66ms | tok/sec: 246,299 | bf16_mfu: 59.97 | epoch: 1 pq: 13 rg: 2 | total time: 41.04m | eta: 36.8m
step 01168/02205 (52.97%) | loss: 3.051866 | lrm: 0.74 | dt: 2131.55ms | tok/sec: 245,965 | bf16_mfu: 59.89 | epoch: 1 pq: 13 rg: 2 | total time: 41.07m | eta: 36.8m
step 01169/02205 (53.02%) | loss: 3.046304 | lrm: 0.74 | dt: 2126.26ms | tok/sec: 246,577 | bf16_mfu: 60.04 | epoch: 1 pq: 13 rg: 3 | total time: 41.11m | eta: 36.7m
step 01170/02205 (53.06%) | loss: 3.055669 | lrm: 0.74 | dt: 2128.29ms | tok/sec: 246,342 | bf16_mfu: 59.98 | epoch: 1 pq: 13 rg: 4 | total time: 41.14m | eta: 36.7m
step 01171/02205 (53.11%) | loss: 3.058408 | lrm: 0.74 | dt: 2134.79ms | tok/sec: 245,592 | bf16_mfu: 59.80 | epoch: 1 pq: 13 rg: 5 | total time: 41.18m | eta: 36.7m
step 01172/02205 (53.15%) | loss: 3.051869 | lrm: 0.73 | dt: 2130.80ms | tok/sec: 246,052 | bf16_mfu: 59.91 | epoch: 1 pq: 13 rg: 6 | total time: 41.21m | eta: 36.6m
step 01173/02205 (53.20%) | loss: 3.053744 | lrm: 0.73 | dt: 2125.78ms | tok/sec: 246,632 | bf16_mfu: 60.05 | epoch: 1 pq: 13 rg: 7 | total time: 41.25m | eta: 36.6m
step 01174/02205 (53.24%) | loss: 3.057563 | lrm: 0.73 | dt: 2127.11ms | tok/sec: 246,478 | bf16_mfu: 60.02 | epoch: 1 pq: 13 rg: 8 | total time: 41.29m | eta: 36.6m
step 01175/02205 (53.29%) | loss: 3.053714 | lrm: 0.73 | dt: 2131.65ms | tok/sec: 245,953 | bf16_mfu: 59.89 | epoch: 1 pq: 13 rg: 9 | total time: 41.32m | eta: 36.5m
step 01176/02205 (53.33%) | loss: 3.051905 | lrm: 0.73 | dt: 2129.54ms | tok/sec: 246,197 | bf16_mfu: 59.95 | epoch: 1 pq: 13 rg: 10 | total time: 41.36m | eta: 36.5m
step 01177/02205 (53.38%) | loss: 3.051000 | lrm: 0.73 | dt: 2132.49ms | tok/sec: 245,856 | bf16_mfu: 59.86 | epoch: 1 pq: 13 rg: 11 | total time: 41.39m | eta: 36.5m
step 01178/02205 (53.42%) | loss: 3.048597 | lrm: 0.73 | dt: 2126.36ms | tok/sec: 246,565 | bf16_mfu: 60.04 | epoch: 1 pq: 13 rg: 12 | total time: 41.43m | eta: 36.4m
step 01179/02205 (53.47%) | loss: 3.045656 | lrm: 0.73 | dt: 2129.44ms | tok/sec: 246,209 | bf16_mfu: 59.95 | epoch: 1 pq: 13 rg: 13 | total time: 41.46m | eta: 36.4m
step 01180/02205 (53.51%) | loss: 3.045234 | lrm: 0.73 | dt: 2127.74ms | tok/sec: 246,406 | bf16_mfu: 60.00 | epoch: 1 pq: 13 rg: 13 | total time: 41.50m | eta: 36.4m
step 01181/02205 (53.56%) | loss: 3.043046 | lrm: 0.73 | dt: 2132.01ms | tok/sec: 245,912 | bf16_mfu: 59.88 | epoch: 1 pq: 13 rg: 14 | total time: 41.53m | eta: 36.3m
step 01182/02205 (53.61%) | loss: 3.036232 | lrm: 0.73 | dt: 2131.81ms | tok/sec: 245,935 | bf16_mfu: 59.88 | epoch: 1 pq: 13 rg: 15 | total time: 41.57m | eta: 36.3m
step 01183/02205 (53.65%) | loss: 3.039271 | lrm: 0.73 | dt: 2132.99ms | tok/sec: 245,800 | bf16_mfu: 59.85 | epoch: 1 pq: 13 rg: 16 | total time: 41.60m | eta: 36.2m
step 01184/02205 (53.70%) | loss: 3.036523 | lrm: 0.73 | dt: 2130.19ms | tok/sec: 246,122 | bf16_mfu: 59.93 | epoch: 1 pq: 13 rg: 17 | total time: 41.64m | eta: 36.2m
step 01185/02205 (53.74%) | loss: 3.034012 | lrm: 0.73 | dt: 2128.48ms | tok/sec: 246,320 | bf16_mfu: 59.98 | epoch: 1 pq: 13 rg: 18 | total time: 41.68m | eta: 36.2m
step 01186/02205 (53.79%) | loss: 3.030306 | lrm: 0.73 | dt: 2133.26ms | tok/sec: 245,768 | bf16_mfu: 59.84 | epoch: 1 pq: 13 rg: 19 | total time: 41.71m | eta: 36.1m
step 01187/02205 (53.83%) | loss: 3.032073 | lrm: 0.72 | dt: 2134.07ms | tok/sec: 245,675 | bf16_mfu: 59.82 | epoch: 1 pq: 13 rg: 20 | total time: 41.75m | eta: 36.1m
step 01188/02205 (53.88%) | loss: 3.025349 | lrm: 0.72 | dt: 2132.05ms | tok/sec: 245,908 | bf16_mfu: 59.88 | epoch: 1 pq: 13 rg: 21 | total time: 41.78m | eta: 36.1m
step 01189/02205 (53.92%) | loss: 3.024230 | lrm: 0.72 | dt: 2130.03ms | tok/sec: 246,140 | bf16_mfu: 59.93 | epoch: 1 pq: 13 rg: 22 | total time: 41.82m | eta: 36.0m
step 01190/02205 (53.97%) | loss: 3.020361 | lrm: 0.72 | dt: 2126.77ms | tok/sec: 246,518 | bf16_mfu: 60.03 | epoch: 1 pq: 13 rg: 23 | total time: 41.85m | eta: 36.0m
step 01191/02205 (54.01%) | loss: 3.018924 | lrm: 0.72 | dt: 2127.16ms | tok/sec: 246,473 | bf16_mfu: 60.01 | epoch: 1 pq: 13 rg: 24 | total time: 41.89m | eta: 36.0m
step 01192/02205 (54.06%) | loss: 3.022905 | lrm: 0.72 | dt: 2128.45ms | tok/sec: 246,324 | bf16_mfu: 59.98 | epoch: 1 pq: 13 rg: 25 | total time: 41.92m | eta: 35.9m
step 01193/02205 (54.10%) | loss: 3.019256 | lrm: 0.72 | dt: 2133.83ms | tok/sec: 245,703 | bf16_mfu: 59.83 | epoch: 1 pq: 13 rg: 25 | total time: 41.96m | eta: 35.9m
step 01194/02205 (54.15%) | loss: 3.021638 | lrm: 0.72 | dt: 2129.79ms | tok/sec: 246,169 | bf16_mfu: 59.94 | epoch: 1 pq: 13 rg: 26 | total time: 42.00m | eta: 35.9m
step 01195/02205 (54.20%) | loss: 3.018646 | lrm: 0.72 | dt: 2128.39ms | tok/sec: 246,331 | bf16_mfu: 59.98 | epoch: 1 pq: 13 rg: 27 | total time: 42.03m | eta: 35.8m
step 01196/02205 (54.24%) | loss: 3.027236 | lrm: 0.72 | dt: 2135.68ms | tok/sec: 245,490 | bf16_mfu: 59.77 | epoch: 1 pq: 13 rg: 28 | total time: 42.07m | eta: 35.8m
step 01197/02205 (54.29%) | loss: 3.029388 | lrm: 0.72 | dt: 2127.05ms | tok/sec: 246,486 | bf16_mfu: 60.02 | epoch: 1 pq: 13 rg: 29 | total time: 42.10m | eta: 35.8m
step 01198/02205 (54.33%) | loss: 3.030978 | lrm: 0.72 | dt: 2132.94ms | tok/sec: 245,805 | bf16_mfu: 59.85 | epoch: 1 pq: 13 rg: 30 | total time: 42.14m | eta: 35.7m
step 01199/02205 (54.38%) | loss: 3.028251 | lrm: 0.72 | dt: 2129.55ms | tok/sec: 246,196 | bf16_mfu: 59.95 | epoch: 1 pq: 13 rg: 31 | total time: 42.17m | eta: 35.7m
step 01200/02205 (54.42%) | loss: 3.026034 | lrm: 0.72 | dt: 2132.15ms | tok/sec: 245,896 | bf16_mfu: 59.87 | epoch: 1 pq: 13 rg: 32 | total time: 42.21m | eta: 35.6m
step 01201/02205 (54.47%) | loss: 3.033161 | lrm: 0.72 | dt: 2128.11ms | tok/sec: 246,362 | bf16_mfu: 59.99 | epoch: 1 pq: 13 rg: 33 | total time: 42.24m | eta: 35.6m
step 01202/02205 (54.51%) | loss: 3.036055 | lrm: 0.71 | dt: 2134.94ms | tok/sec: 245,574 | bf16_mfu: 59.80 | epoch: 1 pq: 13 rg: 34 | total time: 42.28m | eta: 35.6m
step 01203/02205 (54.56%) | loss: 3.032223 | lrm: 0.71 | dt: 2128.98ms | tok/sec: 246,262 | bf16_mfu: 59.96 | epoch: 1 pq: 13 rg: 35 | total time: 42.32m | eta: 35.5m
step 01204/02205 (54.60%) | loss: 3.031700 | lrm: 0.71 | dt: 2129.29ms | tok/sec: 246,226 | bf16_mfu: 59.95 | epoch: 1 pq: 13 rg: 36 | total time: 42.35m | eta: 35.5m
step 01205/02205 (54.65%) | loss: 3.020578 | lrm: 0.71 | dt: 2132.24ms | tok/sec: 245,885 | bf16_mfu: 59.87 | epoch: 1 pq: 13 rg: 37 | total time: 42.39m | eta: 35.5m
step 01206/02205 (54.69%) | loss: 3.015508 | lrm: 0.71 | dt: 2132.81ms | tok/sec: 245,820 | bf16_mfu: 59.86 | epoch: 1 pq: 13 rg: 37 | total time: 42.42m | eta: 35.4m
step 01207/02205 (54.74%) | loss: 3.015393 | lrm: 0.71 | dt: 2129.37ms | tok/sec: 246,217 | bf16_mfu: 59.95 | epoch: 1 pq: 13 rg: 38 | total time: 42.46m | eta: 35.4m
step 01208/02205 (54.78%) | loss: 3.018304 | lrm: 0.71 | dt: 2132.13ms | tok/sec: 245,898 | bf16_mfu: 59.87 | epoch: 1 pq: 13 rg: 39 | total time: 42.49m | eta: 35.4m
step 01209/02205 (54.83%) | loss: 3.015554 | lrm: 0.71 | dt: 2129.52ms | tok/sec: 246,200 | bf16_mfu: 59.95 | epoch: 1 pq: 13 rg: 40 | total time: 42.53m | eta: 35.3m
step 01210/02205 (54.88%) | loss: 3.018763 | lrm: 0.71 | dt: 2133.00ms | tok/sec: 245,798 | bf16_mfu: 59.85 | epoch: 1 pq: 13 rg: 41 | total time: 42.56m | eta: 35.3m
step 01211/02205 (54.92%) | loss: 3.018246 | lrm: 0.71 | dt: 2128.64ms | tok/sec: 246,302 | bf16_mfu: 59.97 | epoch: 1 pq: 13 rg: 42 | total time: 42.60m | eta: 35.3m
step 01212/02205 (54.97%) | loss: 3.018092 | lrm: 0.71 | dt: 2130.38ms | tok/sec: 246,100 | bf16_mfu: 59.92 | epoch: 1 pq: 13 rg: 43 | total time: 42.63m | eta: 35.2m
step 01213/02205 (55.01%) | loss: 3.008279 | lrm: 0.71 | dt: 2136.50ms | tok/sec: 245,395 | bf16_mfu: 59.75 | epoch: 1 pq: 13 rg: 44 | total time: 42.67m | eta: 35.2m
step 01214/02205 (55.06%) | loss: 3.002940 | lrm: 0.71 | dt: 2130.92ms | tok/sec: 246,038 | bf16_mfu: 59.91 | epoch: 1 pq: 13 rg: 45 | total time: 42.71m | eta: 35.2m
step 01215/02205 (55.10%) | loss: 3.006512 | lrm: 0.71 | dt: 2133.08ms | tok/sec: 245,789 | bf16_mfu: 59.85 | epoch: 1 pq: 13 rg: 46 | total time: 42.74m | eta: 35.1m
step 01216/02205 (55.15%) | loss: 3.008106 | lrm: 0.71 | dt: 2129.40ms | tok/sec: 246,213 | bf16_mfu: 59.95 | epoch: 1 pq: 13 rg: 47 | total time: 42.78m | eta: 35.1m
step 01217/02205 (55.19%) | loss: 3.008141 | lrm: 0.70 | dt: 2128.43ms | tok/sec: 246,326 | bf16_mfu: 59.98 | epoch: 1 pq: 13 rg: 48 | total time: 42.81m | eta: 35.0m
step 01218/02205 (55.24%) | loss: 3.019233 | lrm: 0.70 | dt: 2130.29ms | tok/sec: 246,111 | bf16_mfu: 59.93 | epoch: 1 pq: 13 rg: 49 | total time: 42.85m | eta: 35.0m
step 01219/02205 (55.28%) | loss: 3.021108 | lrm: 0.70 | dt: 2133.22ms | tok/sec: 245,773 | bf16_mfu: 59.84 | epoch: 1 pq: 13 rg: 49 | total time: 42.88m | eta: 35.0m
step 01220/02205 (55.33%) | loss: 3.027403 | lrm: 0.70 | dt: 2129.18ms | tok/sec: 246,238 | bf16_mfu: 59.96 | epoch: 1 pq: 13 rg: 50 | total time: 42.92m | eta: 34.9m
step 01221/02205 (55.37%) | loss: 3.026422 | lrm: 0.70 | dt: 2128.31ms | tok/sec: 246,339 | bf16_mfu: 59.98 | epoch: 1 pq: 13 rg: 51 | total time: 42.95m | eta: 34.9m
step 01222/02205 (55.42%) | loss: 3.030087 | lrm: 0.70 | dt: 2129.01ms | tok/sec: 246,258 | bf16_mfu: 59.96 | epoch: 1 pq: 13 rg: 52 | total time: 42.99m | eta: 34.9m
step 01223/02205 (55.46%) | loss: 3.035607 | lrm: 0.70 | dt: 2130.43ms | tok/sec: 246,094 | bf16_mfu: 59.92 | epoch: 1 pq: 13 rg: 53 | total time: 43.03m | eta: 34.8m
step 01224/02205 (55.51%) | loss: 3.036215 | lrm: 0.70 | dt: 2127.71ms | tok/sec: 246,409 | bf16_mfu: 60.00 | epoch: 1 pq: 13 rg: 54 | total time: 43.06m | eta: 34.8m
step 01225/02205 (55.56%) | loss: 3.030382 | lrm: 0.70 | dt: 2130.74ms | tok/sec: 246,058 | bf16_mfu: 59.91 | epoch: 1 pq: 13 rg: 55 | total time: 43.10m | eta: 34.8m
step 01226/02205 (55.60%) | loss: 3.023133 | lrm: 0.70 | dt: 2132.88ms | tok/sec: 245,812 | bf16_mfu: 59.85 | epoch: 1 pq: 13 rg: 56 | total time: 43.13m | eta: 34.7m
step 01227/02205 (55.65%) | loss: 3.024950 | lrm: 0.70 | dt: 2132.24ms | tok/sec: 245,886 | bf16_mfu: 59.87 | epoch: 1 pq: 13 rg: 57 | total time: 43.17m | eta: 34.7m
step 01228/02205 (55.69%) | loss: 3.024779 | lrm: 0.70 | dt: 2129.39ms | tok/sec: 246,214 | bf16_mfu: 59.95 | epoch: 1 pq: 13 rg: 58 | total time: 43.20m | eta: 34.7m
step 01229/02205 (55.74%) | loss: 3.022207 | lrm: 0.70 | dt: 2131.62ms | tok/sec: 245,957 | bf16_mfu: 59.89 | epoch: 1 pq: 13 rg: 59 | total time: 43.24m | eta: 34.6m
step 01230/02205 (55.78%) | loss: 3.023373 | lrm: 0.70 | dt: 2131.43ms | tok/sec: 245,979 | bf16_mfu: 59.89 | epoch: 1 pq: 13 rg: 60 | total time: 43.27m | eta: 34.6m
step 01231/02205 (55.83%) | loss: 3.021120 | lrm: 0.70 | dt: 2128.44ms | tok/sec: 246,324 | bf16_mfu: 59.98 | epoch: 1 pq: 13 rg: 61 | total time: 43.31m | eta: 34.5m
step 01232/02205 (55.87%) | loss: 3.021366 | lrm: 0.70 | dt: 2132.61ms | tok/sec: 245,843 | bf16_mfu: 59.86 | epoch: 1 pq: 13 rg: 62 | total time: 43.35m | eta: 34.5m
step 01233/02205 (55.92%) | loss: 3.022195 | lrm: 0.69 | dt: 2132.92ms | tok/sec: 245,807 | bf16_mfu: 59.85 | epoch: 1 pq: 13 rg: 62 | total time: 43.38m | eta: 34.5m
step 01234/02205 (55.96%) | loss: 3.028328 | lrm: 0.69 | dt: 2128.45ms | tok/sec: 246,324 | bf16_mfu: 59.98 | epoch: 1 pq: 13 rg: 63 | total time: 43.42m | eta: 34.4m
step 01235/02205 (56.01%) | loss: 3.024145 | lrm: 0.69 | dt: 2128.42ms | tok/sec: 246,327 | bf16_mfu: 59.98 | epoch: 1 pq: 13 rg: 64 | total time: 43.45m | eta: 34.4m
step 01236/02205 (56.05%) | loss: 3.023450 | lrm: 0.69 | dt: 2128.15ms | tok/sec: 246,358 | bf16_mfu: 59.99 | epoch: 1 pq: 13 rg: 65 | total time: 43.49m | eta: 34.4m
step 01237/02205 (56.10%) | loss: 3.016528 | lrm: 0.69 | dt: 2127.67ms | tok/sec: 246,414 | bf16_mfu: 60.00 | epoch: 1 pq: 13 rg: 66 | total time: 43.52m | eta: 34.3m
step 01238/02205 (56.15%) | loss: 3.022208 | lrm: 0.69 | dt: 2129.90ms | tok/sec: 246,156 | bf16_mfu: 59.94 | epoch: 1 pq: 13 rg: 67 | total time: 43.56m | eta: 34.3m
step 01239/02205 (56.19%) | loss: 3.025338 | lrm: 0.69 | dt: 2131.00ms | tok/sec: 246,029 | bf16_mfu: 59.91 | epoch: 1 pq: 13 rg: 68 | total time: 43.59m | eta: 34.3m
step 01240/02205 (56.24%) | loss: 3.021847 | lrm: 0.69 | dt: 2129.42ms | tok/sec: 246,211 | bf16_mfu: 59.95 | epoch: 1 pq: 13 rg: 69 | total time: 43.63m | eta: 34.2m
step 01241/02205 (56.28%) | loss: 3.024301 | lrm: 0.69 | dt: 2130.43ms | tok/sec: 246,095 | bf16_mfu: 59.92 | epoch: 1 pq: 13 rg: 70 | total time: 43.66m | eta: 34.2m
step 01242/02205 (56.33%) | loss: 3.025765 | lrm: 0.69 | dt: 2127.56ms | tok/sec: 246,426 | bf16_mfu: 60.00 | epoch: 1 pq: 13 rg: 71 | total time: 43.70m | eta: 34.2m
step 01243/02205 (56.37%) | loss: 3.026135 | lrm: 0.69 | dt: 2131.33ms | tok/sec: 245,990 | bf16_mfu: 59.90 | epoch: 1 pq: 13 rg: 72 | total time: 43.74m | eta: 34.1m
step 01244/02205 (56.42%) | loss: 3.024350 | lrm: 0.69 | dt: 2126.97ms | tok/sec: 246,494 | bf16_mfu: 60.02 | epoch: 1 pq: 13 rg: 73 | total time: 43.77m | eta: 34.1m
step 01245/02205 (56.46%) | loss: 3.017520 | lrm: 0.69 | dt: 2131.12ms | tok/sec: 246,015 | bf16_mfu: 59.90 | epoch: 1 pq: 13 rg: 74 | total time: 43.81m | eta: 34.1m
step 01246/02205 (56.51%) | loss: 3.021641 | lrm: 0.69 | dt: 2128.69ms | tok/sec: 246,295 | bf16_mfu: 59.97 | epoch: 1 pq: 13 rg: 75 | total time: 43.84m | eta: 34.0m
step 01247/02205 (56.55%) | loss: 3.024615 | lrm: 0.69 | dt: 2133.46ms | tok/sec: 245,745 | bf16_mfu: 59.84 | epoch: 1 pq: 13 rg: 76 | total time: 43.88m | eta: 34.0m
step 01248/02205 (56.60%) | loss: 3.021057 | lrm: 0.68 | dt: 2130.54ms | tok/sec: 246,082 | bf16_mfu: 59.92 | epoch: 1 pq: 13 rg: 76 | total time: 43.91m | eta: 33.9m
step 01249/02205 (56.64%) | loss: 3.024239 | lrm: 0.68 | dt: 2132.98ms | tok/sec: 245,800 | bf16_mfu: 59.85 | epoch: 1 pq: 13 rg: 77 | total time: 43.95m | eta: 33.9m
Step 01250 | Validation bpb: 0.919225
step 01250/02205 (56.69%) | loss: 3.023299 | lrm: 0.68 | dt: 2129.55ms | tok/sec: 246,196 | bf16_mfu: 59.95 | epoch: 1 pq: 13 rg: 78 | total time: 43.98m | eta: 33.9m
step 01251/02205 (56.73%) | loss: 3.020608 | lrm: 0.68 | dt: 2129.72ms | tok/sec: 246,176 | bf16_mfu: 59.94 | epoch: 1 pq: 13 rg: 79 | total time: 44.02m | eta: 33.8m
step 01252/02205 (56.78%) | loss: 3.019906 | lrm: 0.68 | dt: 2126.27ms | tok/sec: 246,576 | bf16_mfu: 60.04 | epoch: 1 pq: 13 rg: 80 | total time: 44.05m | eta: 33.8m
step 01253/02205 (56.83%) | loss: 3.017315 | lrm: 0.68 | dt: 2131.34ms | tok/sec: 245,990 | bf16_mfu: 59.90 | epoch: 1 pq: 13 rg: 81 | total time: 44.09m | eta: 33.8m
step 01254/02205 (56.87%) | loss: 3.014172 | lrm: 0.68 | dt: 2130.93ms | tok/sec: 246,036 | bf16_mfu: 59.91 | epoch: 1 pq: 13 rg: 82 | total time: 44.13m | eta: 33.7m
step 01255/02205 (56.92%) | loss: 3.017629 | lrm: 0.68 | dt: 2129.21ms | tok/sec: 246,236 | bf16_mfu: 59.96 | epoch: 1 pq: 14 rg: 0 | total time: 44.16m | eta: 33.7m
step 01256/02205 (56.96%) | loss: 3.016714 | lrm: 0.68 | dt: 2133.15ms | tok/sec: 245,781 | bf16_mfu: 59.85 | epoch: 1 pq: 14 rg: 1 | total time: 44.20m | eta: 33.7m
step 01257/02205 (57.01%) | loss: 3.011534 | lrm: 0.68 | dt: 2128.81ms | tok/sec: 246,282 | bf16_mfu: 59.97 | epoch: 1 pq: 14 rg: 2 | total time: 44.23m | eta: 33.6m
