Reset report and wrote header to /home/ubuntu/.cache/nanochat/report/header.md

                                                       █████                █████
                                                      ░░███                ░░███
     ████████    ██████   ████████    ██████   ██████  ░███████    ██████  ███████
    ░░███░░███  ░░░░░███ ░░███░░███  ███░░███ ███░░███ ░███░░███  ░░░░░███░░░███░
     ░███ ░███   ███████  ░███ ░███ ░███ ░███░███ ░░░  ░███ ░███   ███████  ░███
     ░███ ░███  ███░░███  ░███ ░███ ░███ ░███░███  ███ ░███ ░███  ███░░███  ░███ ███
     ████ █████░░████████ ████ █████░░██████ ░░██████  ████ █████░░███████  ░░█████
    ░░░░ ░░░░░  ░░░░░░░░ ░░░░ ░░░░░  ░░░░░░   ░░░░░░  ░░░░ ░░░░░  ░░░░░░░░   ░░░░░
    
Autodetected device type: cuda
GPU: NVIDIA A100-SXM4-80GB | Peak FLOPS (BF16): 3.12e+14
COMPUTE_DTYPE: torch.bfloat16 (auto-detected: CUDA SM 80 (bf16 supported))
✓ Using Flash Attention 3, efficient, new and awesome.
Vocab size: 32,768
Model config:
{
  "sequence_len": 2048,
  "vocab_size": 32768,
  "n_layer": 12,
  "n_head": 6,
  "n_kv_head": 6,
  "n_embd": 768,
  "window_pattern": "SSSL"
}
Parameter counts:
wte                     : 25,165,824
value_embeds            : 150,994,944
lm_head                 : 25,165,824
transformer_matrices    : 84,935,088
scalars                 : 50
total                   : 286,261,730
Estimated FLOPs per token: 7.596959e+08
Auto-computed optimal batch size: 524,288 tokens
Scaling the LR for the AdamW parameters ∝1/√(768/768) = 1.000000
Calculated number of iterations from target data:param ratio: 1,680
Total number of training tokens: 880,803,840
Tokens : Scaling params ratio: 8.00
Total training FLOPs estimate: 6.691431e+17
Tokens / micro-batch / rank: 64 x 2048 = 131,072
Tokens / micro-batch: 131,072
Total batch size 524,288 => gradient accumulation steps: 4
Step 00000 | Validation bpb: 3.176160
step 00000/01680 (0.00%) | loss: 10.397434 | lrm: 0.03 | dt: 20672.00ms | tok/sec: 25,362 | bf16_mfu: 6.18 | epoch: 1 pq: 0 rg: 1 | total time: 0.00m
step 00001/01680 (0.06%) | loss: 10.384665 | lrm: 0.05 | dt: 2107.98ms | tok/sec: 248,715 | bf16_mfu: 60.56 | epoch: 1 pq: 0 rg: 2 | total time: 0.00m
step 00002/01680 (0.12%) | loss: 10.362583 | lrm: 0.07 | dt: 2108.31ms | tok/sec: 248,676 | bf16_mfu: 60.55 | epoch: 1 pq: 0 rg: 2 | total time: 0.00m
step 00003/01680 (0.18%) | loss: 10.329332 | lrm: 0.10 | dt: 2105.65ms | tok/sec: 248,991 | bf16_mfu: 60.63 | epoch: 1 pq: 0 rg: 3 | total time: 0.00m
step 00004/01680 (0.24%) | loss: 10.280200 | lrm: 0.12 | dt: 2112.95ms | tok/sec: 248,131 | bf16_mfu: 60.42 | epoch: 1 pq: 0 rg: 4 | total time: 0.00m
step 00005/01680 (0.30%) | loss: 10.209696 | lrm: 0.15 | dt: 2108.70ms | tok/sec: 248,630 | bf16_mfu: 60.54 | epoch: 1 pq: 0 rg: 5 | total time: 0.00m
step 00006/01680 (0.36%) | loss: 10.104397 | lrm: 0.17 | dt: 2109.46ms | tok/sec: 248,541 | bf16_mfu: 60.52 | epoch: 1 pq: 0 rg: 6 | total time: 0.00m
step 00007/01680 (0.42%) | loss: 9.948565 | lrm: 0.20 | dt: 2107.37ms | tok/sec: 248,787 | bf16_mfu: 60.58 | epoch: 1 pq: 0 rg: 7 | total time: 0.00m
step 00008/01680 (0.48%) | loss: 9.712181 | lrm: 0.23 | dt: 2105.58ms | tok/sec: 248,999 | bf16_mfu: 60.63 | epoch: 1 pq: 0 rg: 8 | total time: 0.00m
step 00009/01680 (0.54%) | loss: 9.423348 | lrm: 0.25 | dt: 2102.60ms | tok/sec: 249,352 | bf16_mfu: 60.72 | epoch: 1 pq: 0 rg: 9 | total time: 0.00m
step 00010/01680 (0.60%) | loss: 9.112557 | lrm: 0.28 | dt: 2105.28ms | tok/sec: 249,034 | bf16_mfu: 60.64 | epoch: 1 pq: 0 rg: 10 | total time: 0.00m
step 00011/01680 (0.65%) | loss: 8.826340 | lrm: 0.30 | dt: 2097.68ms | tok/sec: 249,937 | bf16_mfu: 60.86 | epoch: 1 pq: 0 rg: 11 | total time: 0.03m | eta: 58.4m
step 00012/01680 (0.71%) | loss: 8.562192 | lrm: 0.33 | dt: 2100.53ms | tok/sec: 249,598 | bf16_mfu: 60.78 | epoch: 1 pq: 0 rg: 12 | total time: 0.07m | eta: 58.4m
step 00013/01680 (0.77%) | loss: 8.330155 | lrm: 0.35 | dt: 2108.76ms | tok/sec: 248,623 | bf16_mfu: 60.54 | epoch: 1 pq: 0 rg: 13 | total time: 0.11m | eta: 58.4m
step 00014/01680 (0.83%) | loss: 8.122798 | lrm: 0.38 | dt: 2108.67ms | tok/sec: 248,633 | bf16_mfu: 60.54 | epoch: 1 pq: 0 rg: 14 | total time: 0.14m | eta: 58.4m
step 00015/01680 (0.89%) | loss: 7.923605 | lrm: 0.40 | dt: 2110.28ms | tok/sec: 248,445 | bf16_mfu: 60.49 | epoch: 1 pq: 0 rg: 15 | total time: 0.18m | eta: 58.4m
step 00016/01680 (0.95%) | loss: 7.753175 | lrm: 0.42 | dt: 2106.34ms | tok/sec: 248,908 | bf16_mfu: 60.61 | epoch: 1 pq: 0 rg: 15 | total time: 0.21m | eta: 58.4m
step 00017/01680 (1.01%) | loss: 7.591165 | lrm: 0.45 | dt: 2106.82ms | tok/sec: 248,853 | bf16_mfu: 60.59 | epoch: 1 pq: 0 rg: 16 | total time: 0.25m | eta: 58.4m
step 00018/01680 (1.07%) | loss: 7.440367 | lrm: 0.47 | dt: 2107.65ms | tok/sec: 248,754 | bf16_mfu: 60.57 | epoch: 1 pq: 0 rg: 17 | total time: 0.28m | eta: 58.3m
step 00019/01680 (1.13%) | loss: 7.302712 | lrm: 0.50 | dt: 2106.02ms | tok/sec: 248,947 | bf16_mfu: 60.62 | epoch: 1 pq: 0 rg: 18 | total time: 0.32m | eta: 58.3m
step 00020/01680 (1.19%) | loss: 7.175715 | lrm: 0.53 | dt: 2108.70ms | tok/sec: 248,630 | bf16_mfu: 60.54 | epoch: 1 pq: 0 rg: 19 | total time: 0.35m | eta: 58.3m
step 00021/01680 (1.25%) | loss: 7.057187 | lrm: 0.55 | dt: 2104.00ms | tok/sec: 249,186 | bf16_mfu: 60.67 | epoch: 1 pq: 0 rg: 20 | total time: 0.39m | eta: 58.2m
step 00022/01680 (1.31%) | loss: 6.948817 | lrm: 0.57 | dt: 2111.02ms | tok/sec: 248,358 | bf16_mfu: 60.47 | epoch: 1 pq: 0 rg: 21 | total time: 0.42m | eta: 58.2m
step 00023/01680 (1.37%) | loss: 6.852149 | lrm: 0.60 | dt: 2104.95ms | tok/sec: 249,073 | bf16_mfu: 60.65 | epoch: 1 pq: 0 rg: 22 | total time: 0.46m | eta: 58.2m
step 00024/01680 (1.43%) | loss: 6.755489 | lrm: 0.62 | dt: 2105.96ms | tok/sec: 248,954 | bf16_mfu: 60.62 | epoch: 1 pq: 0 rg: 23 | total time: 0.49m | eta: 58.1m
step 00025/01680 (1.49%) | loss: 6.665809 | lrm: 0.65 | dt: 2107.52ms | tok/sec: 248,770 | bf16_mfu: 60.57 | epoch: 1 pq: 0 rg: 24 | total time: 0.53m | eta: 58.1m
step 00026/01680 (1.55%) | loss: 6.585345 | lrm: 0.68 | dt: 2107.48ms | tok/sec: 248,774 | bf16_mfu: 60.57 | epoch: 1 pq: 0 rg: 25 | total time: 0.56m | eta: 58.1m
step 00027/01680 (1.61%) | loss: 6.522042 | lrm: 0.70 | dt: 2107.00ms | tok/sec: 248,831 | bf16_mfu: 60.59 | epoch: 1 pq: 0 rg: 26 | total time: 0.60m | eta: 58.0m
step 00028/01680 (1.67%) | loss: 6.458478 | lrm: 0.72 | dt: 2106.44ms | tok/sec: 248,897 | bf16_mfu: 60.60 | epoch: 1 pq: 0 rg: 27 | total time: 0.63m | eta: 58.0m
step 00029/01680 (1.73%) | loss: 6.402136 | lrm: 0.75 | dt: 2109.88ms | tok/sec: 248,492 | bf16_mfu: 60.51 | epoch: 1 pq: 0 rg: 27 | total time: 0.67m | eta: 58.0m
step 00030/01680 (1.79%) | loss: 6.347637 | lrm: 0.78 | dt: 2109.10ms | tok/sec: 248,583 | bf16_mfu: 60.53 | epoch: 1 pq: 0 rg: 28 | total time: 0.70m | eta: 57.9m
step 00031/01680 (1.85%) | loss: 6.290113 | lrm: 0.80 | dt: 2108.51ms | tok/sec: 248,653 | bf16_mfu: 60.55 | epoch: 1 pq: 0 rg: 29 | total time: 0.74m | eta: 57.9m
step 00032/01680 (1.90%) | loss: 6.241154 | lrm: 0.82 | dt: 2109.87ms | tok/sec: 248,493 | bf16_mfu: 60.51 | epoch: 1 pq: 0 rg: 30 | total time: 0.77m | eta: 57.9m
step 00033/01680 (1.96%) | loss: 6.192066 | lrm: 0.85 | dt: 2106.12ms | tok/sec: 248,935 | bf16_mfu: 60.61 | epoch: 1 pq: 0 rg: 31 | total time: 0.81m | eta: 57.8m
step 00034/01680 (2.02%) | loss: 6.155478 | lrm: 0.88 | dt: 2106.66ms | tok/sec: 248,871 | bf16_mfu: 60.60 | epoch: 1 pq: 0 rg: 32 | total time: 0.84m | eta: 57.8m
step 00035/01680 (2.08%) | loss: 6.111156 | lrm: 0.90 | dt: 2107.38ms | tok/sec: 248,786 | bf16_mfu: 60.58 | epoch: 1 pq: 0 rg: 33 | total time: 0.88m | eta: 57.8m
step 00036/01680 (2.14%) | loss: 6.070661 | lrm: 0.93 | dt: 2107.57ms | tok/sec: 248,763 | bf16_mfu: 60.57 | epoch: 1 pq: 0 rg: 34 | total time: 0.91m | eta: 57.7m
step 00037/01680 (2.20%) | loss: 6.034107 | lrm: 0.95 | dt: 2109.77ms | tok/sec: 248,504 | bf16_mfu: 60.51 | epoch: 1 pq: 0 rg: 35 | total time: 0.95m | eta: 57.7m
step 00038/01680 (2.26%) | loss: 5.997501 | lrm: 0.97 | dt: 2106.16ms | tok/sec: 248,930 | bf16_mfu: 60.61 | epoch: 1 pq: 0 rg: 36 | total time: 0.98m | eta: 57.7m
step 00039/01680 (2.32%) | loss: 5.963269 | lrm: 1.00 | dt: 2111.08ms | tok/sec: 248,350 | bf16_mfu: 60.47 | epoch: 1 pq: 0 rg: 37 | total time: 1.02m | eta: 57.6m
step 00040/01680 (2.38%) | loss: 5.930922 | lrm: 1.00 | dt: 2109.38ms | tok/sec: 248,551 | bf16_mfu: 60.52 | epoch: 1 pq: 0 rg: 38 | total time: 1.05m | eta: 57.6m
step 00041/01680 (2.44%) | loss: 5.901347 | lrm: 1.00 | dt: 2104.96ms | tok/sec: 249,072 | bf16_mfu: 60.65 | epoch: 1 pq: 0 rg: 39 | total time: 1.09m | eta: 57.6m
step 00042/01680 (2.50%) | loss: 5.875688 | lrm: 1.00 | dt: 2107.30ms | tok/sec: 248,796 | bf16_mfu: 60.58 | epoch: 1 pq: 0 rg: 39 | total time: 1.12m | eta: 57.5m
step 00043/01680 (2.56%) | loss: 5.840347 | lrm: 1.00 | dt: 2109.89ms | tok/sec: 248,490 | bf16_mfu: 60.51 | epoch: 1 pq: 0 rg: 40 | total time: 1.16m | eta: 57.5m
step 00044/01680 (2.62%) | loss: 5.805317 | lrm: 1.00 | dt: 2109.22ms | tok/sec: 248,569 | bf16_mfu: 60.52 | epoch: 1 pq: 0 rg: 41 | total time: 1.19m | eta: 57.5m
step 00045/01680 (2.68%) | loss: 5.772161 | lrm: 1.00 | dt: 2108.27ms | tok/sec: 248,681 | bf16_mfu: 60.55 | epoch: 1 pq: 0 rg: 42 | total time: 1.23m | eta: 57.4m
step 00046/01680 (2.74%) | loss: 5.739339 | lrm: 1.00 | dt: 2107.57ms | tok/sec: 248,764 | bf16_mfu: 60.57 | epoch: 1 pq: 0 rg: 43 | total time: 1.26m | eta: 57.4m
step 00047/01680 (2.80%) | loss: 5.710263 | lrm: 1.00 | dt: 2111.57ms | tok/sec: 248,293 | bf16_mfu: 60.46 | epoch: 1 pq: 0 rg: 44 | total time: 1.30m | eta: 57.4m
step 00048/01680 (2.86%) | loss: 5.685339 | lrm: 1.00 | dt: 2107.57ms | tok/sec: 248,764 | bf16_mfu: 60.57 | epoch: 1 pq: 0 rg: 45 | total time: 1.33m | eta: 57.3m
step 00049/01680 (2.92%) | loss: 5.654626 | lrm: 1.00 | dt: 2114.52ms | tok/sec: 247,946 | bf16_mfu: 60.37 | epoch: 1 pq: 0 rg: 46 | total time: 1.37m | eta: 57.3m
step 00050/01680 (2.98%) | loss: 5.623155 | lrm: 1.00 | dt: 2111.44ms | tok/sec: 248,307 | bf16_mfu: 60.46 | epoch: 1 pq: 0 rg: 47 | total time: 1.41m | eta: 57.3m
step 00051/01680 (3.04%) | loss: 5.599419 | lrm: 1.00 | dt: 2109.63ms | tok/sec: 248,521 | bf16_mfu: 60.51 | epoch: 1 pq: 0 rg: 48 | total time: 1.44m | eta: 57.2m
step 00052/01680 (3.10%) | loss: 5.571169 | lrm: 1.00 | dt: 2109.93ms | tok/sec: 248,485 | bf16_mfu: 60.50 | epoch: 1 pq: 0 rg: 49 | total time: 1.48m | eta: 57.2m
step 00053/01680 (3.15%) | loss: 5.543757 | lrm: 1.00 | dt: 2107.27ms | tok/sec: 248,799 | bf16_mfu: 60.58 | epoch: 1 pq: 0 rg: 50 | total time: 1.51m | eta: 57.2m
step 00054/01680 (3.21%) | loss: 5.519739 | lrm: 1.00 | dt: 2108.45ms | tok/sec: 248,660 | bf16_mfu: 60.55 | epoch: 1 pq: 0 rg: 50 | total time: 1.55m | eta: 57.1m
step 00055/01680 (3.27%) | loss: 5.498829 | lrm: 1.00 | dt: 2108.03ms | tok/sec: 248,709 | bf16_mfu: 60.56 | epoch: 1 pq: 0 rg: 51 | total time: 1.58m | eta: 57.1m
step 00056/01680 (3.33%) | loss: 5.479446 | lrm: 1.00 | dt: 2110.33ms | tok/sec: 248,438 | bf16_mfu: 60.49 | epoch: 1 pq: 0 rg: 52 | total time: 1.62m | eta: 57.1m
step 00057/01680 (3.39%) | loss: 5.454323 | lrm: 1.00 | dt: 2104.47ms | tok/sec: 249,130 | bf16_mfu: 60.66 | epoch: 1 pq: 0 rg: 53 | total time: 1.65m | eta: 57.0m
step 00058/01680 (3.45%) | loss: 5.421565 | lrm: 1.00 | dt: 2107.07ms | tok/sec: 248,823 | bf16_mfu: 60.59 | epoch: 1 pq: 0 rg: 54 | total time: 1.69m | eta: 57.0m
step 00059/01680 (3.51%) | loss: 5.398403 | lrm: 1.00 | dt: 2109.40ms | tok/sec: 248,548 | bf16_mfu: 60.52 | epoch: 1 pq: 0 rg: 55 | total time: 1.72m | eta: 56.9m
step 00060/01680 (3.57%) | loss: 5.375829 | lrm: 1.00 | dt: 2107.21ms | tok/sec: 248,806 | bf16_mfu: 60.58 | epoch: 1 pq: 0 rg: 56 | total time: 1.76m | eta: 56.9m
step 00061/01680 (3.63%) | loss: 5.350736 | lrm: 1.00 | dt: 2103.57ms | tok/sec: 249,237 | bf16_mfu: 60.69 | epoch: 1 pq: 0 rg: 57 | total time: 1.79m | eta: 56.9m
step 00062/01680 (3.69%) | loss: 5.324929 | lrm: 1.00 | dt: 2110.70ms | tok/sec: 248,395 | bf16_mfu: 60.48 | epoch: 1 pq: 0 rg: 58 | total time: 1.83m | eta: 56.8m
step 00063/01680 (3.75%) | loss: 5.303436 | lrm: 1.00 | dt: 2111.90ms | tok/sec: 248,253 | bf16_mfu: 60.45 | epoch: 1 pq: 0 rg: 59 | total time: 1.86m | eta: 56.8m
step 00064/01680 (3.81%) | loss: 5.266826 | lrm: 1.00 | dt: 2110.89ms | tok/sec: 248,373 | bf16_mfu: 60.48 | epoch: 1 pq: 0 rg: 60 | total time: 1.90m | eta: 56.8m
step 00065/01680 (3.87%) | loss: 5.250182 | lrm: 1.00 | dt: 2111.65ms | tok/sec: 248,283 | bf16_mfu: 60.46 | epoch: 1 pq: 0 rg: 61 | total time: 1.93m | eta: 56.7m
step 00066/01680 (3.93%) | loss: 5.230240 | lrm: 1.00 | dt: 2108.64ms | tok/sec: 248,638 | bf16_mfu: 60.54 | epoch: 1 pq: 0 rg: 62 | total time: 1.97m | eta: 56.7m
step 00067/01680 (3.99%) | loss: 5.202680 | lrm: 1.00 | dt: 2115.96ms | tok/sec: 247,778 | bf16_mfu: 60.33 | epoch: 1 pq: 0 rg: 62 | total time: 2.00m | eta: 56.7m
step 00068/01680 (4.05%) | loss: 5.182360 | lrm: 1.00 | dt: 2110.85ms | tok/sec: 248,378 | bf16_mfu: 60.48 | epoch: 1 pq: 0 rg: 63 | total time: 2.04m | eta: 56.6m
step 00069/01680 (4.11%) | loss: 5.153818 | lrm: 1.00 | dt: 2111.68ms | tok/sec: 248,279 | bf16_mfu: 60.45 | epoch: 1 pq: 0 rg: 64 | total time: 2.07m | eta: 56.6m
step 00070/01680 (4.17%) | loss: 5.139578 | lrm: 1.00 | dt: 2111.96ms | tok/sec: 248,247 | bf16_mfu: 60.45 | epoch: 1 pq: 0 rg: 65 | total time: 2.11m | eta: 56.6m
step 00071/01680 (4.23%) | loss: 5.116766 | lrm: 1.00 | dt: 2111.48ms | tok/sec: 248,303 | bf16_mfu: 60.46 | epoch: 1 pq: 0 rg: 66 | total time: 2.14m | eta: 56.5m
step 00072/01680 (4.29%) | loss: 5.093614 | lrm: 1.00 | dt: 2110.83ms | tok/sec: 248,380 | bf16_mfu: 60.48 | epoch: 1 pq: 0 rg: 67 | total time: 2.18m | eta: 56.5m
step 00073/01680 (4.35%) | loss: 5.073359 | lrm: 1.00 | dt: 2108.81ms | tok/sec: 248,617 | bf16_mfu: 60.54 | epoch: 1 pq: 0 rg: 68 | total time: 2.21m | eta: 56.5m
step 00074/01680 (4.40%) | loss: 5.062103 | lrm: 1.00 | dt: 2108.91ms | tok/sec: 248,605 | bf16_mfu: 60.53 | epoch: 1 pq: 0 rg: 69 | total time: 2.25m | eta: 56.4m
step 00075/01680 (4.46%) | loss: 5.038401 | lrm: 1.00 | dt: 2112.87ms | tok/sec: 248,140 | bf16_mfu: 60.42 | epoch: 1 pq: 0 rg: 70 | total time: 2.28m | eta: 56.4m
step 00076/01680 (4.52%) | loss: 5.016446 | lrm: 1.00 | dt: 2113.14ms | tok/sec: 248,108 | bf16_mfu: 60.41 | epoch: 1 pq: 0 rg: 71 | total time: 2.32m | eta: 56.4m
step 00077/01680 (4.58%) | loss: 4.995105 | lrm: 1.00 | dt: 2111.43ms | tok/sec: 248,309 | bf16_mfu: 60.46 | epoch: 1 pq: 0 rg: 72 | total time: 2.35m | eta: 56.3m
step 00078/01680 (4.64%) | loss: 4.966437 | lrm: 1.00 | dt: 2117.68ms | tok/sec: 247,576 | bf16_mfu: 60.28 | epoch: 1 pq: 0 rg: 73 | total time: 2.39m | eta: 56.3m
step 00079/01680 (4.70%) | loss: 4.946840 | lrm: 1.00 | dt: 2113.14ms | tok/sec: 248,108 | bf16_mfu: 60.41 | epoch: 1 pq: 0 rg: 73 | total time: 2.43m | eta: 56.3m
step 00080/01680 (4.76%) | loss: 4.930547 | lrm: 1.00 | dt: 2114.22ms | tok/sec: 247,982 | bf16_mfu: 60.38 | epoch: 1 pq: 0 rg: 74 | total time: 2.46m | eta: 56.2m
step 00081/01680 (4.82%) | loss: 4.909697 | lrm: 1.00 | dt: 2109.88ms | tok/sec: 248,492 | bf16_mfu: 60.51 | epoch: 1 pq: 0 rg: 75 | total time: 2.50m | eta: 56.2m
step 00082/01680 (4.88%) | loss: 4.901642 | lrm: 1.00 | dt: 2107.45ms | tok/sec: 248,777 | bf16_mfu: 60.58 | epoch: 1 pq: 0 rg: 76 | total time: 2.53m | eta: 56.2m
step 00083/01680 (4.94%) | loss: 4.883886 | lrm: 1.00 | dt: 2111.91ms | tok/sec: 248,253 | bf16_mfu: 60.45 | epoch: 1 pq: 0 rg: 77 | total time: 2.57m | eta: 56.1m
step 00084/01680 (5.00%) | loss: 4.864411 | lrm: 1.00 | dt: 2118.60ms | tok/sec: 247,469 | bf16_mfu: 60.26 | epoch: 1 pq: 0 rg: 78 | total time: 2.60m | eta: 56.1m
step 00085/01680 (5.06%) | loss: 4.852186 | lrm: 1.00 | dt: 2111.72ms | tok/sec: 248,274 | bf16_mfu: 60.45 | epoch: 1 pq: 0 rg: 79 | total time: 2.64m | eta: 56.1m
step 00086/01680 (5.12%) | loss: 4.832803 | lrm: 1.00 | dt: 2109.64ms | tok/sec: 248,519 | bf16_mfu: 60.51 | epoch: 1 pq: 0 rg: 80 | total time: 2.67m | eta: 56.0m
step 00087/01680 (5.18%) | loss: 4.816085 | lrm: 1.00 | dt: 2110.08ms | tok/sec: 248,468 | bf16_mfu: 60.50 | epoch: 1 pq: 0 rg: 81 | total time: 2.71m | eta: 56.0m
step 00088/01680 (5.24%) | loss: 4.791890 | lrm: 1.00 | dt: 2111.63ms | tok/sec: 248,285 | bf16_mfu: 60.46 | epoch: 1 pq: 0 rg: 82 | total time: 2.74m | eta: 56.0m
step 00089/01680 (5.30%) | loss: 4.775572 | lrm: 1.00 | dt: 2112.18ms | tok/sec: 248,221 | bf16_mfu: 60.44 | epoch: 1 pq: 0 rg: 83 | total time: 2.78m | eta: 55.9m
step 00090/01680 (5.36%) | loss: 4.757329 | lrm: 1.00 | dt: 2113.28ms | tok/sec: 248,092 | bf16_mfu: 60.41 | epoch: 1 pq: 1 rg: 0 | total time: 2.81m | eta: 55.9m
step 00091/01680 (5.42%) | loss: 4.743475 | lrm: 1.00 | dt: 2111.56ms | tok/sec: 248,294 | bf16_mfu: 60.46 | epoch: 1 pq: 1 rg: 1 | total time: 2.85m | eta: 55.9m
step 00092/01680 (5.48%) | loss: 4.729518 | lrm: 1.00 | dt: 2114.22ms | tok/sec: 247,981 | bf16_mfu: 60.38 | epoch: 1 pq: 1 rg: 2 | total time: 2.88m | eta: 55.8m
step 00093/01680 (5.54%) | loss: 4.717657 | lrm: 1.00 | dt: 2108.32ms | tok/sec: 248,675 | bf16_mfu: 60.55 | epoch: 1 pq: 1 rg: 2 | total time: 2.92m | eta: 55.8m
step 00094/01680 (5.60%) | loss: 4.702252 | lrm: 1.00 | dt: 2109.93ms | tok/sec: 248,486 | bf16_mfu: 60.50 | epoch: 1 pq: 1 rg: 3 | total time: 2.95m | eta: 55.8m
step 00095/01680 (5.65%) | loss: 4.681501 | lrm: 1.00 | dt: 2113.36ms | tok/sec: 248,082 | bf16_mfu: 60.41 | epoch: 1 pq: 1 rg: 4 | total time: 2.99m | eta: 55.7m
step 00096/01680 (5.71%) | loss: 4.671218 | lrm: 1.00 | dt: 2115.02ms | tok/sec: 247,888 | bf16_mfu: 60.36 | epoch: 1 pq: 1 rg: 5 | total time: 3.02m | eta: 55.7m
step 00097/01680 (5.77%) | loss: 4.655490 | lrm: 1.00 | dt: 2109.32ms | tok/sec: 248,557 | bf16_mfu: 60.52 | epoch: 1 pq: 1 rg: 6 | total time: 3.06m | eta: 55.7m
step 00098/01680 (5.83%) | loss: 4.639694 | lrm: 1.00 | dt: 2107.95ms | tok/sec: 248,719 | bf16_mfu: 60.56 | epoch: 1 pq: 1 rg: 7 | total time: 3.09m | eta: 55.6m
step 00099/01680 (5.89%) | loss: 4.620995 | lrm: 1.00 | dt: 2111.55ms | tok/sec: 248,295 | bf16_mfu: 60.46 | epoch: 1 pq: 1 rg: 8 | total time: 3.13m | eta: 55.6m
step 00100/01680 (5.95%) | loss: 4.606414 | lrm: 1.00 | dt: 2110.84ms | tok/sec: 248,378 | bf16_mfu: 60.48 | epoch: 1 pq: 1 rg: 9 | total time: 3.16m | eta: 55.5m
step 00101/01680 (6.01%) | loss: 4.593408 | lrm: 1.00 | dt: 2111.61ms | tok/sec: 248,288 | bf16_mfu: 60.46 | epoch: 1 pq: 1 rg: 10 | total time: 3.20m | eta: 55.5m
step 00102/01680 (6.07%) | loss: 4.579538 | lrm: 1.00 | dt: 2111.02ms | tok/sec: 248,357 | bf16_mfu: 60.47 | epoch: 1 pq: 1 rg: 11 | total time: 3.23m | eta: 55.5m
step 00103/01680 (6.13%) | loss: 4.563001 | lrm: 1.00 | dt: 2113.69ms | tok/sec: 248,043 | bf16_mfu: 60.40 | epoch: 1 pq: 1 rg: 12 | total time: 3.27m | eta: 55.4m
step 00104/01680 (6.19%) | loss: 4.545933 | lrm: 1.00 | dt: 2109.31ms | tok/sec: 248,559 | bf16_mfu: 60.52 | epoch: 1 pq: 1 rg: 13 | total time: 3.30m | eta: 55.4m
step 00105/01680 (6.25%) | loss: 4.533357 | lrm: 1.00 | dt: 2116.15ms | tok/sec: 247,755 | bf16_mfu: 60.33 | epoch: 1 pq: 1 rg: 14 | total time: 3.34m | eta: 55.4m
step 00106/01680 (6.31%) | loss: 4.522909 | lrm: 1.00 | dt: 2109.12ms | tok/sec: 248,581 | bf16_mfu: 60.53 | epoch: 1 pq: 1 rg: 14 | total time: 3.38m | eta: 55.3m
step 00107/01680 (6.37%) | loss: 4.505759 | lrm: 1.00 | dt: 2114.33ms | tok/sec: 247,969 | bf16_mfu: 60.38 | epoch: 1 pq: 1 rg: 15 | total time: 3.41m | eta: 55.3m
step 00108/01680 (6.43%) | loss: 4.493554 | lrm: 1.00 | dt: 2109.13ms | tok/sec: 248,579 | bf16_mfu: 60.53 | epoch: 1 pq: 1 rg: 16 | total time: 3.45m | eta: 55.3m
step 00109/01680 (6.49%) | loss: 4.487222 | lrm: 1.00 | dt: 2114.15ms | tok/sec: 247,989 | bf16_mfu: 60.38 | epoch: 1 pq: 1 rg: 17 | total time: 3.48m | eta: 55.2m
step 00110/01680 (6.55%) | loss: 4.475993 | lrm: 1.00 | dt: 2110.10ms | tok/sec: 248,465 | bf16_mfu: 60.50 | epoch: 1 pq: 1 rg: 18 | total time: 3.52m | eta: 55.2m
step 00111/01680 (6.61%) | loss: 4.461801 | lrm: 1.00 | dt: 2110.70ms | tok/sec: 248,395 | bf16_mfu: 60.48 | epoch: 1 pq: 1 rg: 19 | total time: 3.55m | eta: 55.2m
step 00112/01680 (6.67%) | loss: 4.450166 | lrm: 1.00 | dt: 2110.91ms | tok/sec: 248,371 | bf16_mfu: 60.48 | epoch: 1 pq: 1 rg: 20 | total time: 3.59m | eta: 55.1m
step 00113/01680 (6.73%) | loss: 4.432217 | lrm: 1.00 | dt: 2109.67ms | tok/sec: 248,516 | bf16_mfu: 60.51 | epoch: 1 pq: 1 rg: 21 | total time: 3.62m | eta: 55.1m
step 00114/01680 (6.79%) | loss: 4.417028 | lrm: 1.00 | dt: 2114.20ms | tok/sec: 247,983 | bf16_mfu: 60.38 | epoch: 1 pq: 1 rg: 22 | total time: 3.66m | eta: 55.1m
step 00115/01680 (6.85%) | loss: 4.395491 | lrm: 1.00 | dt: 2112.96ms | tok/sec: 248,130 | bf16_mfu: 60.42 | epoch: 1 pq: 1 rg: 23 | total time: 3.69m | eta: 55.0m
step 00116/01680 (6.90%) | loss: 4.374605 | lrm: 1.00 | dt: 2113.89ms | tok/sec: 248,020 | bf16_mfu: 60.39 | epoch: 1 pq: 1 rg: 24 | total time: 3.73m | eta: 55.0m
step 00117/01680 (6.96%) | loss: 4.360908 | lrm: 1.00 | dt: 2111.19ms | tok/sec: 248,338 | bf16_mfu: 60.47 | epoch: 1 pq: 1 rg: 25 | total time: 3.76m | eta: 55.0m
step 00118/01680 (7.02%) | loss: 4.346626 | lrm: 1.00 | dt: 2114.63ms | tok/sec: 247,934 | bf16_mfu: 60.37 | epoch: 1 pq: 1 rg: 26 | total time: 3.80m | eta: 54.9m
step 00119/01680 (7.08%) | loss: 4.334577 | lrm: 1.00 | dt: 2111.01ms | tok/sec: 248,358 | bf16_mfu: 60.47 | epoch: 1 pq: 1 rg: 26 | total time: 3.83m | eta: 54.9m
step 00120/01680 (7.14%) | loss: 4.321301 | lrm: 1.00 | dt: 2112.69ms | tok/sec: 248,160 | bf16_mfu: 60.43 | epoch: 1 pq: 1 rg: 27 | total time: 3.87m | eta: 54.9m
step 00121/01680 (7.20%) | loss: 4.302506 | lrm: 1.00 | dt: 2112.56ms | tok/sec: 248,176 | bf16_mfu: 60.43 | epoch: 1 pq: 1 rg: 28 | total time: 3.90m | eta: 54.8m
step 00122/01680 (7.26%) | loss: 4.288133 | lrm: 1.00 | dt: 2114.05ms | tok/sec: 248,001 | bf16_mfu: 60.39 | epoch: 1 pq: 1 rg: 29 | total time: 3.94m | eta: 54.8m
step 00123/01680 (7.32%) | loss: 4.274451 | lrm: 1.00 | dt: 2114.76ms | tok/sec: 247,918 | bf16_mfu: 60.37 | epoch: 1 pq: 1 rg: 30 | total time: 3.97m | eta: 54.8m
step 00124/01680 (7.38%) | loss: 4.258604 | lrm: 1.00 | dt: 2115.22ms | tok/sec: 247,865 | bf16_mfu: 60.35 | epoch: 1 pq: 1 rg: 31 | total time: 4.01m | eta: 54.7m
step 00125/01680 (7.44%) | loss: 4.251095 | lrm: 1.00 | dt: 2113.12ms | tok/sec: 248,110 | bf16_mfu: 60.41 | epoch: 1 pq: 1 rg: 32 | total time: 4.04m | eta: 54.7m
step 00126/01680 (7.50%) | loss: 4.234216 | lrm: 1.00 | dt: 2116.24ms | tok/sec: 247,745 | bf16_mfu: 60.32 | epoch: 1 pq: 1 rg: 33 | total time: 4.08m | eta: 54.7m
step 00127/01680 (7.56%) | loss: 4.220457 | lrm: 1.00 | dt: 2110.88ms | tok/sec: 248,373 | bf16_mfu: 60.48 | epoch: 1 pq: 1 rg: 34 | total time: 4.11m | eta: 54.6m
step 00128/01680 (7.62%) | loss: 4.211590 | lrm: 1.00 | dt: 2119.49ms | tok/sec: 247,364 | bf16_mfu: 60.23 | epoch: 1 pq: 1 rg: 35 | total time: 4.15m | eta: 54.6m
step 00129/01680 (7.68%) | loss: 4.201161 | lrm: 1.00 | dt: 2107.21ms | tok/sec: 248,807 | bf16_mfu: 60.58 | epoch: 1 pq: 1 rg: 36 | total time: 4.19m | eta: 54.5m
step 00130/01680 (7.74%) | loss: 4.186610 | lrm: 1.00 | dt: 2119.47ms | tok/sec: 247,367 | bf16_mfu: 60.23 | epoch: 1 pq: 1 rg: 37 | total time: 4.22m | eta: 54.5m
step 00131/01680 (7.80%) | loss: 4.180006 | lrm: 1.00 | dt: 2109.06ms | tok/sec: 248,589 | bf16_mfu: 60.53 | epoch: 1 pq: 1 rg: 38 | total time: 4.26m | eta: 54.5m
step 00132/01680 (7.86%) | loss: 4.155735 | lrm: 1.00 | dt: 2115.34ms | tok/sec: 247,850 | bf16_mfu: 60.35 | epoch: 1 pq: 1 rg: 38 | total time: 4.29m | eta: 54.4m
step 00133/01680 (7.92%) | loss: 4.143928 | lrm: 1.00 | dt: 2113.87ms | tok/sec: 248,023 | bf16_mfu: 60.39 | epoch: 1 pq: 1 rg: 39 | total time: 4.33m | eta: 54.4m
step 00134/01680 (7.98%) | loss: 4.132419 | lrm: 1.00 | dt: 2113.71ms | tok/sec: 248,041 | bf16_mfu: 60.40 | epoch: 1 pq: 1 rg: 40 | total time: 4.36m | eta: 54.4m
step 00135/01680 (8.04%) | loss: 4.118232 | lrm: 1.00 | dt: 2116.27ms | tok/sec: 247,742 | bf16_mfu: 60.32 | epoch: 1 pq: 1 rg: 41 | total time: 4.40m | eta: 54.3m
step 00136/01680 (8.10%) | loss: 4.104041 | lrm: 1.00 | dt: 2114.32ms | tok/sec: 247,969 | bf16_mfu: 60.38 | epoch: 1 pq: 1 rg: 42 | total time: 4.43m | eta: 54.3m
step 00137/01680 (8.15%) | loss: 4.093003 | lrm: 1.00 | dt: 2115.76ms | tok/sec: 247,801 | bf16_mfu: 60.34 | epoch: 1 pq: 1 rg: 43 | total time: 4.47m | eta: 54.3m
step 00138/01680 (8.21%) | loss: 4.083057 | lrm: 1.00 | dt: 2117.78ms | tok/sec: 247,564 | bf16_mfu: 60.28 | epoch: 1 pq: 1 rg: 44 | total time: 4.50m | eta: 54.2m
step 00139/01680 (8.27%) | loss: 4.070434 | lrm: 1.00 | dt: 2116.39ms | tok/sec: 247,726 | bf16_mfu: 60.32 | epoch: 1 pq: 1 rg: 45 | total time: 4.54m | eta: 54.2m
step 00140/01680 (8.33%) | loss: 4.066100 | lrm: 1.00 | dt: 2115.02ms | tok/sec: 247,887 | bf16_mfu: 60.36 | epoch: 1 pq: 1 rg: 46 | total time: 4.57m | eta: 54.2m
step 00141/01680 (8.39%) | loss: 4.057065 | lrm: 1.00 | dt: 2115.19ms | tok/sec: 247,868 | bf16_mfu: 60.35 | epoch: 1 pq: 1 rg: 47 | total time: 4.61m | eta: 54.1m
step 00142/01680 (8.45%) | loss: 4.043150 | lrm: 1.00 | dt: 2108.37ms | tok/sec: 248,670 | bf16_mfu: 60.55 | epoch: 1 pq: 1 rg: 48 | total time: 4.64m | eta: 54.1m
step 00143/01680 (8.51%) | loss: 4.036456 | lrm: 1.00 | dt: 2115.82ms | tok/sec: 247,794 | bf16_mfu: 60.34 | epoch: 1 pq: 1 rg: 49 | total time: 4.68m | eta: 54.1m
step 00144/01680 (8.57%) | loss: 4.030324 | lrm: 1.00 | dt: 2116.22ms | tok/sec: 247,747 | bf16_mfu: 60.32 | epoch: 1 pq: 1 rg: 50 | total time: 4.71m | eta: 54.0m
step 00145/01680 (8.63%) | loss: 4.023630 | lrm: 1.00 | dt: 2121.47ms | tok/sec: 247,134 | bf16_mfu: 60.18 | epoch: 1 pq: 1 rg: 51 | total time: 4.75m | eta: 54.0m
step 00146/01680 (8.69%) | loss: 4.018060 | lrm: 1.00 | dt: 2117.26ms | tok/sec: 247,625 | bf16_mfu: 60.29 | epoch: 1 pq: 1 rg: 51 | total time: 4.78m | eta: 54.0m
step 00147/01680 (8.75%) | loss: 4.007455 | lrm: 1.00 | dt: 2116.22ms | tok/sec: 247,747 | bf16_mfu: 60.32 | epoch: 1 pq: 1 rg: 52 | total time: 4.82m | eta: 53.9m
step 00148/01680 (8.81%) | loss: 3.997232 | lrm: 1.00 | dt: 2117.74ms | tok/sec: 247,569 | bf16_mfu: 60.28 | epoch: 1 pq: 1 rg: 53 | total time: 4.86m | eta: 53.9m
step 00149/01680 (8.87%) | loss: 3.988193 | lrm: 1.00 | dt: 2117.51ms | tok/sec: 247,596 | bf16_mfu: 60.29 | epoch: 1 pq: 1 rg: 54 | total time: 4.89m | eta: 53.9m
step 00150/01680 (8.93%) | loss: 3.984256 | lrm: 1.00 | dt: 2120.98ms | tok/sec: 247,191 | bf16_mfu: 60.19 | epoch: 1 pq: 1 rg: 55 | total time: 4.93m | eta: 53.8m
step 00151/01680 (8.99%) | loss: 3.972995 | lrm: 1.00 | dt: 2119.34ms | tok/sec: 247,382 | bf16_mfu: 60.24 | epoch: 1 pq: 1 rg: 56 | total time: 4.96m | eta: 53.8m
step 00152/01680 (9.05%) | loss: 3.966091 | lrm: 1.00 | dt: 2113.17ms | tok/sec: 248,105 | bf16_mfu: 60.41 | epoch: 1 pq: 1 rg: 57 | total time: 5.00m | eta: 53.8m
step 00153/01680 (9.11%) | loss: 3.960631 | lrm: 1.00 | dt: 2120.80ms | tok/sec: 247,212 | bf16_mfu: 60.19 | epoch: 1 pq: 1 rg: 58 | total time: 5.03m | eta: 53.7m
step 00154/01680 (9.17%) | loss: 3.952519 | lrm: 1.00 | dt: 2119.99ms | tok/sec: 247,306 | bf16_mfu: 60.22 | epoch: 1 pq: 1 rg: 59 | total time: 5.07m | eta: 53.7m
step 00155/01680 (9.23%) | loss: 3.950790 | lrm: 1.00 | dt: 2120.26ms | tok/sec: 247,274 | bf16_mfu: 60.21 | epoch: 1 pq: 1 rg: 60 | total time: 5.10m | eta: 53.7m
step 00156/01680 (9.29%) | loss: 3.942083 | lrm: 1.00 | dt: 2114.36ms | tok/sec: 247,965 | bf16_mfu: 60.38 | epoch: 1 pq: 1 rg: 61 | total time: 5.14m | eta: 53.6m
step 00157/01680 (9.35%) | loss: 3.936563 | lrm: 1.00 | dt: 2121.29ms | tok/sec: 247,155 | bf16_mfu: 60.18 | epoch: 1 pq: 1 rg: 61 | total time: 5.17m | eta: 53.6m
step 00158/01680 (9.40%) | loss: 3.938676 | lrm: 1.00 | dt: 2117.03ms | tok/sec: 247,652 | bf16_mfu: 60.30 | epoch: 1 pq: 1 rg: 62 | total time: 5.21m | eta: 53.6m
step 00159/01680 (9.46%) | loss: 3.926407 | lrm: 1.00 | dt: 2120.34ms | tok/sec: 247,265 | bf16_mfu: 60.21 | epoch: 1 pq: 1 rg: 63 | total time: 5.24m | eta: 53.5m
step 00160/01680 (9.52%) | loss: 3.921983 | lrm: 1.00 | dt: 2115.69ms | tok/sec: 247,809 | bf16_mfu: 60.34 | epoch: 1 pq: 1 rg: 64 | total time: 5.28m | eta: 53.5m
step 00161/01680 (9.58%) | loss: 3.906717 | lrm: 1.00 | dt: 2119.48ms | tok/sec: 247,365 | bf16_mfu: 60.23 | epoch: 1 pq: 1 rg: 65 | total time: 5.31m | eta: 53.5m
step 00162/01680 (9.64%) | loss: 3.898079 | lrm: 1.00 | dt: 2117.19ms | tok/sec: 247,634 | bf16_mfu: 60.30 | epoch: 1 pq: 1 rg: 66 | total time: 5.35m | eta: 53.4m
step 00163/01680 (9.70%) | loss: 3.893156 | lrm: 1.00 | dt: 2115.07ms | tok/sec: 247,881 | bf16_mfu: 60.36 | epoch: 1 pq: 1 rg: 67 | total time: 5.38m | eta: 53.4m
step 00164/01680 (9.76%) | loss: 3.886626 | lrm: 1.00 | dt: 2120.42ms | tok/sec: 247,256 | bf16_mfu: 60.21 | epoch: 1 pq: 1 rg: 68 | total time: 5.42m | eta: 53.4m
step 00165/01680 (9.82%) | loss: 3.883687 | lrm: 1.00 | dt: 2113.18ms | tok/sec: 248,103 | bf16_mfu: 60.41 | epoch: 1 pq: 1 rg: 69 | total time: 5.46m | eta: 53.3m
step 00166/01680 (9.88%) | loss: 3.886884 | lrm: 1.00 | dt: 2114.04ms | tok/sec: 248,002 | bf16_mfu: 60.39 | epoch: 1 pq: 1 rg: 70 | total time: 5.49m | eta: 53.3m
step 00167/01680 (9.94%) | loss: 3.870373 | lrm: 1.00 | dt: 2111.57ms | tok/sec: 248,292 | bf16_mfu: 60.46 | epoch: 1 pq: 1 rg: 71 | total time: 5.53m | eta: 53.3m
step 00168/01680 (10.00%) | loss: 3.868850 | lrm: 1.00 | dt: 2113.59ms | tok/sec: 248,055 | bf16_mfu: 60.40 | epoch: 1 pq: 1 rg: 72 | total time: 5.56m | eta: 53.2m
step 00169/01680 (10.06%) | loss: 3.856268 | lrm: 1.00 | dt: 2116.68ms | tok/sec: 247,694 | bf16_mfu: 60.31 | epoch: 1 pq: 1 rg: 73 | total time: 5.60m | eta: 53.2m
step 00170/01680 (10.12%) | loss: 3.849502 | lrm: 1.00 | dt: 2114.64ms | tok/sec: 247,932 | bf16_mfu: 60.37 | epoch: 1 pq: 1 rg: 74 | total time: 5.63m | eta: 53.1m
step 00171/01680 (10.18%) | loss: 3.840807 | lrm: 1.00 | dt: 2116.16ms | tok/sec: 247,754 | bf16_mfu: 60.33 | epoch: 1 pq: 1 rg: 74 | total time: 5.67m | eta: 53.1m
step 00172/01680 (10.24%) | loss: 3.827177 | lrm: 1.00 | dt: 2116.12ms | tok/sec: 247,759 | bf16_mfu: 60.33 | epoch: 1 pq: 1 rg: 75 | total time: 5.70m | eta: 53.1m
step 00173/01680 (10.30%) | loss: 3.818638 | lrm: 1.00 | dt: 2118.37ms | tok/sec: 247,495 | bf16_mfu: 60.26 | epoch: 1 pq: 1 rg: 76 | total time: 5.74m | eta: 53.0m
step 00174/01680 (10.36%) | loss: 3.816093 | lrm: 1.00 | dt: 2114.80ms | tok/sec: 247,913 | bf16_mfu: 60.36 | epoch: 1 pq: 1 rg: 77 | total time: 5.77m | eta: 53.0m
step 00175/01680 (10.42%) | loss: 3.803745 | lrm: 1.00 | dt: 2113.27ms | tok/sec: 248,092 | bf16_mfu: 60.41 | epoch: 1 pq: 1 rg: 78 | total time: 5.81m | eta: 53.0m
step 00176/01680 (10.48%) | loss: 3.803312 | lrm: 1.00 | dt: 2115.54ms | tok/sec: 247,827 | bf16_mfu: 60.34 | epoch: 1 pq: 1 rg: 79 | total time: 5.84m | eta: 52.9m
step 00177/01680 (10.54%) | loss: 3.799618 | lrm: 1.00 | dt: 2116.41ms | tok/sec: 247,725 | bf16_mfu: 60.32 | epoch: 1 pq: 1 rg: 80 | total time: 5.88m | eta: 52.9m
step 00178/01680 (10.60%) | loss: 3.801128 | lrm: 1.00 | dt: 2123.11ms | tok/sec: 246,943 | bf16_mfu: 60.13 | epoch: 1 pq: 1 rg: 81 | total time: 5.91m | eta: 52.9m
step 00179/01680 (10.65%) | loss: 3.805157 | lrm: 1.00 | dt: 2116.71ms | tok/sec: 247,690 | bf16_mfu: 60.31 | epoch: 1 pq: 1 rg: 82 | total time: 5.95m | eta: 52.8m
step 00180/01680 (10.71%) | loss: 3.795698 | lrm: 1.00 | dt: 2116.46ms | tok/sec: 247,718 | bf16_mfu: 60.32 | epoch: 1 pq: 1 rg: 83 | total time: 5.98m | eta: 52.8m
step 00181/01680 (10.77%) | loss: 3.794173 | lrm: 1.00 | dt: 2118.48ms | tok/sec: 247,483 | bf16_mfu: 60.26 | epoch: 1 pq: 2 rg: 0 | total time: 6.02m | eta: 52.8m
step 00182/01680 (10.83%) | loss: 3.785145 | lrm: 1.00 | dt: 2118.07ms | tok/sec: 247,530 | bf16_mfu: 60.27 | epoch: 1 pq: 2 rg: 1 | total time: 6.05m | eta: 52.7m
step 00183/01680 (10.89%) | loss: 3.786164 | lrm: 1.00 | dt: 2120.04ms | tok/sec: 247,300 | bf16_mfu: 60.22 | epoch: 1 pq: 2 rg: 1 | total time: 6.09m | eta: 52.7m
step 00184/01680 (10.95%) | loss: 3.785756 | lrm: 1.00 | dt: 2113.74ms | tok/sec: 248,037 | bf16_mfu: 60.40 | epoch: 1 pq: 2 rg: 2 | total time: 6.13m | eta: 52.7m
step 00185/01680 (11.01%) | loss: 3.783092 | lrm: 1.00 | dt: 2121.18ms | tok/sec: 247,168 | bf16_mfu: 60.18 | epoch: 1 pq: 2 rg: 3 | total time: 6.16m | eta: 52.6m
step 00186/01680 (11.07%) | loss: 3.783387 | lrm: 1.00 | dt: 2114.27ms | tok/sec: 247,975 | bf16_mfu: 60.38 | epoch: 1 pq: 2 rg: 4 | total time: 6.20m | eta: 52.6m
step 00187/01680 (11.13%) | loss: 3.776249 | lrm: 1.00 | dt: 2114.03ms | tok/sec: 248,003 | bf16_mfu: 60.39 | epoch: 1 pq: 2 rg: 5 | total time: 6.23m | eta: 52.6m
step 00188/01680 (11.19%) | loss: 3.769154 | lrm: 1.00 | dt: 2120.75ms | tok/sec: 247,218 | bf16_mfu: 60.20 | epoch: 1 pq: 2 rg: 6 | total time: 6.27m | eta: 52.5m
step 00189/01680 (11.25%) | loss: 3.762204 | lrm: 1.00 | dt: 2116.41ms | tok/sec: 247,724 | bf16_mfu: 60.32 | epoch: 1 pq: 2 rg: 7 | total time: 6.30m | eta: 52.5m
step 00190/01680 (11.31%) | loss: 3.755465 | lrm: 1.00 | dt: 2121.05ms | tok/sec: 247,182 | bf16_mfu: 60.19 | epoch: 1 pq: 2 rg: 8 | total time: 6.34m | eta: 52.5m
step 00191/01680 (11.37%) | loss: 3.753969 | lrm: 1.00 | dt: 2114.20ms | tok/sec: 247,983 | bf16_mfu: 60.38 | epoch: 1 pq: 2 rg: 9 | total time: 6.37m | eta: 52.4m
step 00192/01680 (11.43%) | loss: 3.745731 | lrm: 1.00 | dt: 2120.24ms | tok/sec: 247,277 | bf16_mfu: 60.21 | epoch: 1 pq: 2 rg: 10 | total time: 6.41m | eta: 52.4m
step 00193/01680 (11.49%) | loss: 3.735553 | lrm: 1.00 | dt: 2115.60ms | tok/sec: 247,819 | bf16_mfu: 60.34 | epoch: 1 pq: 2 rg: 11 | total time: 6.44m | eta: 52.4m
step 00194/01680 (11.55%) | loss: 3.732845 | lrm: 1.00 | dt: 2120.79ms | tok/sec: 247,213 | bf16_mfu: 60.19 | epoch: 1 pq: 2 rg: 12 | total time: 6.48m | eta: 52.3m
step 00195/01680 (11.61%) | loss: 3.726142 | lrm: 1.00 | dt: 2118.65ms | tok/sec: 247,462 | bf16_mfu: 60.26 | epoch: 1 pq: 2 rg: 13 | total time: 6.51m | eta: 52.3m
step 00196/01680 (11.67%) | loss: 3.721975 | lrm: 1.00 | dt: 2117.90ms | tok/sec: 247,551 | bf16_mfu: 60.28 | epoch: 1 pq: 2 rg: 14 | total time: 6.55m | eta: 52.3m
step 00197/01680 (11.73%) | loss: 3.725694 | lrm: 1.00 | dt: 2116.72ms | tok/sec: 247,688 | bf16_mfu: 60.31 | epoch: 1 pq: 2 rg: 14 | total time: 6.58m | eta: 52.2m
step 00198/01680 (11.79%) | loss: 3.733040 | lrm: 1.00 | dt: 2117.71ms | tok/sec: 247,573 | bf16_mfu: 60.28 | epoch: 1 pq: 2 rg: 15 | total time: 6.62m | eta: 52.2m
step 00199/01680 (11.85%) | loss: 3.729647 | lrm: 1.00 | dt: 2114.91ms | tok/sec: 247,901 | bf16_mfu: 60.36 | epoch: 1 pq: 2 rg: 16 | total time: 6.65m | eta: 52.1m
step 00200/01680 (11.90%) | loss: 3.724791 | lrm: 1.00 | dt: 2116.19ms | tok/sec: 247,750 | bf16_mfu: 60.33 | epoch: 1 pq: 2 rg: 17 | total time: 6.69m | eta: 52.1m
step 00201/01680 (11.96%) | loss: 3.718387 | lrm: 1.00 | dt: 2123.18ms | tok/sec: 246,935 | bf16_mfu: 60.13 | epoch: 1 pq: 2 rg: 18 | total time: 6.73m | eta: 52.1m
step 00202/01680 (12.02%) | loss: 3.717724 | lrm: 1.00 | dt: 2118.74ms | tok/sec: 247,452 | bf16_mfu: 60.25 | epoch: 1 pq: 2 rg: 19 | total time: 6.76m | eta: 52.0m
step 00203/01680 (12.08%) | loss: 3.714010 | lrm: 1.00 | dt: 2115.69ms | tok/sec: 247,809 | bf16_mfu: 60.34 | epoch: 1 pq: 2 rg: 20 | total time: 6.80m | eta: 52.0m
step 00204/01680 (12.14%) | loss: 3.714406 | lrm: 1.00 | dt: 2119.04ms | tok/sec: 247,418 | bf16_mfu: 60.24 | epoch: 1 pq: 2 rg: 21 | total time: 6.83m | eta: 52.0m
step 00205/01680 (12.20%) | loss: 3.711649 | lrm: 1.00 | dt: 2125.72ms | tok/sec: 246,639 | bf16_mfu: 60.05 | epoch: 1 pq: 2 rg: 22 | total time: 6.87m | eta: 51.9m
step 00206/01680 (12.26%) | loss: 3.713296 | lrm: 1.00 | dt: 2116.51ms | tok/sec: 247,713 | bf16_mfu: 60.32 | epoch: 1 pq: 2 rg: 23 | total time: 6.90m | eta: 51.9m
step 00207/01680 (12.32%) | loss: 3.711866 | lrm: 1.00 | dt: 2121.78ms | tok/sec: 247,097 | bf16_mfu: 60.17 | epoch: 1 pq: 2 rg: 24 | total time: 6.94m | eta: 51.9m
step 00208/01680 (12.38%) | loss: 3.702696 | lrm: 1.00 | dt: 2117.29ms | tok/sec: 247,621 | bf16_mfu: 60.29 | epoch: 1 pq: 2 rg: 25 | total time: 6.97m | eta: 51.8m
step 00209/01680 (12.44%) | loss: 3.692514 | lrm: 1.00 | dt: 2119.59ms | tok/sec: 247,353 | bf16_mfu: 60.23 | epoch: 1 pq: 2 rg: 26 | total time: 7.01m | eta: 51.8m
step 00210/01680 (12.50%) | loss: 3.687228 | lrm: 1.00 | dt: 2117.46ms | tok/sec: 247,602 | bf16_mfu: 60.29 | epoch: 1 pq: 2 rg: 27 | total time: 7.04m | eta: 51.8m
step 00211/01680 (12.56%) | loss: 3.685590 | lrm: 1.00 | dt: 2118.77ms | tok/sec: 247,449 | bf16_mfu: 60.25 | epoch: 1 pq: 2 rg: 27 | total time: 7.08m | eta: 51.7m
step 00212/01680 (12.62%) | loss: 3.686459 | lrm: 1.00 | dt: 2118.32ms | tok/sec: 247,501 | bf16_mfu: 60.26 | epoch: 1 pq: 2 rg: 28 | total time: 7.11m | eta: 51.7m
step 00213/01680 (12.68%) | loss: 3.681389 | lrm: 1.00 | dt: 2118.65ms | tok/sec: 247,463 | bf16_mfu: 60.26 | epoch: 1 pq: 2 rg: 29 | total time: 7.15m | eta: 51.7m
step 00214/01680 (12.74%) | loss: 3.685092 | lrm: 1.00 | dt: 2120.26ms | tok/sec: 247,275 | bf16_mfu: 60.21 | epoch: 1 pq: 2 rg: 30 | total time: 7.18m | eta: 51.6m
step 00215/01680 (12.80%) | loss: 3.680350 | lrm: 1.00 | dt: 2123.67ms | tok/sec: 246,877 | bf16_mfu: 60.11 | epoch: 1 pq: 2 rg: 31 | total time: 7.22m | eta: 51.6m
step 00216/01680 (12.86%) | loss: 3.679671 | lrm: 1.00 | dt: 2117.74ms | tok/sec: 247,569 | bf16_mfu: 60.28 | epoch: 1 pq: 2 rg: 32 | total time: 7.26m | eta: 51.6m
step 00217/01680 (12.92%) | loss: 3.683928 | lrm: 1.00 | dt: 2121.49ms | tok/sec: 247,131 | bf16_mfu: 60.17 | epoch: 1 pq: 2 rg: 33 | total time: 7.29m | eta: 51.5m
step 00218/01680 (12.98%) | loss: 3.678462 | lrm: 1.00 | dt: 2118.65ms | tok/sec: 247,463 | bf16_mfu: 60.26 | epoch: 1 pq: 2 rg: 34 | total time: 7.33m | eta: 51.5m
step 00219/01680 (13.04%) | loss: 3.676913 | lrm: 1.00 | dt: 2124.59ms | tok/sec: 246,770 | bf16_mfu: 60.09 | epoch: 1 pq: 2 rg: 35 | total time: 7.36m | eta: 51.5m
step 00220/01680 (13.10%) | loss: 3.667582 | lrm: 1.00 | dt: 2117.83ms | tok/sec: 247,559 | bf16_mfu: 60.28 | epoch: 1 pq: 2 rg: 36 | total time: 7.40m | eta: 51.4m
step 00221/01680 (13.15%) | loss: 3.657696 | lrm: 1.00 | dt: 2122.81ms | tok/sec: 246,978 | bf16_mfu: 60.14 | epoch: 1 pq: 2 rg: 36 | total time: 7.43m | eta: 51.4m
step 00222/01680 (13.21%) | loss: 3.659723 | lrm: 1.00 | dt: 2115.99ms | tok/sec: 247,774 | bf16_mfu: 60.33 | epoch: 1 pq: 2 rg: 37 | total time: 7.47m | eta: 51.4m
step 00223/01680 (13.27%) | loss: 3.664596 | lrm: 1.00 | dt: 2124.85ms | tok/sec: 246,740 | bf16_mfu: 60.08 | epoch: 1 pq: 2 rg: 38 | total time: 7.50m | eta: 51.3m
step 00224/01680 (13.33%) | loss: 3.659183 | lrm: 1.00 | dt: 2117.06ms | tok/sec: 247,649 | bf16_mfu: 60.30 | epoch: 1 pq: 2 rg: 39 | total time: 7.54m | eta: 51.3m
step 00225/01680 (13.39%) | loss: 3.653241 | lrm: 1.00 | dt: 2115.49ms | tok/sec: 247,832 | bf16_mfu: 60.35 | epoch: 1 pq: 2 rg: 40 | total time: 7.57m | eta: 51.3m
step 00226/01680 (13.45%) | loss: 3.638131 | lrm: 1.00 | dt: 2115.81ms | tok/sec: 247,795 | bf16_mfu: 60.34 | epoch: 1 pq: 2 rg: 41 | total time: 7.61m | eta: 51.2m
step 00227/01680 (13.51%) | loss: 3.632872 | lrm: 1.00 | dt: 2121.70ms | tok/sec: 247,107 | bf16_mfu: 60.17 | epoch: 1 pq: 2 rg: 42 | total time: 7.64m | eta: 51.2m
step 00228/01680 (13.57%) | loss: 3.636818 | lrm: 1.00 | dt: 2116.07ms | tok/sec: 247,765 | bf16_mfu: 60.33 | epoch: 1 pq: 2 rg: 43 | total time: 7.68m | eta: 51.1m
step 00229/01680 (13.63%) | loss: 3.632516 | lrm: 1.00 | dt: 2121.74ms | tok/sec: 247,102 | bf16_mfu: 60.17 | epoch: 1 pq: 2 rg: 44 | total time: 7.71m | eta: 51.1m
step 00230/01680 (13.69%) | loss: 3.626270 | lrm: 1.00 | dt: 2116.47ms | tok/sec: 247,718 | bf16_mfu: 60.32 | epoch: 1 pq: 2 rg: 45 | total time: 7.75m | eta: 51.1m
step 00231/01680 (13.75%) | loss: 3.618259 | lrm: 1.00 | dt: 2119.71ms | tok/sec: 247,339 | bf16_mfu: 60.23 | epoch: 1 pq: 2 rg: 46 | total time: 7.79m | eta: 51.0m
step 00232/01680 (13.81%) | loss: 3.609496 | lrm: 1.00 | dt: 2120.24ms | tok/sec: 247,278 | bf16_mfu: 60.21 | epoch: 1 pq: 2 rg: 47 | total time: 7.82m | eta: 51.0m
step 00233/01680 (13.87%) | loss: 3.605051 | lrm: 1.00 | dt: 2121.40ms | tok/sec: 247,142 | bf16_mfu: 60.18 | epoch: 1 pq: 2 rg: 48 | total time: 7.86m | eta: 51.0m
step 00234/01680 (13.93%) | loss: 3.603000 | lrm: 1.00 | dt: 2118.75ms | tok/sec: 247,451 | bf16_mfu: 60.25 | epoch: 1 pq: 2 rg: 49 | total time: 7.89m | eta: 50.9m
step 00235/01680 (13.99%) | loss: 3.598286 | lrm: 1.00 | dt: 2124.25ms | tok/sec: 246,810 | bf16_mfu: 60.10 | epoch: 1 pq: 2 rg: 49 | total time: 7.93m | eta: 50.9m
step 00236/01680 (14.05%) | loss: 3.597318 | lrm: 1.00 | dt: 2118.71ms | tok/sec: 247,456 | bf16_mfu: 60.25 | epoch: 1 pq: 2 rg: 50 | total time: 7.96m | eta: 50.9m
step 00237/01680 (14.11%) | loss: 3.597797 | lrm: 1.00 | dt: 2116.83ms | tok/sec: 247,675 | bf16_mfu: 60.31 | epoch: 1 pq: 2 rg: 51 | total time: 8.00m | eta: 50.8m
step 00238/01680 (14.17%) | loss: 3.592123 | lrm: 1.00 | dt: 2119.90ms | tok/sec: 247,317 | bf16_mfu: 60.22 | epoch: 1 pq: 2 rg: 52 | total time: 8.03m | eta: 50.8m
step 00239/01680 (14.23%) | loss: 3.585245 | lrm: 1.00 | dt: 2117.46ms | tok/sec: 247,602 | bf16_mfu: 60.29 | epoch: 1 pq: 2 rg: 53 | total time: 8.07m | eta: 50.8m
step 00240/01680 (14.29%) | loss: 3.585549 | lrm: 1.00 | dt: 2122.63ms | tok/sec: 246,999 | bf16_mfu: 60.14 | epoch: 1 pq: 2 rg: 54 | total time: 8.10m | eta: 50.7m
step 00241/01680 (14.35%) | loss: 3.584288 | lrm: 1.00 | dt: 2116.95ms | tok/sec: 247,662 | bf16_mfu: 60.30 | epoch: 1 pq: 2 rg: 55 | total time: 8.14m | eta: 50.7m
step 00242/01680 (14.40%) | loss: 3.587259 | lrm: 1.00 | dt: 2117.87ms | tok/sec: 247,554 | bf16_mfu: 60.28 | epoch: 1 pq: 2 rg: 56 | total time: 8.17m | eta: 50.7m
step 00243/01680 (14.46%) | loss: 3.585037 | lrm: 1.00 | dt: 2119.41ms | tok/sec: 247,374 | bf16_mfu: 60.23 | epoch: 1 pq: 2 rg: 57 | total time: 8.21m | eta: 50.6m
step 00244/01680 (14.52%) | loss: 3.590217 | lrm: 1.00 | dt: 2121.57ms | tok/sec: 247,122 | bf16_mfu: 60.17 | epoch: 1 pq: 2 rg: 58 | total time: 8.24m | eta: 50.6m
step 00245/01680 (14.58%) | loss: 3.584678 | lrm: 1.00 | dt: 2119.27ms | tok/sec: 247,390 | bf16_mfu: 60.24 | epoch: 1 pq: 2 rg: 59 | total time: 8.28m | eta: 50.6m
step 00246/01680 (14.64%) | loss: 3.586594 | lrm: 1.00 | dt: 2118.59ms | tok/sec: 247,470 | bf16_mfu: 60.26 | epoch: 1 pq: 2 rg: 60 | total time: 8.32m | eta: 50.5m
step 00247/01680 (14.70%) | loss: 3.588179 | lrm: 1.00 | dt: 2122.71ms | tok/sec: 246,989 | bf16_mfu: 60.14 | epoch: 1 pq: 2 rg: 61 | total time: 8.35m | eta: 50.5m
step 00248/01680 (14.76%) | loss: 3.588416 | lrm: 1.00 | dt: 2115.58ms | tok/sec: 247,822 | bf16_mfu: 60.34 | epoch: 1 pq: 2 rg: 62 | total time: 8.39m | eta: 50.5m
step 00249/01680 (14.82%) | loss: 3.587896 | lrm: 1.00 | dt: 2124.36ms | tok/sec: 246,798 | bf16_mfu: 60.09 | epoch: 1 pq: 2 rg: 62 | total time: 8.42m | eta: 50.4m
Step 00250 | Validation bpb: 1.091638
step 00250/01680 (14.88%) | loss: 3.592756 | lrm: 1.00 | dt: 2118.91ms | tok/sec: 247,433 | bf16_mfu: 60.25 | epoch: 1 pq: 2 rg: 63 | total time: 8.46m | eta: 50.4m
step 00251/01680 (14.94%) | loss: 3.585603 | lrm: 1.00 | dt: 2118.95ms | tok/sec: 247,428 | bf16_mfu: 60.25 | epoch: 1 pq: 2 rg: 64 | total time: 8.49m | eta: 50.4m
step 00252/01680 (15.00%) | loss: 3.583871 | lrm: 1.00 | dt: 2116.04ms | tok/sec: 247,768 | bf16_mfu: 60.33 | epoch: 1 pq: 2 rg: 65 | total time: 8.53m | eta: 50.3m
step 00253/01680 (15.06%) | loss: 3.583956 | lrm: 1.00 | dt: 2117.29ms | tok/sec: 247,621 | bf16_mfu: 60.29 | epoch: 1 pq: 2 rg: 66 | total time: 8.56m | eta: 50.3m
step 00254/01680 (15.12%) | loss: 3.581998 | lrm: 1.00 | dt: 2120.87ms | tok/sec: 247,204 | bf16_mfu: 60.19 | epoch: 1 pq: 2 rg: 67 | total time: 8.60m | eta: 50.2m
step 00255/01680 (15.18%) | loss: 3.584116 | lrm: 1.00 | dt: 2118.55ms | tok/sec: 247,474 | bf16_mfu: 60.26 | epoch: 1 pq: 2 rg: 68 | total time: 8.63m | eta: 50.2m
step 00256/01680 (15.24%) | loss: 3.579082 | lrm: 1.00 | dt: 2120.70ms | tok/sec: 247,223 | bf16_mfu: 60.20 | epoch: 1 pq: 2 rg: 69 | total time: 8.67m | eta: 50.2m
step 00257/01680 (15.30%) | loss: 3.580542 | lrm: 1.00 | dt: 2120.82ms | tok/sec: 247,209 | bf16_mfu: 60.19 | epoch: 1 pq: 2 rg: 70 | total time: 8.70m | eta: 50.1m
step 00258/01680 (15.36%) | loss: 3.564929 | lrm: 1.00 | dt: 2120.05ms | tok/sec: 247,299 | bf16_mfu: 60.22 | epoch: 1 pq: 2 rg: 71 | total time: 8.74m | eta: 50.1m
step 00259/01680 (15.42%) | loss: 3.568913 | lrm: 1.00 | dt: 2120.43ms | tok/sec: 247,255 | bf16_mfu: 60.20 | epoch: 1 pq: 2 rg: 72 | total time: 8.77m | eta: 50.1m
step 00260/01680 (15.48%) | loss: 3.562263 | lrm: 1.00 | dt: 2121.36ms | tok/sec: 247,146 | bf16_mfu: 60.18 | epoch: 1 pq: 2 rg: 72 | total time: 8.81m | eta: 50.0m
step 00261/01680 (15.54%) | loss: 3.556877 | lrm: 1.00 | dt: 2119.28ms | tok/sec: 247,389 | bf16_mfu: 60.24 | epoch: 1 pq: 2 rg: 73 | total time: 8.84m | eta: 50.0m
step 00262/01680 (15.60%) | loss: 3.548656 | lrm: 1.00 | dt: 2118.84ms | tok/sec: 247,441 | bf16_mfu: 60.25 | epoch: 1 pq: 2 rg: 74 | total time: 8.88m | eta: 50.0m
step 00263/01680 (15.65%) | loss: 3.551146 | lrm: 1.00 | dt: 2117.34ms | tok/sec: 247,615 | bf16_mfu: 60.29 | epoch: 1 pq: 2 rg: 75 | total time: 8.92m | eta: 49.9m
step 00264/01680 (15.71%) | loss: 3.553261 | lrm: 1.00 | dt: 2119.46ms | tok/sec: 247,369 | bf16_mfu: 60.23 | epoch: 1 pq: 2 rg: 76 | total time: 8.95m | eta: 49.9m
step 00265/01680 (15.77%) | loss: 3.550541 | lrm: 1.00 | dt: 2120.22ms | tok/sec: 247,279 | bf16_mfu: 60.21 | epoch: 1 pq: 2 rg: 77 | total time: 8.99m | eta: 49.9m
step 00266/01680 (15.83%) | loss: 3.546177 | lrm: 1.00 | dt: 2121.06ms | tok/sec: 247,182 | bf16_mfu: 60.19 | epoch: 1 pq: 2 rg: 78 | total time: 9.02m | eta: 49.8m
step 00267/01680 (15.89%) | loss: 3.552678 | lrm: 1.00 | dt: 2120.53ms | tok/sec: 247,244 | bf16_mfu: 60.20 | epoch: 1 pq: 2 rg: 79 | total time: 9.06m | eta: 49.8m
step 00268/01680 (15.95%) | loss: 3.550266 | lrm: 1.00 | dt: 2122.24ms | tok/sec: 247,044 | bf16_mfu: 60.15 | epoch: 1 pq: 2 rg: 80 | total time: 9.09m | eta: 49.8m
step 00269/01680 (16.01%) | loss: 3.546547 | lrm: 1.00 | dt: 2116.41ms | tok/sec: 247,725 | bf16_mfu: 60.32 | epoch: 1 pq: 2 rg: 81 | total time: 9.13m | eta: 49.7m
step 00270/01680 (16.07%) | loss: 3.543426 | lrm: 1.00 | dt: 2122.27ms | tok/sec: 247,041 | bf16_mfu: 60.15 | epoch: 1 pq: 2 rg: 82 | total time: 9.16m | eta: 49.7m
step 00271/01680 (16.13%) | loss: 3.543425 | lrm: 1.00 | dt: 2121.20ms | tok/sec: 247,165 | bf16_mfu: 60.18 | epoch: 1 pq: 3 rg: 0 | total time: 9.20m | eta: 49.7m
step 00272/01680 (16.19%) | loss: 3.543467 | lrm: 1.00 | dt: 2120.43ms | tok/sec: 247,255 | bf16_mfu: 60.20 | epoch: 1 pq: 3 rg: 0 | total time: 9.23m | eta: 49.6m
step 00273/01680 (16.25%) | loss: 3.545533 | lrm: 1.00 | dt: 2118.01ms | tok/sec: 247,538 | bf16_mfu: 60.27 | epoch: 1 pq: 3 rg: 1 | total time: 9.27m | eta: 49.6m
step 00274/01680 (16.31%) | loss: 3.539900 | lrm: 1.00 | dt: 2120.43ms | tok/sec: 247,255 | bf16_mfu: 60.20 | epoch: 1 pq: 3 rg: 2 | total time: 9.30m | eta: 49.6m
step 00275/01680 (16.37%) | loss: 3.537182 | lrm: 1.00 | dt: 2121.44ms | tok/sec: 247,138 | bf16_mfu: 60.18 | epoch: 1 pq: 3 rg: 3 | total time: 9.34m | eta: 49.5m
step 00276/01680 (16.43%) | loss: 3.543587 | lrm: 1.00 | dt: 2120.61ms | tok/sec: 247,234 | bf16_mfu: 60.20 | epoch: 1 pq: 3 rg: 4 | total time: 9.37m | eta: 49.5m
step 00277/01680 (16.49%) | loss: 3.543121 | lrm: 1.00 | dt: 2120.81ms | tok/sec: 247,211 | bf16_mfu: 60.19 | epoch: 1 pq: 3 rg: 5 | total time: 9.41m | eta: 49.4m
step 00278/01680 (16.55%) | loss: 3.533844 | lrm: 1.00 | dt: 2121.58ms | tok/sec: 247,121 | bf16_mfu: 60.17 | epoch: 1 pq: 3 rg: 6 | total time: 9.45m | eta: 49.4m
step 00279/01680 (16.61%) | loss: 3.531644 | lrm: 1.00 | dt: 2124.25ms | tok/sec: 246,811 | bf16_mfu: 60.10 | epoch: 1 pq: 3 rg: 7 | total time: 9.48m | eta: 49.4m
step 00280/01680 (16.67%) | loss: 3.521296 | lrm: 1.00 | dt: 2124.57ms | tok/sec: 246,774 | bf16_mfu: 60.09 | epoch: 1 pq: 3 rg: 8 | total time: 9.52m | eta: 49.3m
step 00281/01680 (16.73%) | loss: 3.528423 | lrm: 1.00 | dt: 2114.90ms | tok/sec: 247,902 | bf16_mfu: 60.36 | epoch: 1 pq: 3 rg: 9 | total time: 9.55m | eta: 49.3m
step 00282/01680 (16.79%) | loss: 3.531308 | lrm: 1.00 | dt: 2121.04ms | tok/sec: 247,184 | bf16_mfu: 60.19 | epoch: 1 pq: 3 rg: 10 | total time: 9.59m | eta: 49.3m
step 00283/01680 (16.85%) | loss: 3.534447 | lrm: 1.00 | dt: 2120.57ms | tok/sec: 247,238 | bf16_mfu: 60.20 | epoch: 1 pq: 3 rg: 10 | total time: 9.62m | eta: 49.2m
step 00284/01680 (16.90%) | loss: 3.539973 | lrm: 1.00 | dt: 2123.53ms | tok/sec: 246,894 | bf16_mfu: 60.12 | epoch: 1 pq: 3 rg: 11 | total time: 9.66m | eta: 49.2m
step 00285/01680 (16.96%) | loss: 3.533937 | lrm: 1.00 | dt: 2116.66ms | tok/sec: 247,696 | bf16_mfu: 60.31 | epoch: 1 pq: 3 rg: 12 | total time: 9.69m | eta: 49.2m
step 00286/01680 (17.02%) | loss: 3.534230 | lrm: 1.00 | dt: 2119.03ms | tok/sec: 247,418 | bf16_mfu: 60.24 | epoch: 1 pq: 3 rg: 13 | total time: 9.73m | eta: 49.1m
step 00287/01680 (17.08%) | loss: 3.526672 | lrm: 1.00 | dt: 2119.47ms | tok/sec: 247,367 | bf16_mfu: 60.23 | epoch: 1 pq: 3 rg: 14 | total time: 9.76m | eta: 49.1m
step 00288/01680 (17.14%) | loss: 3.522984 | lrm: 1.00 | dt: 2121.69ms | tok/sec: 247,109 | bf16_mfu: 60.17 | epoch: 1 pq: 3 rg: 15 | total time: 9.80m | eta: 49.1m
step 00289/01680 (17.20%) | loss: 3.518171 | lrm: 1.00 | dt: 2123.81ms | tok/sec: 246,862 | bf16_mfu: 60.11 | epoch: 1 pq: 3 rg: 16 | total time: 9.83m | eta: 49.0m
step 00290/01680 (17.26%) | loss: 3.509478 | lrm: 1.00 | dt: 2126.81ms | tok/sec: 246,514 | bf16_mfu: 60.02 | epoch: 1 pq: 3 rg: 17 | total time: 9.87m | eta: 49.0m
step 00291/01680 (17.32%) | loss: 3.501181 | lrm: 1.00 | dt: 2117.89ms | tok/sec: 247,552 | bf16_mfu: 60.28 | epoch: 1 pq: 3 rg: 18 | total time: 9.91m | eta: 49.0m
step 00292/01680 (17.38%) | loss: 3.504743 | lrm: 1.00 | dt: 2119.45ms | tok/sec: 247,369 | bf16_mfu: 60.23 | epoch: 1 pq: 3 rg: 19 | total time: 9.94m | eta: 48.9m
step 00293/01680 (17.44%) | loss: 3.503942 | lrm: 1.00 | dt: 2117.28ms | tok/sec: 247,623 | bf16_mfu: 60.29 | epoch: 1 pq: 3 rg: 20 | total time: 9.98m | eta: 48.9m
step 00294/01680 (17.50%) | loss: 3.492936 | lrm: 1.00 | dt: 2120.50ms | tok/sec: 247,246 | bf16_mfu: 60.20 | epoch: 1 pq: 3 rg: 21 | total time: 10.01m | eta: 48.9m
step 00295/01680 (17.56%) | loss: 3.486656 | lrm: 1.00 | dt: 2116.68ms | tok/sec: 247,693 | bf16_mfu: 60.31 | epoch: 1 pq: 3 rg: 22 | total time: 10.05m | eta: 48.8m
step 00296/01680 (17.62%) | loss: 3.489552 | lrm: 1.00 | dt: 2117.16ms | tok/sec: 247,637 | bf16_mfu: 60.30 | epoch: 1 pq: 3 rg: 23 | total time: 10.08m | eta: 48.8m
step 00297/01680 (17.68%) | loss: 3.481603 | lrm: 1.00 | dt: 2121.98ms | tok/sec: 247,075 | bf16_mfu: 60.16 | epoch: 1 pq: 3 rg: 23 | total time: 10.12m | eta: 48.8m
step 00298/01680 (17.74%) | loss: 3.483924 | lrm: 1.00 | dt: 2116.92ms | tok/sec: 247,665 | bf16_mfu: 60.30 | epoch: 1 pq: 3 rg: 24 | total time: 10.15m | eta: 48.7m
step 00299/01680 (17.80%) | loss: 3.479318 | lrm: 1.00 | dt: 2118.96ms | tok/sec: 247,427 | bf16_mfu: 60.25 | epoch: 1 pq: 3 rg: 25 | total time: 10.19m | eta: 48.7m
step 00300/01680 (17.86%) | loss: 3.493731 | lrm: 1.00 | dt: 2123.74ms | tok/sec: 246,869 | bf16_mfu: 60.11 | epoch: 1 pq: 3 rg: 26 | total time: 10.22m | eta: 48.6m
step 00301/01680 (17.92%) | loss: 3.489861 | lrm: 1.00 | dt: 2118.09ms | tok/sec: 247,528 | bf16_mfu: 60.27 | epoch: 1 pq: 3 rg: 27 | total time: 10.26m | eta: 48.6m
step 00302/01680 (17.98%) | loss: 3.484652 | lrm: 1.00 | dt: 2120.43ms | tok/sec: 247,255 | bf16_mfu: 60.20 | epoch: 1 pq: 3 rg: 28 | total time: 10.29m | eta: 48.6m
step 00303/01680 (18.04%) | loss: 3.474851 | lrm: 1.00 | dt: 2124.76ms | tok/sec: 246,751 | bf16_mfu: 60.08 | epoch: 1 pq: 3 rg: 29 | total time: 10.33m | eta: 48.5m
step 00304/01680 (18.10%) | loss: 3.468423 | lrm: 1.00 | dt: 2116.67ms | tok/sec: 247,694 | bf16_mfu: 60.31 | epoch: 1 pq: 3 rg: 30 | total time: 10.36m | eta: 48.5m
step 00305/01680 (18.15%) | loss: 3.459132 | lrm: 1.00 | dt: 2123.00ms | tok/sec: 246,955 | bf16_mfu: 60.13 | epoch: 1 pq: 3 rg: 31 | total time: 10.40m | eta: 48.5m
step 00306/01680 (18.21%) | loss: 3.465245 | lrm: 1.00 | dt: 2118.14ms | tok/sec: 247,522 | bf16_mfu: 60.27 | epoch: 1 pq: 3 rg: 32 | total time: 10.44m | eta: 48.4m
step 00307/01680 (18.27%) | loss: 3.460266 | lrm: 1.00 | dt: 2120.76ms | tok/sec: 247,216 | bf16_mfu: 60.20 | epoch: 1 pq: 3 rg: 33 | total time: 10.47m | eta: 48.4m
step 00308/01680 (18.33%) | loss: 3.470850 | lrm: 1.00 | dt: 2124.25ms | tok/sec: 246,810 | bf16_mfu: 60.10 | epoch: 1 pq: 3 rg: 34 | total time: 10.51m | eta: 48.4m
step 00309/01680 (18.39%) | loss: 3.470197 | lrm: 1.00 | dt: 2120.17ms | tok/sec: 247,285 | bf16_mfu: 60.21 | epoch: 1 pq: 3 rg: 35 | total time: 10.54m | eta: 48.3m
step 00310/01680 (18.45%) | loss: 3.470192 | lrm: 1.00 | dt: 2121.24ms | tok/sec: 247,161 | bf16_mfu: 60.18 | epoch: 1 pq: 3 rg: 35 | total time: 10.58m | eta: 48.3m
step 00311/01680 (18.51%) | loss: 3.472825 | lrm: 1.00 | dt: 2125.95ms | tok/sec: 246,614 | bf16_mfu: 60.05 | epoch: 1 pq: 3 rg: 36 | total time: 10.61m | eta: 48.3m
step 00312/01680 (18.57%) | loss: 3.476256 | lrm: 1.00 | dt: 2118.18ms | tok/sec: 247,518 | bf16_mfu: 60.27 | epoch: 1 pq: 3 rg: 37 | total time: 10.65m | eta: 48.2m
step 00313/01680 (18.63%) | loss: 3.478153 | lrm: 1.00 | dt: 2119.60ms | tok/sec: 247,351 | bf16_mfu: 60.23 | epoch: 1 pq: 3 rg: 38 | total time: 10.68m | eta: 48.2m
step 00314/01680 (18.69%) | loss: 3.473374 | lrm: 1.00 | dt: 2118.46ms | tok/sec: 247,485 | bf16_mfu: 60.26 | epoch: 1 pq: 3 rg: 39 | total time: 10.72m | eta: 48.2m
step 00315/01680 (18.75%) | loss: 3.478221 | lrm: 1.00 | dt: 2124.03ms | tok/sec: 246,836 | bf16_mfu: 60.10 | epoch: 1 pq: 3 rg: 40 | total time: 10.75m | eta: 48.1m
step 00316/01680 (18.81%) | loss: 3.468970 | lrm: 1.00 | dt: 2119.59ms | tok/sec: 247,353 | bf16_mfu: 60.23 | epoch: 1 pq: 3 rg: 41 | total time: 10.79m | eta: 48.1m
step 00317/01680 (18.87%) | loss: 3.468433 | lrm: 1.00 | dt: 2121.61ms | tok/sec: 247,118 | bf16_mfu: 60.17 | epoch: 1 pq: 3 rg: 42 | total time: 10.82m | eta: 48.1m
step 00318/01680 (18.93%) | loss: 3.467210 | lrm: 1.00 | dt: 2121.02ms | tok/sec: 247,187 | bf16_mfu: 60.19 | epoch: 1 pq: 3 rg: 43 | total time: 10.86m | eta: 48.0m
step 00319/01680 (18.99%) | loss: 3.464307 | lrm: 1.00 | dt: 2118.81ms | tok/sec: 247,444 | bf16_mfu: 60.25 | epoch: 1 pq: 3 rg: 44 | total time: 10.89m | eta: 48.0m
step 00320/01680 (19.05%) | loss: 3.465713 | lrm: 1.00 | dt: 2121.28ms | tok/sec: 247,155 | bf16_mfu: 60.18 | epoch: 1 pq: 3 rg: 45 | total time: 10.93m | eta: 48.0m
step 00321/01680 (19.11%) | loss: 3.462641 | lrm: 1.00 | dt: 2118.07ms | tok/sec: 247,531 | bf16_mfu: 60.27 | epoch: 1 pq: 3 rg: 46 | total time: 10.97m | eta: 47.9m
step 00322/01680 (19.17%) | loss: 3.460390 | lrm: 1.00 | dt: 2121.10ms | tok/sec: 247,176 | bf16_mfu: 60.19 | epoch: 1 pq: 3 rg: 47 | total time: 11.00m | eta: 47.9m
step 00323/01680 (19.23%) | loss: 3.466280 | lrm: 1.00 | dt: 2126.44ms | tok/sec: 246,556 | bf16_mfu: 60.03 | epoch: 1 pq: 3 rg: 48 | total time: 11.04m | eta: 47.8m
step 00324/01680 (19.29%) | loss: 3.464547 | lrm: 1.00 | dt: 2114.03ms | tok/sec: 248,004 | bf16_mfu: 60.39 | epoch: 1 pq: 3 rg: 48 | total time: 11.07m | eta: 47.8m
step 00325/01680 (19.35%) | loss: 3.460220 | lrm: 1.00 | dt: 2124.90ms | tok/sec: 246,735 | bf16_mfu: 60.08 | epoch: 1 pq: 3 rg: 49 | total time: 11.11m | eta: 47.8m
step 00326/01680 (19.40%) | loss: 3.456852 | lrm: 1.00 | dt: 2124.07ms | tok/sec: 246,831 | bf16_mfu: 60.10 | epoch: 1 pq: 3 rg: 50 | total time: 11.14m | eta: 47.7m
step 00327/01680 (19.46%) | loss: 3.451368 | lrm: 1.00 | dt: 2119.78ms | tok/sec: 247,330 | bf16_mfu: 60.22 | epoch: 1 pq: 3 rg: 51 | total time: 11.18m | eta: 47.7m
step 00328/01680 (19.52%) | loss: 3.453708 | lrm: 1.00 | dt: 2120.81ms | tok/sec: 247,211 | bf16_mfu: 60.19 | epoch: 1 pq: 3 rg: 52 | total time: 11.21m | eta: 47.7m
step 00329/01680 (19.58%) | loss: 3.448313 | lrm: 1.00 | dt: 2120.51ms | tok/sec: 247,245 | bf16_mfu: 60.20 | epoch: 1 pq: 3 rg: 53 | total time: 11.25m | eta: 47.6m
step 00330/01680 (19.64%) | loss: 3.450029 | lrm: 1.00 | dt: 2123.69ms | tok/sec: 246,875 | bf16_mfu: 60.11 | epoch: 1 pq: 3 rg: 54 | total time: 11.28m | eta: 47.6m
step 00331/01680 (19.70%) | loss: 3.444166 | lrm: 1.00 | dt: 2119.62ms | tok/sec: 247,349 | bf16_mfu: 60.23 | epoch: 1 pq: 3 rg: 55 | total time: 11.32m | eta: 47.6m
step 00332/01680 (19.76%) | loss: 3.440774 | lrm: 1.00 | dt: 2120.10ms | tok/sec: 247,294 | bf16_mfu: 60.21 | epoch: 1 pq: 3 rg: 56 | total time: 11.35m | eta: 47.5m
step 00333/01680 (19.82%) | loss: 3.445629 | lrm: 1.00 | dt: 2122.01ms | tok/sec: 247,071 | bf16_mfu: 60.16 | epoch: 1 pq: 3 rg: 57 | total time: 11.39m | eta: 47.5m
step 00334/01680 (19.88%) | loss: 3.453814 | lrm: 1.00 | dt: 2121.39ms | tok/sec: 247,143 | bf16_mfu: 60.18 | epoch: 1 pq: 3 rg: 57 | total time: 11.42m | eta: 47.5m
step 00335/01680 (19.94%) | loss: 3.457542 | lrm: 1.00 | dt: 2122.19ms | tok/sec: 247,051 | bf16_mfu: 60.16 | epoch: 1 pq: 3 rg: 58 | total time: 11.46m | eta: 47.4m
step 00336/01680 (20.00%) | loss: 3.455036 | lrm: 1.00 | dt: 2118.55ms | tok/sec: 247,474 | bf16_mfu: 60.26 | epoch: 1 pq: 3 rg: 59 | total time: 11.50m | eta: 47.4m
step 00337/01680 (20.06%) | loss: 3.458470 | lrm: 1.00 | dt: 2115.04ms | tok/sec: 247,885 | bf16_mfu: 60.36 | epoch: 1 pq: 3 rg: 60 | total time: 11.53m | eta: 47.4m
step 00338/01680 (20.12%) | loss: 3.449921 | lrm: 1.00 | dt: 2116.37ms | tok/sec: 247,729 | bf16_mfu: 60.32 | epoch: 1 pq: 3 rg: 61 | total time: 11.57m | eta: 47.3m
step 00339/01680 (20.18%) | loss: 3.450101 | lrm: 1.00 | dt: 2123.82ms | tok/sec: 246,861 | bf16_mfu: 60.11 | epoch: 1 pq: 3 rg: 62 | total time: 11.60m | eta: 47.3m
step 00340/01680 (20.24%) | loss: 3.447260 | lrm: 1.00 | dt: 2117.55ms | tok/sec: 247,592 | bf16_mfu: 60.29 | epoch: 1 pq: 3 rg: 63 | total time: 11.64m | eta: 47.3m
step 00341/01680 (20.30%) | loss: 3.451566 | lrm: 1.00 | dt: 2122.93ms | tok/sec: 246,964 | bf16_mfu: 60.13 | epoch: 1 pq: 3 rg: 64 | total time: 11.67m | eta: 47.2m
step 00342/01680 (20.36%) | loss: 3.445449 | lrm: 1.00 | dt: 2124.46ms | tok/sec: 246,786 | bf16_mfu: 60.09 | epoch: 1 pq: 3 rg: 65 | total time: 11.71m | eta: 47.2m
step 00343/01680 (20.42%) | loss: 3.448100 | lrm: 1.00 | dt: 2121.34ms | tok/sec: 247,149 | bf16_mfu: 60.18 | epoch: 1 pq: 3 rg: 66 | total time: 11.74m | eta: 47.1m
step 00344/01680 (20.48%) | loss: 3.447160 | lrm: 1.00 | dt: 2120.99ms | tok/sec: 247,189 | bf16_mfu: 60.19 | epoch: 1 pq: 3 rg: 67 | total time: 11.78m | eta: 47.1m
step 00345/01680 (20.54%) | loss: 3.444553 | lrm: 1.00 | dt: 2121.00ms | tok/sec: 247,189 | bf16_mfu: 60.19 | epoch: 1 pq: 3 rg: 68 | total time: 11.81m | eta: 47.1m
step 00346/01680 (20.60%) | loss: 3.442530 | lrm: 1.00 | dt: 2123.79ms | tok/sec: 246,864 | bf16_mfu: 60.11 | epoch: 1 pq: 3 rg: 68 | total time: 11.85m | eta: 47.0m
step 00347/01680 (20.65%) | loss: 3.443086 | lrm: 1.00 | dt: 2118.47ms | tok/sec: 247,484 | bf16_mfu: 60.26 | epoch: 1 pq: 3 rg: 69 | total time: 11.88m | eta: 47.0m
step 00348/01680 (20.71%) | loss: 3.449544 | lrm: 1.00 | dt: 2119.19ms | tok/sec: 247,400 | bf16_mfu: 60.24 | epoch: 1 pq: 3 rg: 70 | total time: 11.92m | eta: 47.0m
step 00349/01680 (20.77%) | loss: 3.448962 | lrm: 1.00 | dt: 2121.77ms | tok/sec: 247,098 | bf16_mfu: 60.17 | epoch: 1 pq: 3 rg: 71 | total time: 11.96m | eta: 46.9m
step 00350/01680 (20.83%) | loss: 3.443985 | lrm: 1.00 | dt: 2123.46ms | tok/sec: 246,902 | bf16_mfu: 60.12 | epoch: 1 pq: 3 rg: 72 | total time: 11.99m | eta: 46.9m
step 00351/01680 (20.89%) | loss: 3.440585 | lrm: 1.00 | dt: 2119.46ms | tok/sec: 247,368 | bf16_mfu: 60.23 | epoch: 1 pq: 3 rg: 73 | total time: 12.03m | eta: 46.9m
step 00352/01680 (20.95%) | loss: 3.443235 | lrm: 1.00 | dt: 2117.86ms | tok/sec: 247,555 | bf16_mfu: 60.28 | epoch: 1 pq: 3 rg: 74 | total time: 12.06m | eta: 46.8m
step 00353/01680 (21.01%) | loss: 3.447831 | lrm: 1.00 | dt: 2123.46ms | tok/sec: 246,902 | bf16_mfu: 60.12 | epoch: 1 pq: 3 rg: 75 | total time: 12.10m | eta: 46.8m
step 00354/01680 (21.07%) | loss: 3.453771 | lrm: 1.00 | dt: 2118.04ms | tok/sec: 247,534 | bf16_mfu: 60.27 | epoch: 1 pq: 3 rg: 76 | total time: 12.13m | eta: 46.8m
step 00355/01680 (21.13%) | loss: 3.444766 | lrm: 1.00 | dt: 2119.57ms | tok/sec: 247,355 | bf16_mfu: 60.23 | epoch: 1 pq: 3 rg: 77 | total time: 12.17m | eta: 46.7m
step 00356/01680 (21.19%) | loss: 3.451691 | lrm: 1.00 | dt: 2114.94ms | tok/sec: 247,897 | bf16_mfu: 60.36 | epoch: 1 pq: 3 rg: 78 | total time: 12.20m | eta: 46.7m
step 00357/01680 (21.25%) | loss: 3.445832 | lrm: 1.00 | dt: 2119.47ms | tok/sec: 247,367 | bf16_mfu: 60.23 | epoch: 1 pq: 3 rg: 79 | total time: 12.24m | eta: 46.7m
step 00358/01680 (21.31%) | loss: 3.445930 | lrm: 1.00 | dt: 2119.31ms | tok/sec: 247,385 | bf16_mfu: 60.24 | epoch: 1 pq: 3 rg: 80 | total time: 12.27m | eta: 46.6m
step 00359/01680 (21.37%) | loss: 3.442876 | lrm: 1.00 | dt: 2118.95ms | tok/sec: 247,427 | bf16_mfu: 60.25 | epoch: 1 pq: 3 rg: 81 | total time: 12.31m | eta: 46.6m
step 00360/01680 (21.43%) | loss: 3.444627 | lrm: 1.00 | dt: 2116.35ms | tok/sec: 247,731 | bf16_mfu: 60.32 | epoch: 1 pq: 3 rg: 81 | total time: 12.34m | eta: 46.6m
step 00361/01680 (21.49%) | loss: 3.449683 | lrm: 1.00 | dt: 2121.91ms | tok/sec: 247,083 | bf16_mfu: 60.16 | epoch: 1 pq: 4 rg: 0 | total time: 12.38m | eta: 46.5m
step 00362/01680 (21.55%) | loss: 3.443444 | lrm: 1.00 | dt: 2120.46ms | tok/sec: 247,252 | bf16_mfu: 60.20 | epoch: 1 pq: 4 rg: 1 | total time: 12.41m | eta: 46.5m
step 00363/01680 (21.61%) | loss: 3.442156 | lrm: 1.00 | dt: 2119.18ms | tok/sec: 247,401 | bf16_mfu: 60.24 | epoch: 1 pq: 4 rg: 2 | total time: 12.45m | eta: 46.4m
step 00364/01680 (21.67%) | loss: 3.435148 | lrm: 1.00 | dt: 2113.88ms | tok/sec: 248,022 | bf16_mfu: 60.39 | epoch: 1 pq: 4 rg: 3 | total time: 12.48m | eta: 46.4m
step 00365/01680 (21.73%) | loss: 3.427150 | lrm: 1.00 | dt: 2121.62ms | tok/sec: 247,116 | bf16_mfu: 60.17 | epoch: 1 pq: 4 rg: 4 | total time: 12.52m | eta: 46.4m
step 00366/01680 (21.79%) | loss: 3.419491 | lrm: 1.00 | dt: 2120.60ms | tok/sec: 247,236 | bf16_mfu: 60.20 | epoch: 1 pq: 4 rg: 5 | total time: 12.56m | eta: 46.3m
step 00367/01680 (21.85%) | loss: 3.417446 | lrm: 1.00 | dt: 2119.20ms | tok/sec: 247,398 | bf16_mfu: 60.24 | epoch: 1 pq: 4 rg: 6 | total time: 12.59m | eta: 46.3m
step 00368/01680 (21.90%) | loss: 3.416828 | lrm: 1.00 | dt: 2122.45ms | tok/sec: 247,020 | bf16_mfu: 60.15 | epoch: 1 pq: 4 rg: 7 | total time: 12.63m | eta: 46.3m
step 00369/01680 (21.96%) | loss: 3.422800 | lrm: 1.00 | dt: 2122.28ms | tok/sec: 247,040 | bf16_mfu: 60.15 | epoch: 1 pq: 4 rg: 8 | total time: 12.66m | eta: 46.2m
step 00370/01680 (22.02%) | loss: 3.426382 | lrm: 1.00 | dt: 2116.35ms | tok/sec: 247,731 | bf16_mfu: 60.32 | epoch: 1 pq: 4 rg: 9 | total time: 12.70m | eta: 46.2m
step 00371/01680 (22.08%) | loss: 3.425254 | lrm: 1.00 | dt: 2120.58ms | tok/sec: 247,238 | bf16_mfu: 60.20 | epoch: 1 pq: 4 rg: 9 | total time: 12.73m | eta: 46.2m
step 00372/01680 (22.14%) | loss: 3.420590 | lrm: 1.00 | dt: 2123.53ms | tok/sec: 246,894 | bf16_mfu: 60.12 | epoch: 1 pq: 4 rg: 10 | total time: 12.77m | eta: 46.1m
step 00373/01680 (22.20%) | loss: 3.406270 | lrm: 1.00 | dt: 2116.38ms | tok/sec: 247,728 | bf16_mfu: 60.32 | epoch: 1 pq: 4 rg: 11 | total time: 12.80m | eta: 46.1m
step 00374/01680 (22.26%) | loss: 3.406670 | lrm: 1.00 | dt: 2118.46ms | tok/sec: 247,485 | bf16_mfu: 60.26 | epoch: 1 pq: 4 rg: 12 | total time: 12.84m | eta: 46.1m
step 00375/01680 (22.32%) | loss: 3.398851 | lrm: 1.00 | dt: 2121.12ms | tok/sec: 247,174 | bf16_mfu: 60.19 | epoch: 1 pq: 4 rg: 13 | total time: 12.87m | eta: 46.0m
step 00376/01680 (22.38%) | loss: 3.401135 | lrm: 1.00 | dt: 2119.49ms | tok/sec: 247,364 | bf16_mfu: 60.23 | epoch: 1 pq: 4 rg: 14 | total time: 12.91m | eta: 46.0m
step 00377/01680 (22.44%) | loss: 3.401710 | lrm: 1.00 | dt: 2120.22ms | tok/sec: 247,279 | bf16_mfu: 60.21 | epoch: 1 pq: 4 rg: 15 | total time: 12.94m | eta: 46.0m
step 00378/01680 (22.50%) | loss: 3.402376 | lrm: 1.00 | dt: 2121.54ms | tok/sec: 247,125 | bf16_mfu: 60.17 | epoch: 1 pq: 4 rg: 16 | total time: 12.98m | eta: 45.9m
step 00379/01680 (22.56%) | loss: 3.400571 | lrm: 1.00 | dt: 2119.09ms | tok/sec: 247,412 | bf16_mfu: 60.24 | epoch: 1 pq: 4 rg: 17 | total time: 13.01m | eta: 45.9m
step 00380/01680 (22.62%) | loss: 3.403710 | lrm: 1.00 | dt: 2117.93ms | tok/sec: 247,547 | bf16_mfu: 60.28 | epoch: 1 pq: 4 rg: 18 | total time: 13.05m | eta: 45.9m
step 00381/01680 (22.68%) | loss: 3.405839 | lrm: 1.00 | dt: 2122.76ms | tok/sec: 246,983 | bf16_mfu: 60.14 | epoch: 1 pq: 4 rg: 19 | total time: 13.09m | eta: 45.8m
step 00382/01680 (22.74%) | loss: 3.401740 | lrm: 1.00 | dt: 2122.88ms | tok/sec: 246,970 | bf16_mfu: 60.14 | epoch: 1 pq: 4 rg: 19 | total time: 13.12m | eta: 45.8m
step 00383/01680 (22.80%) | loss: 3.409493 | lrm: 1.00 | dt: 2117.77ms | tok/sec: 247,565 | bf16_mfu: 60.28 | epoch: 1 pq: 4 rg: 20 | total time: 13.16m | eta: 45.7m
step 00384/01680 (22.86%) | loss: 3.410334 | lrm: 1.00 | dt: 2121.95ms | tok/sec: 247,078 | bf16_mfu: 60.16 | epoch: 1 pq: 4 rg: 21 | total time: 13.19m | eta: 45.7m
step 00385/01680 (22.92%) | loss: 3.406475 | lrm: 1.00 | dt: 2117.66ms | tok/sec: 247,578 | bf16_mfu: 60.28 | epoch: 1 pq: 4 rg: 22 | total time: 13.23m | eta: 45.7m
step 00386/01680 (22.98%) | loss: 3.406833 | lrm: 1.00 | dt: 2123.82ms | tok/sec: 246,861 | bf16_mfu: 60.11 | epoch: 1 pq: 4 rg: 23 | total time: 13.26m | eta: 45.6m
step 00387/01680 (23.04%) | loss: 3.401245 | lrm: 1.00 | dt: 2117.91ms | tok/sec: 247,550 | bf16_mfu: 60.28 | epoch: 1 pq: 4 rg: 24 | total time: 13.30m | eta: 45.6m
step 00388/01680 (23.10%) | loss: 3.398502 | lrm: 1.00 | dt: 2120.74ms | tok/sec: 247,219 | bf16_mfu: 60.20 | epoch: 1 pq: 4 rg: 25 | total time: 13.33m | eta: 45.6m
step 00389/01680 (23.15%) | loss: 3.401324 | lrm: 1.00 | dt: 2119.70ms | tok/sec: 247,340 | bf16_mfu: 60.23 | epoch: 1 pq: 4 rg: 26 | total time: 13.37m | eta: 45.5m
step 00390/01680 (23.21%) | loss: 3.400578 | lrm: 1.00 | dt: 2116.94ms | tok/sec: 247,662 | bf16_mfu: 60.30 | epoch: 1 pq: 4 rg: 27 | total time: 13.40m | eta: 45.5m
step 00391/01680 (23.27%) | loss: 3.397132 | lrm: 1.00 | dt: 2114.34ms | tok/sec: 247,967 | bf16_mfu: 60.38 | epoch: 1 pq: 4 rg: 28 | total time: 13.44m | eta: 45.5m
step 00392/01680 (23.33%) | loss: 3.395710 | lrm: 1.00 | dt: 2119.74ms | tok/sec: 247,335 | bf16_mfu: 60.22 | epoch: 1 pq: 4 rg: 29 | total time: 13.47m | eta: 45.4m
step 00393/01680 (23.39%) | loss: 3.390013 | lrm: 1.00 | dt: 2113.18ms | tok/sec: 248,103 | bf16_mfu: 60.41 | epoch: 1 pq: 4 rg: 30 | total time: 13.51m | eta: 45.4m
step 00394/01680 (23.45%) | loss: 3.393539 | lrm: 1.00 | dt: 2118.14ms | tok/sec: 247,522 | bf16_mfu: 60.27 | epoch: 1 pq: 4 rg: 31 | total time: 13.54m | eta: 45.4m
step 00395/01680 (23.51%) | loss: 3.392941 | lrm: 1.00 | dt: 2118.87ms | tok/sec: 247,438 | bf16_mfu: 60.25 | epoch: 1 pq: 4 rg: 32 | total time: 13.58m | eta: 45.3m
step 00396/01680 (23.57%) | loss: 3.392633 | lrm: 1.00 | dt: 2120.67ms | tok/sec: 247,226 | bf16_mfu: 60.20 | epoch: 1 pq: 4 rg: 32 | total time: 13.62m | eta: 45.3m
step 00397/01680 (23.63%) | loss: 3.395791 | lrm: 1.00 | dt: 2123.06ms | tok/sec: 246,949 | bf16_mfu: 60.13 | epoch: 1 pq: 4 rg: 33 | total time: 13.65m | eta: 45.3m
step 00398/01680 (23.69%) | loss: 3.385130 | lrm: 1.00 | dt: 2115.68ms | tok/sec: 247,810 | bf16_mfu: 60.34 | epoch: 1 pq: 4 rg: 34 | total time: 13.69m | eta: 45.2m
step 00399/01680 (23.75%) | loss: 3.390062 | lrm: 1.00 | dt: 2121.58ms | tok/sec: 247,121 | bf16_mfu: 60.17 | epoch: 1 pq: 4 rg: 35 | total time: 13.72m | eta: 45.2m
step 00400/01680 (23.81%) | loss: 3.388583 | lrm: 1.00 | dt: 2114.95ms | tok/sec: 247,896 | bf16_mfu: 60.36 | epoch: 1 pq: 4 rg: 36 | total time: 13.76m | eta: 45.1m
step 00401/01680 (23.87%) | loss: 3.380604 | lrm: 1.00 | dt: 2123.22ms | tok/sec: 246,930 | bf16_mfu: 60.13 | epoch: 1 pq: 4 rg: 37 | total time: 13.79m | eta: 45.1m
step 00402/01680 (23.93%) | loss: 3.386125 | lrm: 1.00 | dt: 2123.78ms | tok/sec: 246,865 | bf16_mfu: 60.11 | epoch: 1 pq: 4 rg: 38 | total time: 13.83m | eta: 45.1m
step 00403/01680 (23.99%) | loss: 3.385430 | lrm: 1.00 | dt: 2118.52ms | tok/sec: 247,478 | bf16_mfu: 60.26 | epoch: 1 pq: 4 rg: 39 | total time: 13.86m | eta: 45.0m
step 00404/01680 (24.05%) | loss: 3.382165 | lrm: 1.00 | dt: 2115.73ms | tok/sec: 247,805 | bf16_mfu: 60.34 | epoch: 1 pq: 4 rg: 40 | total time: 13.90m | eta: 45.0m
step 00405/01680 (24.11%) | loss: 3.387245 | lrm: 1.00 | dt: 2119.96ms | tok/sec: 247,310 | bf16_mfu: 60.22 | epoch: 1 pq: 4 rg: 41 | total time: 13.93m | eta: 45.0m
step 00406/01680 (24.17%) | loss: 3.393260 | lrm: 1.00 | dt: 2121.29ms | tok/sec: 247,155 | bf16_mfu: 60.18 | epoch: 1 pq: 4 rg: 42 | total time: 13.97m | eta: 44.9m
step 00407/01680 (24.23%) | loss: 3.394956 | lrm: 1.00 | dt: 2117.48ms | tok/sec: 247,600 | bf16_mfu: 60.29 | epoch: 1 pq: 4 rg: 43 | total time: 14.00m | eta: 44.9m
step 00408/01680 (24.29%) | loss: 3.392169 | lrm: 1.00 | dt: 2125.19ms | tok/sec: 246,701 | bf16_mfu: 60.07 | epoch: 1 pq: 4 rg: 44 | total time: 14.04m | eta: 44.9m
step 00409/01680 (24.35%) | loss: 3.388251 | lrm: 1.00 | dt: 2118.23ms | tok/sec: 247,512 | bf16_mfu: 60.27 | epoch: 1 pq: 4 rg: 45 | total time: 14.07m | eta: 44.8m
step 00410/01680 (24.40%) | loss: 3.389840 | lrm: 1.00 | dt: 2118.26ms | tok/sec: 247,508 | bf16_mfu: 60.27 | epoch: 1 pq: 4 rg: 45 | total time: 14.11m | eta: 44.8m
step 00411/01680 (24.46%) | loss: 3.386902 | lrm: 1.00 | dt: 2114.99ms | tok/sec: 247,891 | bf16_mfu: 60.36 | epoch: 1 pq: 4 rg: 46 | total time: 14.15m | eta: 44.8m
step 00412/01680 (24.52%) | loss: 3.402996 | lrm: 1.00 | dt: 2125.00ms | tok/sec: 246,723 | bf16_mfu: 60.08 | epoch: 1 pq: 4 rg: 47 | total time: 14.18m | eta: 44.7m
step 00413/01680 (24.58%) | loss: 3.403066 | lrm: 1.00 | dt: 2125.29ms | tok/sec: 246,690 | bf16_mfu: 60.07 | epoch: 1 pq: 4 rg: 48 | total time: 14.22m | eta: 44.7m
step 00414/01680 (24.64%) | loss: 3.398905 | lrm: 1.00 | dt: 2120.21ms | tok/sec: 247,280 | bf16_mfu: 60.21 | epoch: 1 pq: 4 rg: 49 | total time: 14.25m | eta: 44.7m
step 00415/01680 (24.70%) | loss: 3.402154 | lrm: 1.00 | dt: 2120.15ms | tok/sec: 247,287 | bf16_mfu: 60.21 | epoch: 1 pq: 4 rg: 50 | total time: 14.29m | eta: 44.6m
step 00416/01680 (24.76%) | loss: 3.394133 | lrm: 1.00 | dt: 2120.56ms | tok/sec: 247,240 | bf16_mfu: 60.20 | epoch: 1 pq: 4 rg: 51 | total time: 14.32m | eta: 44.6m
step 00417/01680 (24.82%) | loss: 3.390164 | lrm: 1.00 | dt: 2118.04ms | tok/sec: 247,534 | bf16_mfu: 60.27 | epoch: 1 pq: 4 rg: 52 | total time: 14.36m | eta: 44.6m
step 00418/01680 (24.88%) | loss: 3.386757 | lrm: 1.00 | dt: 2116.85ms | tok/sec: 247,674 | bf16_mfu: 60.31 | epoch: 1 pq: 4 rg: 53 | total time: 14.39m | eta: 44.5m
step 00419/01680 (24.94%) | loss: 3.377259 | lrm: 1.00 | dt: 2116.93ms | tok/sec: 247,664 | bf16_mfu: 60.30 | epoch: 1 pq: 4 rg: 54 | total time: 14.43m | eta: 44.5m
step 00420/01680 (25.00%) | loss: 3.377351 | lrm: 1.00 | dt: 2117.62ms | tok/sec: 247,583 | bf16_mfu: 60.28 | epoch: 1 pq: 4 rg: 55 | total time: 14.46m | eta: 44.4m
step 00421/01680 (25.06%) | loss: 3.371872 | lrm: 1.00 | dt: 2125.19ms | tok/sec: 246,701 | bf16_mfu: 60.07 | epoch: 1 pq: 4 rg: 56 | total time: 14.50m | eta: 44.4m
step 00422/01680 (25.12%) | loss: 3.378039 | lrm: 1.00 | dt: 2118.02ms | tok/sec: 247,536 | bf16_mfu: 60.27 | epoch: 1 pq: 4 rg: 56 | total time: 14.53m | eta: 44.4m
step 00423/01680 (25.18%) | loss: 3.373167 | lrm: 1.00 | dt: 2123.19ms | tok/sec: 246,933 | bf16_mfu: 60.13 | epoch: 1 pq: 4 rg: 57 | total time: 14.57m | eta: 44.3m
step 00424/01680 (25.24%) | loss: 3.364376 | lrm: 1.00 | dt: 2118.13ms | tok/sec: 247,524 | bf16_mfu: 60.27 | epoch: 1 pq: 4 rg: 58 | total time: 14.60m | eta: 44.3m
step 00425/01680 (25.30%) | loss: 3.367308 | lrm: 1.00 | dt: 2118.01ms | tok/sec: 247,537 | bf16_mfu: 60.27 | epoch: 1 pq: 4 rg: 59 | total time: 14.64m | eta: 44.3m
step 00426/01680 (25.36%) | loss: 3.368187 | lrm: 1.00 | dt: 2119.50ms | tok/sec: 247,364 | bf16_mfu: 60.23 | epoch: 1 pq: 4 rg: 60 | total time: 14.68m | eta: 44.2m
step 00427/01680 (25.42%) | loss: 3.367385 | lrm: 1.00 | dt: 2121.23ms | tok/sec: 247,161 | bf16_mfu: 60.18 | epoch: 1 pq: 4 rg: 61 | total time: 14.71m | eta: 44.2m
step 00428/01680 (25.48%) | loss: 3.373908 | lrm: 1.00 | dt: 2123.19ms | tok/sec: 246,933 | bf16_mfu: 60.13 | epoch: 1 pq: 4 rg: 62 | total time: 14.75m | eta: 44.2m
step 00429/01680 (25.54%) | loss: 3.378868 | lrm: 1.00 | dt: 2120.08ms | tok/sec: 247,296 | bf16_mfu: 60.21 | epoch: 1 pq: 4 rg: 63 | total time: 14.78m | eta: 44.1m
step 00430/01680 (25.60%) | loss: 3.379916 | lrm: 1.00 | dt: 2122.75ms | tok/sec: 246,985 | bf16_mfu: 60.14 | epoch: 1 pq: 4 rg: 64 | total time: 14.82m | eta: 44.1m
step 00431/01680 (25.65%) | loss: 3.373954 | lrm: 1.00 | dt: 2117.50ms | tok/sec: 247,597 | bf16_mfu: 60.29 | epoch: 1 pq: 4 rg: 65 | total time: 14.85m | eta: 44.1m
step 00432/01680 (25.71%) | loss: 3.374640 | lrm: 1.00 | dt: 2115.99ms | tok/sec: 247,774 | bf16_mfu: 60.33 | epoch: 1 pq: 4 rg: 66 | total time: 14.89m | eta: 44.0m
step 00433/01680 (25.77%) | loss: 3.377556 | lrm: 1.00 | dt: 2115.67ms | tok/sec: 247,811 | bf16_mfu: 60.34 | epoch: 1 pq: 4 rg: 67 | total time: 14.92m | eta: 44.0m
step 00434/01680 (25.83%) | loss: 3.375285 | lrm: 1.00 | dt: 2123.84ms | tok/sec: 246,858 | bf16_mfu: 60.11 | epoch: 1 pq: 4 rg: 68 | total time: 14.96m | eta: 44.0m
step 00435/01680 (25.89%) | loss: 3.375505 | lrm: 1.00 | dt: 2126.73ms | tok/sec: 246,522 | bf16_mfu: 60.03 | epoch: 1 pq: 4 rg: 69 | total time: 14.99m | eta: 43.9m
step 00436/01680 (25.95%) | loss: 3.370485 | lrm: 1.00 | dt: 2124.31ms | tok/sec: 246,803 | bf16_mfu: 60.09 | epoch: 1 pq: 4 rg: 69 | total time: 15.03m | eta: 43.9m
step 00437/01680 (26.01%) | loss: 3.374053 | lrm: 1.00 | dt: 2117.68ms | tok/sec: 247,576 | bf16_mfu: 60.28 | epoch: 1 pq: 4 rg: 70 | total time: 15.06m | eta: 43.9m
step 00438/01680 (26.07%) | loss: 3.369535 | lrm: 1.00 | dt: 2115.89ms | tok/sec: 247,786 | bf16_mfu: 60.33 | epoch: 1 pq: 4 rg: 71 | total time: 15.10m | eta: 43.8m
step 00439/01680 (26.13%) | loss: 3.360694 | lrm: 1.00 | dt: 2121.04ms | tok/sec: 247,184 | bf16_mfu: 60.19 | epoch: 1 pq: 4 rg: 72 | total time: 15.13m | eta: 43.8m
step 00440/01680 (26.19%) | loss: 3.357665 | lrm: 1.00 | dt: 2125.45ms | tok/sec: 246,670 | bf16_mfu: 60.06 | epoch: 1 pq: 4 rg: 73 | total time: 15.17m | eta: 43.7m
step 00441/01680 (26.25%) | loss: 3.347104 | lrm: 1.00 | dt: 2124.08ms | tok/sec: 246,830 | bf16_mfu: 60.10 | epoch: 1 pq: 4 rg: 74 | total time: 15.21m | eta: 43.7m
step 00442/01680 (26.31%) | loss: 3.347250 | lrm: 1.00 | dt: 2122.61ms | tok/sec: 247,001 | bf16_mfu: 60.14 | epoch: 1 pq: 4 rg: 75 | total time: 15.24m | eta: 43.7m
step 00443/01680 (26.37%) | loss: 3.342347 | lrm: 1.00 | dt: 2117.86ms | tok/sec: 247,555 | bf16_mfu: 60.28 | epoch: 1 pq: 4 rg: 76 | total time: 15.28m | eta: 43.6m
step 00444/01680 (26.43%) | loss: 3.349170 | lrm: 1.00 | dt: 2121.54ms | tok/sec: 247,126 | bf16_mfu: 60.17 | epoch: 1 pq: 4 rg: 77 | total time: 15.31m | eta: 43.6m
step 00445/01680 (26.49%) | loss: 3.347029 | lrm: 1.00 | dt: 2126.27ms | tok/sec: 246,575 | bf16_mfu: 60.04 | epoch: 1 pq: 4 rg: 78 | total time: 15.35m | eta: 43.6m
step 00446/01680 (26.55%) | loss: 3.349026 | lrm: 1.00 | dt: 2118.74ms | tok/sec: 247,452 | bf16_mfu: 60.25 | epoch: 1 pq: 4 rg: 79 | total time: 15.38m | eta: 43.5m
step 00447/01680 (26.61%) | loss: 3.348122 | lrm: 1.00 | dt: 2131.66ms | tok/sec: 245,952 | bf16_mfu: 59.89 | epoch: 1 pq: 4 rg: 80 | total time: 15.42m | eta: 43.5m
step 00448/01680 (26.67%) | loss: 3.346115 | lrm: 1.00 | dt: 2122.95ms | tok/sec: 246,962 | bf16_mfu: 60.13 | epoch: 1 pq: 4 rg: 80 | total time: 15.45m | eta: 43.5m
step 00449/01680 (26.73%) | loss: 3.344866 | lrm: 1.00 | dt: 2120.87ms | tok/sec: 247,203 | bf16_mfu: 60.19 | epoch: 1 pq: 4 rg: 81 | total time: 15.49m | eta: 43.4m
step 00450/01680 (26.79%) | loss: 3.343161 | lrm: 1.00 | dt: 2117.97ms | tok/sec: 247,543 | bf16_mfu: 60.27 | epoch: 1 pq: 5 rg: 0 | total time: 15.52m | eta: 43.4m
step 00451/01680 (26.85%) | loss: 3.347373 | lrm: 1.00 | dt: 2120.38ms | tok/sec: 247,261 | bf16_mfu: 60.21 | epoch: 1 pq: 5 rg: 1 | total time: 15.56m | eta: 43.4m
step 00452/01680 (26.90%) | loss: 3.339731 | lrm: 1.00 | dt: 2118.41ms | tok/sec: 247,490 | bf16_mfu: 60.26 | epoch: 1 pq: 5 rg: 2 | total time: 15.59m | eta: 43.3m
step 00453/01680 (26.96%) | loss: 3.341486 | lrm: 1.00 | dt: 2128.26ms | tok/sec: 246,345 | bf16_mfu: 59.98 | epoch: 1 pq: 5 rg: 3 | total time: 15.63m | eta: 43.3m
step 00454/01680 (27.02%) | loss: 3.352156 | lrm: 1.00 | dt: 2122.41ms | tok/sec: 247,024 | bf16_mfu: 60.15 | epoch: 1 pq: 5 rg: 4 | total time: 15.67m | eta: 43.3m
step 00455/01680 (27.08%) | loss: 3.335830 | lrm: 1.00 | dt: 2122.72ms | tok/sec: 246,988 | bf16_mfu: 60.14 | epoch: 1 pq: 5 rg: 5 | total time: 15.70m | eta: 43.2m
step 00456/01680 (27.14%) | loss: 3.336049 | lrm: 1.00 | dt: 2121.33ms | tok/sec: 247,150 | bf16_mfu: 60.18 | epoch: 1 pq: 5 rg: 6 | total time: 15.74m | eta: 43.2m
step 00457/01680 (27.20%) | loss: 3.335054 | lrm: 1.00 | dt: 2121.92ms | tok/sec: 247,082 | bf16_mfu: 60.16 | epoch: 1 pq: 5 rg: 7 | total time: 15.77m | eta: 43.2m
step 00458/01680 (27.26%) | loss: 3.327828 | lrm: 1.00 | dt: 2122.86ms | tok/sec: 246,972 | bf16_mfu: 60.14 | epoch: 1 pq: 5 rg: 8 | total time: 15.81m | eta: 43.1m
step 00459/01680 (27.32%) | loss: 3.324735 | lrm: 1.00 | dt: 2121.16ms | tok/sec: 247,170 | bf16_mfu: 60.18 | epoch: 1 pq: 5 rg: 8 | total time: 15.84m | eta: 43.1m
step 00460/01680 (27.38%) | loss: 3.327599 | lrm: 1.00 | dt: 2124.98ms | tok/sec: 246,726 | bf16_mfu: 60.08 | epoch: 1 pq: 5 rg: 9 | total time: 15.88m | eta: 43.0m
step 00461/01680 (27.44%) | loss: 3.332620 | lrm: 1.00 | dt: 2120.89ms | tok/sec: 247,201 | bf16_mfu: 60.19 | epoch: 1 pq: 5 rg: 10 | total time: 15.91m | eta: 43.0m
step 00462/01680 (27.50%) | loss: 3.333575 | lrm: 1.00 | dt: 2118.26ms | tok/sec: 247,509 | bf16_mfu: 60.27 | epoch: 1 pq: 5 rg: 11 | total time: 15.95m | eta: 43.0m
step 00463/01680 (27.56%) | loss: 3.330648 | lrm: 1.00 | dt: 2121.62ms | tok/sec: 247,116 | bf16_mfu: 60.17 | epoch: 1 pq: 5 rg: 12 | total time: 15.98m | eta: 42.9m
step 00464/01680 (27.62%) | loss: 3.332606 | lrm: 1.00 | dt: 2120.07ms | tok/sec: 247,297 | bf16_mfu: 60.22 | epoch: 1 pq: 5 rg: 13 | total time: 16.02m | eta: 42.9m
step 00465/01680 (27.68%) | loss: 3.333248 | lrm: 1.00 | dt: 2119.43ms | tok/sec: 247,372 | bf16_mfu: 60.23 | epoch: 1 pq: 5 rg: 14 | total time: 16.05m | eta: 42.9m
step 00466/01680 (27.74%) | loss: 3.338557 | lrm: 1.00 | dt: 2121.32ms | tok/sec: 247,151 | bf16_mfu: 60.18 | epoch: 1 pq: 5 rg: 15 | total time: 16.09m | eta: 42.8m
step 00467/01680 (27.80%) | loss: 3.343427 | lrm: 1.00 | dt: 2121.44ms | tok/sec: 247,138 | bf16_mfu: 60.18 | epoch: 1 pq: 5 rg: 16 | total time: 16.12m | eta: 42.8m
step 00468/01680 (27.86%) | loss: 3.345042 | lrm: 1.00 | dt: 2123.11ms | tok/sec: 246,943 | bf16_mfu: 60.13 | epoch: 1 pq: 5 rg: 17 | total time: 16.16m | eta: 42.8m
step 00469/01680 (27.92%) | loss: 3.342306 | lrm: 1.00 | dt: 2120.38ms | tok/sec: 247,261 | bf16_mfu: 60.21 | epoch: 1 pq: 5 rg: 18 | total time: 16.20m | eta: 42.7m
step 00470/01680 (27.98%) | loss: 3.330175 | lrm: 1.00 | dt: 2119.20ms | tok/sec: 247,399 | bf16_mfu: 60.24 | epoch: 1 pq: 5 rg: 19 | total time: 16.23m | eta: 42.7m
step 00471/01680 (28.04%) | loss: 3.334042 | lrm: 1.00 | dt: 2119.46ms | tok/sec: 247,368 | bf16_mfu: 60.23 | epoch: 1 pq: 5 rg: 19 | total time: 16.27m | eta: 42.7m
step 00472/01680 (28.10%) | loss: 3.337251 | lrm: 1.00 | dt: 2120.72ms | tok/sec: 247,221 | bf16_mfu: 60.20 | epoch: 1 pq: 5 rg: 20 | total time: 16.30m | eta: 42.6m
step 00473/01680 (28.15%) | loss: 3.337012 | lrm: 1.00 | dt: 2119.75ms | tok/sec: 247,334 | bf16_mfu: 60.22 | epoch: 1 pq: 5 rg: 21 | total time: 16.34m | eta: 42.6m
step 00474/01680 (28.21%) | loss: 3.334290 | lrm: 1.00 | dt: 2116.63ms | tok/sec: 247,698 | bf16_mfu: 60.31 | epoch: 1 pq: 5 rg: 22 | total time: 16.37m | eta: 42.6m
step 00475/01680 (28.27%) | loss: 3.328124 | lrm: 1.00 | dt: 2121.38ms | tok/sec: 247,144 | bf16_mfu: 60.18 | epoch: 1 pq: 5 rg: 23 | total time: 16.41m | eta: 42.5m
step 00476/01680 (28.33%) | loss: 3.332772 | lrm: 1.00 | dt: 2119.21ms | tok/sec: 247,398 | bf16_mfu: 60.24 | epoch: 1 pq: 5 rg: 24 | total time: 16.44m | eta: 42.5m
step 00477/01680 (28.39%) | loss: 3.328038 | lrm: 1.00 | dt: 2126.40ms | tok/sec: 246,561 | bf16_mfu: 60.04 | epoch: 1 pq: 5 rg: 25 | total time: 16.48m | eta: 42.4m
step 00478/01680 (28.45%) | loss: 3.331495 | lrm: 1.00 | dt: 2121.26ms | tok/sec: 247,158 | bf16_mfu: 60.18 | epoch: 1 pq: 5 rg: 26 | total time: 16.51m | eta: 42.4m
step 00479/01680 (28.51%) | loss: 3.335409 | lrm: 1.00 | dt: 2123.35ms | tok/sec: 246,915 | bf16_mfu: 60.12 | epoch: 1 pq: 5 rg: 27 | total time: 16.55m | eta: 42.4m
step 00480/01680 (28.57%) | loss: 3.341254 | lrm: 1.00 | dt: 2121.64ms | tok/sec: 247,114 | bf16_mfu: 60.17 | epoch: 1 pq: 5 rg: 28 | total time: 16.58m | eta: 42.3m
step 00481/01680 (28.63%) | loss: 3.340807 | lrm: 1.00 | dt: 2123.08ms | tok/sec: 246,946 | bf16_mfu: 60.13 | epoch: 1 pq: 5 rg: 29 | total time: 16.62m | eta: 42.3m
step 00482/01680 (28.69%) | loss: 3.334016 | lrm: 1.00 | dt: 2118.87ms | tok/sec: 247,437 | bf16_mfu: 60.25 | epoch: 1 pq: 5 rg: 30 | total time: 16.66m | eta: 42.3m
step 00483/01680 (28.75%) | loss: 3.330483 | lrm: 1.00 | dt: 2120.51ms | tok/sec: 247,246 | bf16_mfu: 60.20 | epoch: 1 pq: 5 rg: 30 | total time: 16.69m | eta: 42.2m
step 00484/01680 (28.81%) | loss: 3.326542 | lrm: 1.00 | dt: 2112.90ms | tok/sec: 248,137 | bf16_mfu: 60.42 | epoch: 1 pq: 5 rg: 31 | total time: 16.73m | eta: 42.2m
step 00485/01680 (28.87%) | loss: 3.333293 | lrm: 1.00 | dt: 2121.06ms | tok/sec: 247,182 | bf16_mfu: 60.19 | epoch: 1 pq: 5 rg: 32 | total time: 16.76m | eta: 42.2m
step 00486/01680 (28.93%) | loss: 3.326907 | lrm: 1.00 | dt: 2112.71ms | tok/sec: 248,158 | bf16_mfu: 60.42 | epoch: 1 pq: 5 rg: 33 | total time: 16.80m | eta: 42.1m
step 00487/01680 (28.99%) | loss: 3.324513 | lrm: 1.00 | dt: 2122.47ms | tok/sec: 247,017 | bf16_mfu: 60.15 | epoch: 1 pq: 5 rg: 34 | total time: 16.83m | eta: 42.1m
step 00488/01680 (29.05%) | loss: 3.327926 | lrm: 1.00 | dt: 2119.57ms | tok/sec: 247,355 | bf16_mfu: 60.23 | epoch: 1 pq: 5 rg: 35 | total time: 16.87m | eta: 42.1m
step 00489/01680 (29.11%) | loss: 3.325691 | lrm: 1.00 | dt: 2121.62ms | tok/sec: 247,116 | bf16_mfu: 60.17 | epoch: 1 pq: 5 rg: 36 | total time: 16.90m | eta: 42.0m
step 00490/01680 (29.17%) | loss: 3.317556 | lrm: 1.00 | dt: 2120.09ms | tok/sec: 247,295 | bf16_mfu: 60.21 | epoch: 1 pq: 5 rg: 37 | total time: 16.94m | eta: 42.0m
step 00491/01680 (29.23%) | loss: 3.317185 | lrm: 1.00 | dt: 2120.22ms | tok/sec: 247,280 | bf16_mfu: 60.21 | epoch: 1 pq: 5 rg: 38 | total time: 16.97m | eta: 42.0m
step 00492/01680 (29.29%) | loss: 3.309935 | lrm: 1.00 | dt: 2119.32ms | tok/sec: 247,384 | bf16_mfu: 60.24 | epoch: 1 pq: 5 rg: 39 | total time: 17.01m | eta: 41.9m
step 00493/01680 (29.35%) | loss: 3.304774 | lrm: 1.00 | dt: 2116.75ms | tok/sec: 247,685 | bf16_mfu: 60.31 | epoch: 1 pq: 5 rg: 40 | total time: 17.04m | eta: 41.9m
step 00494/01680 (29.40%) | loss: 3.303768 | lrm: 1.00 | dt: 2118.90ms | tok/sec: 247,433 | bf16_mfu: 60.25 | epoch: 1 pq: 5 rg: 41 | total time: 17.08m | eta: 41.9m
step 00495/01680 (29.46%) | loss: 3.311729 | lrm: 1.00 | dt: 2121.44ms | tok/sec: 247,137 | bf16_mfu: 60.18 | epoch: 1 pq: 5 rg: 42 | total time: 17.11m | eta: 41.8m
step 00496/01680 (29.52%) | loss: 3.307675 | lrm: 1.00 | dt: 2119.52ms | tok/sec: 247,361 | bf16_mfu: 60.23 | epoch: 1 pq: 5 rg: 43 | total time: 17.15m | eta: 41.8m
step 00497/01680 (29.58%) | loss: 3.306621 | lrm: 1.00 | dt: 2122.87ms | tok/sec: 246,970 | bf16_mfu: 60.14 | epoch: 1 pq: 5 rg: 43 | total time: 17.19m | eta: 41.7m
step 00498/01680 (29.64%) | loss: 3.304436 | lrm: 1.00 | dt: 2116.68ms | tok/sec: 247,694 | bf16_mfu: 60.31 | epoch: 1 pq: 5 rg: 44 | total time: 17.22m | eta: 41.7m
step 00499/01680 (29.70%) | loss: 3.305557 | lrm: 1.00 | dt: 2120.43ms | tok/sec: 247,255 | bf16_mfu: 60.20 | epoch: 1 pq: 5 rg: 45 | total time: 17.26m | eta: 41.7m
Step 00500 | Validation bpb: 1.007294
step 00500/01680 (29.76%) | loss: 3.298925 | lrm: 1.00 | dt: 2123.44ms | tok/sec: 246,905 | bf16_mfu: 60.12 | epoch: 1 pq: 5 rg: 46 | total time: 17.29m | eta: 41.6m
step 00501/01680 (29.82%) | loss: 3.290668 | lrm: 1.00 | dt: 2119.71ms | tok/sec: 247,340 | bf16_mfu: 60.23 | epoch: 1 pq: 5 rg: 47 | total time: 17.33m | eta: 41.6m
step 00502/01680 (29.88%) | loss: 3.301098 | lrm: 1.00 | dt: 2120.94ms | tok/sec: 247,196 | bf16_mfu: 60.19 | epoch: 1 pq: 5 rg: 48 | total time: 17.36m | eta: 41.6m
step 00503/01680 (29.94%) | loss: 3.295358 | lrm: 1.00 | dt: 2117.65ms | tok/sec: 247,580 | bf16_mfu: 60.28 | epoch: 1 pq: 5 rg: 49 | total time: 17.40m | eta: 41.5m
step 00504/01680 (30.00%) | loss: 3.291901 | lrm: 1.00 | dt: 2122.68ms | tok/sec: 246,993 | bf16_mfu: 60.14 | epoch: 1 pq: 5 rg: 50 | total time: 17.43m | eta: 41.5m
step 00505/01680 (30.06%) | loss: 3.297071 | lrm: 1.00 | dt: 2123.91ms | tok/sec: 246,850 | bf16_mfu: 60.11 | epoch: 1 pq: 5 rg: 51 | total time: 17.47m | eta: 41.5m
step 00506/01680 (30.12%) | loss: 3.297808 | lrm: 1.00 | dt: 2121.75ms | tok/sec: 247,101 | bf16_mfu: 60.17 | epoch: 1 pq: 5 rg: 52 | total time: 17.50m | eta: 41.4m
step 00507/01680 (30.18%) | loss: 3.296379 | lrm: 1.00 | dt: 2124.95ms | tok/sec: 246,729 | bf16_mfu: 60.08 | epoch: 1 pq: 5 rg: 53 | total time: 17.54m | eta: 41.4m
step 00508/01680 (30.24%) | loss: 3.305816 | lrm: 1.00 | dt: 2121.47ms | tok/sec: 247,134 | bf16_mfu: 60.18 | epoch: 1 pq: 5 rg: 54 | total time: 17.57m | eta: 41.4m
step 00509/01680 (30.30%) | loss: 3.301927 | lrm: 1.00 | dt: 2116.09ms | tok/sec: 247,763 | bf16_mfu: 60.33 | epoch: 1 pq: 5 rg: 54 | total time: 17.61m | eta: 41.3m
step 00510/01680 (30.36%) | loss: 3.305009 | lrm: 1.00 | dt: 2117.24ms | tok/sec: 247,628 | bf16_mfu: 60.30 | epoch: 1 pq: 5 rg: 55 | total time: 17.64m | eta: 41.3m
step 00511/01680 (30.42%) | loss: 3.294037 | lrm: 1.00 | dt: 2119.52ms | tok/sec: 247,361 | bf16_mfu: 60.23 | epoch: 1 pq: 5 rg: 56 | total time: 17.68m | eta: 41.3m
step 00512/01680 (30.48%) | loss: 3.295937 | lrm: 1.00 | dt: 2127.45ms | tok/sec: 246,439 | bf16_mfu: 60.01 | epoch: 1 pq: 5 rg: 57 | total time: 17.72m | eta: 41.2m
step 00513/01680 (30.54%) | loss: 3.301923 | lrm: 1.00 | dt: 2122.82ms | tok/sec: 246,977 | bf16_mfu: 60.14 | epoch: 1 pq: 5 rg: 58 | total time: 17.75m | eta: 41.2m
step 00514/01680 (30.60%) | loss: 3.306625 | lrm: 1.00 | dt: 2124.47ms | tok/sec: 246,785 | bf16_mfu: 60.09 | epoch: 1 pq: 5 rg: 59 | total time: 17.79m | eta: 41.1m
step 00515/01680 (30.65%) | loss: 3.303699 | lrm: 1.00 | dt: 2120.07ms | tok/sec: 247,298 | bf16_mfu: 60.22 | epoch: 1 pq: 5 rg: 60 | total time: 17.82m | eta: 41.1m
step 00516/01680 (30.71%) | loss: 3.305897 | lrm: 1.00 | dt: 2122.52ms | tok/sec: 247,011 | bf16_mfu: 60.15 | epoch: 1 pq: 5 rg: 61 | total time: 17.86m | eta: 41.1m
step 00517/01680 (30.77%) | loss: 3.306723 | lrm: 1.00 | dt: 2122.18ms | tok/sec: 247,052 | bf16_mfu: 60.16 | epoch: 1 pq: 5 rg: 62 | total time: 17.89m | eta: 41.0m
step 00518/01680 (30.83%) | loss: 3.307369 | lrm: 1.00 | dt: 2118.98ms | tok/sec: 247,425 | bf16_mfu: 60.25 | epoch: 1 pq: 5 rg: 63 | total time: 17.93m | eta: 41.0m
step 00519/01680 (30.89%) | loss: 3.309407 | lrm: 1.00 | dt: 2123.90ms | tok/sec: 246,851 | bf16_mfu: 60.11 | epoch: 1 pq: 5 rg: 64 | total time: 17.96m | eta: 41.0m
step 00520/01680 (30.95%) | loss: 3.306976 | lrm: 1.00 | dt: 2125.96ms | tok/sec: 246,612 | bf16_mfu: 60.05 | epoch: 1 pq: 5 rg: 65 | total time: 18.00m | eta: 40.9m
step 00521/01680 (31.01%) | loss: 3.305347 | lrm: 1.00 | dt: 2121.93ms | tok/sec: 247,080 | bf16_mfu: 60.16 | epoch: 1 pq: 5 rg: 65 | total time: 18.03m | eta: 40.9m
step 00522/01680 (31.07%) | loss: 3.306349 | lrm: 1.00 | dt: 2122.98ms | tok/sec: 246,958 | bf16_mfu: 60.13 | epoch: 1 pq: 5 rg: 66 | total time: 18.07m | eta: 40.9m
step 00523/01680 (31.13%) | loss: 3.299468 | lrm: 1.00 | dt: 2123.68ms | tok/sec: 246,876 | bf16_mfu: 60.11 | epoch: 1 pq: 5 rg: 67 | total time: 18.10m | eta: 40.8m
step 00524/01680 (31.19%) | loss: 3.290055 | lrm: 1.00 | dt: 2118.15ms | tok/sec: 247,521 | bf16_mfu: 60.27 | epoch: 1 pq: 5 rg: 68 | total time: 18.14m | eta: 40.8m
step 00525/01680 (31.25%) | loss: 3.294257 | lrm: 1.00 | dt: 2124.31ms | tok/sec: 246,803 | bf16_mfu: 60.09 | epoch: 1 pq: 5 rg: 69 | total time: 18.18m | eta: 40.8m
step 00526/01680 (31.31%) | loss: 3.299220 | lrm: 1.00 | dt: 2120.99ms | tok/sec: 247,189 | bf16_mfu: 60.19 | epoch: 1 pq: 5 rg: 70 | total time: 18.21m | eta: 40.7m
step 00527/01680 (31.37%) | loss: 3.304082 | lrm: 1.00 | dt: 2119.90ms | tok/sec: 247,316 | bf16_mfu: 60.22 | epoch: 1 pq: 5 rg: 71 | total time: 18.25m | eta: 40.7m
step 00528/01680 (31.43%) | loss: 3.293128 | lrm: 1.00 | dt: 2118.12ms | tok/sec: 247,525 | bf16_mfu: 60.27 | epoch: 1 pq: 5 rg: 72 | total time: 18.28m | eta: 40.7m
step 00529/01680 (31.49%) | loss: 3.295956 | lrm: 1.00 | dt: 2125.16ms | tok/sec: 246,705 | bf16_mfu: 60.07 | epoch: 1 pq: 5 rg: 73 | total time: 18.32m | eta: 40.6m
step 00530/01680 (31.55%) | loss: 3.293582 | lrm: 1.00 | dt: 2119.47ms | tok/sec: 247,367 | bf16_mfu: 60.23 | epoch: 1 pq: 5 rg: 74 | total time: 18.35m | eta: 40.6m
step 00531/01680 (31.61%) | loss: 3.293029 | lrm: 1.00 | dt: 2127.46ms | tok/sec: 246,438 | bf16_mfu: 60.01 | epoch: 1 pq: 5 rg: 75 | total time: 18.39m | eta: 40.6m
step 00532/01680 (31.67%) | loss: 3.286432 | lrm: 1.00 | dt: 2120.20ms | tok/sec: 247,282 | bf16_mfu: 60.21 | epoch: 1 pq: 5 rg: 76 | total time: 18.42m | eta: 40.5m
step 00533/01680 (31.73%) | loss: 3.285074 | lrm: 1.00 | dt: 2119.70ms | tok/sec: 247,340 | bf16_mfu: 60.23 | epoch: 1 pq: 5 rg: 77 | total time: 18.46m | eta: 40.5m
step 00534/01680 (31.79%) | loss: 3.282186 | lrm: 1.00 | dt: 2119.60ms | tok/sec: 247,352 | bf16_mfu: 60.23 | epoch: 1 pq: 5 rg: 77 | total time: 18.49m | eta: 40.4m
step 00535/01680 (31.85%) | loss: 3.288884 | lrm: 1.00 | dt: 2124.01ms | tok/sec: 246,838 | bf16_mfu: 60.10 | epoch: 1 pq: 5 rg: 78 | total time: 18.53m | eta: 40.4m
step 00536/01680 (31.90%) | loss: 3.286681 | lrm: 1.00 | dt: 2116.92ms | tok/sec: 247,666 | bf16_mfu: 60.30 | epoch: 1 pq: 5 rg: 79 | total time: 18.56m | eta: 40.4m
step 00537/01680 (31.96%) | loss: 3.288172 | lrm: 1.00 | dt: 2118.75ms | tok/sec: 247,451 | bf16_mfu: 60.25 | epoch: 1 pq: 5 rg: 80 | total time: 18.60m | eta: 40.3m
step 00538/01680 (32.02%) | loss: 3.284136 | lrm: 1.00 | dt: 2120.26ms | tok/sec: 247,275 | bf16_mfu: 60.21 | epoch: 1 pq: 5 rg: 81 | total time: 18.63m | eta: 40.3m
step 00539/01680 (32.08%) | loss: 3.286393 | lrm: 1.00 | dt: 2115.80ms | tok/sec: 247,796 | bf16_mfu: 60.34 | epoch: 1 pq: 5 rg: 82 | total time: 18.67m | eta: 40.3m
step 00540/01680 (32.14%) | loss: 3.290607 | lrm: 1.00 | dt: 2119.84ms | tok/sec: 247,324 | bf16_mfu: 60.22 | epoch: 1 pq: 6 rg: 0 | total time: 18.71m | eta: 40.2m
step 00541/01680 (32.20%) | loss: 3.283197 | lrm: 1.00 | dt: 2122.05ms | tok/sec: 247,066 | bf16_mfu: 60.16 | epoch: 1 pq: 6 rg: 1 | total time: 18.74m | eta: 40.2m
step 00542/01680 (32.26%) | loss: 3.283309 | lrm: 1.00 | dt: 2118.08ms | tok/sec: 247,529 | bf16_mfu: 60.27 | epoch: 1 pq: 6 rg: 2 | total time: 18.78m | eta: 40.2m
step 00543/01680 (32.32%) | loss: 3.283958 | lrm: 1.00 | dt: 2123.11ms | tok/sec: 246,943 | bf16_mfu: 60.13 | epoch: 1 pq: 6 rg: 3 | total time: 18.81m | eta: 40.1m
step 00544/01680 (32.38%) | loss: 3.283882 | lrm: 1.00 | dt: 2120.19ms | tok/sec: 247,283 | bf16_mfu: 60.21 | epoch: 1 pq: 6 rg: 4 | total time: 18.85m | eta: 40.1m
step 00545/01680 (32.44%) | loss: 3.278991 | lrm: 1.00 | dt: 2118.90ms | tok/sec: 247,434 | bf16_mfu: 60.25 | epoch: 1 pq: 6 rg: 5 | total time: 18.88m | eta: 40.1m
step 00546/01680 (32.50%) | loss: 3.278244 | lrm: 1.00 | dt: 2120.21ms | tok/sec: 247,281 | bf16_mfu: 60.21 | epoch: 1 pq: 6 rg: 6 | total time: 18.92m | eta: 40.0m
step 00547/01680 (32.56%) | loss: 3.276662 | lrm: 1.00 | dt: 2120.82ms | tok/sec: 247,210 | bf16_mfu: 60.19 | epoch: 1 pq: 6 rg: 6 | total time: 18.95m | eta: 40.0m
step 00548/01680 (32.62%) | loss: 3.275600 | lrm: 1.00 | dt: 2123.14ms | tok/sec: 246,939 | bf16_mfu: 60.13 | epoch: 1 pq: 6 rg: 7 | total time: 18.99m | eta: 40.0m
step 00549/01680 (32.68%) | loss: 3.278648 | lrm: 1.00 | dt: 2121.58ms | tok/sec: 247,121 | bf16_mfu: 60.17 | epoch: 1 pq: 6 rg: 8 | total time: 19.02m | eta: 39.9m
step 00550/01680 (32.74%) | loss: 3.282080 | lrm: 1.00 | dt: 2119.70ms | tok/sec: 247,340 | bf16_mfu: 60.23 | epoch: 1 pq: 6 rg: 9 | total time: 19.06m | eta: 39.9m
step 00551/01680 (32.80%) | loss: 3.280149 | lrm: 1.00 | dt: 2117.29ms | tok/sec: 247,621 | bf16_mfu: 60.29 | epoch: 1 pq: 6 rg: 10 | total time: 19.09m | eta: 39.8m
step 00552/01680 (32.86%) | loss: 3.276112 | lrm: 1.00 | dt: 2120.19ms | tok/sec: 247,283 | bf16_mfu: 60.21 | epoch: 1 pq: 6 rg: 11 | total time: 19.13m | eta: 39.8m
step 00553/01680 (32.92%) | loss: 3.274382 | lrm: 1.00 | dt: 2118.70ms | tok/sec: 247,456 | bf16_mfu: 60.25 | epoch: 1 pq: 6 rg: 12 | total time: 19.16m | eta: 39.8m
step 00554/01680 (32.98%) | loss: 3.277008 | lrm: 1.00 | dt: 2119.54ms | tok/sec: 247,359 | bf16_mfu: 60.23 | epoch: 1 pq: 6 rg: 13 | total time: 19.20m | eta: 39.7m
step 00555/01680 (33.04%) | loss: 3.276981 | lrm: 1.00 | dt: 2119.18ms | tok/sec: 247,401 | bf16_mfu: 60.24 | epoch: 1 pq: 6 rg: 14 | total time: 19.24m | eta: 39.7m
step 00556/01680 (33.10%) | loss: 3.273867 | lrm: 1.00 | dt: 2120.16ms | tok/sec: 247,286 | bf16_mfu: 60.21 | epoch: 1 pq: 6 rg: 15 | total time: 19.27m | eta: 39.7m
step 00557/01680 (33.15%) | loss: 3.275292 | lrm: 1.00 | dt: 2123.07ms | tok/sec: 246,948 | bf16_mfu: 60.13 | epoch: 1 pq: 6 rg: 16 | total time: 19.31m | eta: 39.6m
step 00558/01680 (33.21%) | loss: 3.271227 | lrm: 1.00 | dt: 2122.91ms | tok/sec: 246,966 | bf16_mfu: 60.13 | epoch: 1 pq: 6 rg: 17 | total time: 19.34m | eta: 39.6m
step 00559/01680 (33.27%) | loss: 3.281284 | lrm: 1.00 | dt: 2114.57ms | tok/sec: 247,940 | bf16_mfu: 60.37 | epoch: 1 pq: 6 rg: 18 | total time: 19.38m | eta: 39.6m
step 00560/01680 (33.33%) | loss: 3.276508 | lrm: 1.00 | dt: 2120.48ms | tok/sec: 247,249 | bf16_mfu: 60.20 | epoch: 1 pq: 6 rg: 18 | total time: 19.41m | eta: 39.5m
step 00561/01680 (33.39%) | loss: 3.269853 | lrm: 1.00 | dt: 2121.12ms | tok/sec: 247,175 | bf16_mfu: 60.19 | epoch: 1 pq: 6 rg: 19 | total time: 19.45m | eta: 39.5m
step 00562/01680 (33.45%) | loss: 3.265006 | lrm: 1.00 | dt: 2123.17ms | tok/sec: 246,936 | bf16_mfu: 60.13 | epoch: 1 pq: 6 rg: 20 | total time: 19.48m | eta: 39.5m
step 00563/01680 (33.51%) | loss: 3.269166 | lrm: 1.00 | dt: 2122.31ms | tok/sec: 247,036 | bf16_mfu: 60.15 | epoch: 1 pq: 6 rg: 21 | total time: 19.52m | eta: 39.4m
step 00564/01680 (33.57%) | loss: 3.261906 | lrm: 1.00 | dt: 2122.89ms | tok/sec: 246,969 | bf16_mfu: 60.14 | epoch: 1 pq: 6 rg: 22 | total time: 19.55m | eta: 39.4m
step 00565/01680 (33.63%) | loss: 3.256926 | lrm: 1.00 | dt: 2125.78ms | tok/sec: 246,633 | bf16_mfu: 60.05 | epoch: 1 pq: 6 rg: 23 | total time: 19.59m | eta: 39.4m
step 00566/01680 (33.69%) | loss: 3.266038 | lrm: 1.00 | dt: 2127.06ms | tok/sec: 246,484 | bf16_mfu: 60.02 | epoch: 1 pq: 6 rg: 24 | total time: 19.62m | eta: 39.3m
step 00567/01680 (33.75%) | loss: 3.255616 | lrm: 1.00 | dt: 2123.53ms | tok/sec: 246,894 | bf16_mfu: 60.12 | epoch: 1 pq: 6 rg: 25 | total time: 19.66m | eta: 39.3m
step 00568/01680 (33.81%) | loss: 3.240184 | lrm: 1.00 | dt: 2121.80ms | tok/sec: 247,095 | bf16_mfu: 60.17 | epoch: 1 pq: 6 rg: 26 | total time: 19.70m | eta: 39.2m
step 00569/01680 (33.87%) | loss: 3.251061 | lrm: 1.00 | dt: 2119.72ms | tok/sec: 247,338 | bf16_mfu: 60.23 | epoch: 1 pq: 6 rg: 26 | total time: 19.73m | eta: 39.2m
step 00570/01680 (33.93%) | loss: 3.251884 | lrm: 1.00 | dt: 2121.32ms | tok/sec: 247,151 | bf16_mfu: 60.18 | epoch: 1 pq: 6 rg: 27 | total time: 19.77m | eta: 39.2m
step 00571/01680 (33.99%) | loss: 3.245328 | lrm: 1.00 | dt: 2120.26ms | tok/sec: 247,275 | bf16_mfu: 60.21 | epoch: 1 pq: 6 rg: 28 | total time: 19.80m | eta: 39.1m
step 00572/01680 (34.05%) | loss: 3.250320 | lrm: 1.00 | dt: 2112.63ms | tok/sec: 248,167 | bf16_mfu: 60.43 | epoch: 1 pq: 6 rg: 29 | total time: 19.84m | eta: 39.1m
step 00573/01680 (34.11%) | loss: 3.256221 | lrm: 1.00 | dt: 2120.51ms | tok/sec: 247,245 | bf16_mfu: 60.20 | epoch: 1 pq: 6 rg: 30 | total time: 19.87m | eta: 39.1m
step 00574/01680 (34.17%) | loss: 3.249741 | lrm: 1.00 | dt: 2117.30ms | tok/sec: 247,621 | bf16_mfu: 60.29 | epoch: 1 pq: 6 rg: 31 | total time: 19.91m | eta: 39.0m
step 00575/01680 (34.23%) | loss: 3.248815 | lrm: 1.00 | dt: 2120.45ms | tok/sec: 247,253 | bf16_mfu: 60.20 | epoch: 1 pq: 6 rg: 32 | total time: 19.94m | eta: 39.0m
step 00576/01680 (34.29%) | loss: 3.249155 | lrm: 1.00 | dt: 2120.60ms | tok/sec: 247,236 | bf16_mfu: 60.20 | epoch: 1 pq: 6 rg: 33 | total time: 19.98m | eta: 39.0m
step 00577/01680 (34.35%) | loss: 3.252011 | lrm: 1.00 | dt: 2126.49ms | tok/sec: 246,551 | bf16_mfu: 60.03 | epoch: 1 pq: 6 rg: 34 | total time: 20.01m | eta: 38.9m
step 00578/01680 (34.40%) | loss: 3.248902 | lrm: 1.00 | dt: 2121.61ms | tok/sec: 247,118 | bf16_mfu: 60.17 | epoch: 1 pq: 6 rg: 35 | total time: 20.05m | eta: 38.9m
step 00579/01680 (34.46%) | loss: 3.253549 | lrm: 1.00 | dt: 2127.11ms | tok/sec: 246,479 | bf16_mfu: 60.02 | epoch: 1 pq: 6 rg: 36 | total time: 20.08m | eta: 38.9m
step 00580/01680 (34.52%) | loss: 3.256287 | lrm: 1.00 | dt: 2123.08ms | tok/sec: 246,946 | bf16_mfu: 60.13 | epoch: 1 pq: 6 rg: 37 | total time: 20.12m | eta: 38.8m
step 00581/01680 (34.58%) | loss: 3.251201 | lrm: 1.00 | dt: 2118.05ms | tok/sec: 247,533 | bf16_mfu: 60.27 | epoch: 1 pq: 6 rg: 38 | total time: 20.15m | eta: 38.8m
step 00582/01680 (34.64%) | loss: 3.243771 | lrm: 1.00 | dt: 2122.22ms | tok/sec: 247,046 | bf16_mfu: 60.15 | epoch: 1 pq: 6 rg: 38 | total time: 20.19m | eta: 38.8m
step 00583/01680 (34.70%) | loss: 3.242689 | lrm: 1.00 | dt: 2120.86ms | tok/sec: 247,205 | bf16_mfu: 60.19 | epoch: 1 pq: 6 rg: 39 | total time: 20.23m | eta: 38.7m
step 00584/01680 (34.76%) | loss: 3.255050 | lrm: 1.00 | dt: 2119.35ms | tok/sec: 247,382 | bf16_mfu: 60.24 | epoch: 1 pq: 6 rg: 40 | total time: 20.26m | eta: 38.7m
step 00585/01680 (34.82%) | loss: 3.255803 | lrm: 1.00 | dt: 2118.42ms | tok/sec: 247,490 | bf16_mfu: 60.26 | epoch: 1 pq: 6 rg: 41 | total time: 20.30m | eta: 38.7m
step 00586/01680 (34.88%) | loss: 3.256770 | lrm: 1.00 | dt: 2117.15ms | tok/sec: 247,638 | bf16_mfu: 60.30 | epoch: 1 pq: 6 rg: 42 | total time: 20.33m | eta: 38.6m
step 00587/01680 (34.94%) | loss: 3.247337 | lrm: 1.00 | dt: 2122.98ms | tok/sec: 246,959 | bf16_mfu: 60.13 | epoch: 1 pq: 6 rg: 43 | total time: 20.37m | eta: 38.6m
step 00588/01680 (35.00%) | loss: 3.249469 | lrm: 1.00 | dt: 2116.46ms | tok/sec: 247,718 | bf16_mfu: 60.32 | epoch: 1 pq: 6 rg: 44 | total time: 20.40m | eta: 38.5m
step 00589/01680 (35.06%) | loss: 3.246049 | lrm: 1.00 | dt: 2114.52ms | tok/sec: 247,946 | bf16_mfu: 60.37 | epoch: 1 pq: 6 rg: 45 | total time: 20.44m | eta: 38.5m
step 00590/01680 (35.12%) | loss: 3.245829 | lrm: 1.00 | dt: 2122.57ms | tok/sec: 247,006 | bf16_mfu: 60.14 | epoch: 1 pq: 6 rg: 46 | total time: 20.47m | eta: 38.5m
step 00591/01680 (35.18%) | loss: 3.250544 | lrm: 1.00 | dt: 2118.64ms | tok/sec: 247,463 | bf16_mfu: 60.26 | epoch: 1 pq: 6 rg: 47 | total time: 20.51m | eta: 38.4m
step 00592/01680 (35.24%) | loss: 3.248958 | lrm: 1.00 | dt: 2116.67ms | tok/sec: 247,694 | bf16_mfu: 60.31 | epoch: 1 pq: 6 rg: 48 | total time: 20.54m | eta: 38.4m
step 00593/01680 (35.30%) | loss: 3.258908 | lrm: 1.00 | dt: 2115.85ms | tok/sec: 247,790 | bf16_mfu: 60.34 | epoch: 1 pq: 6 rg: 49 | total time: 20.58m | eta: 38.4m
step 00594/01680 (35.36%) | loss: 3.249818 | lrm: 0.99 | dt: 2120.01ms | tok/sec: 247,304 | bf16_mfu: 60.22 | epoch: 1 pq: 6 rg: 50 | total time: 20.61m | eta: 38.3m
step 00595/01680 (35.42%) | loss: 3.250452 | lrm: 0.99 | dt: 2118.10ms | tok/sec: 247,528 | bf16_mfu: 60.27 | epoch: 1 pq: 6 rg: 51 | total time: 20.65m | eta: 38.3m
step 00596/01680 (35.48%) | loss: 3.248206 | lrm: 0.99 | dt: 2126.87ms | tok/sec: 246,507 | bf16_mfu: 60.02 | epoch: 1 pq: 6 rg: 51 | total time: 20.68m | eta: 38.3m
step 00597/01680 (35.54%) | loss: 3.249135 | lrm: 0.99 | dt: 2122.67ms | tok/sec: 246,994 | bf16_mfu: 60.14 | epoch: 1 pq: 6 rg: 52 | total time: 20.72m | eta: 38.2m
step 00598/01680 (35.60%) | loss: 3.243723 | lrm: 0.99 | dt: 2119.65ms | tok/sec: 247,346 | bf16_mfu: 60.23 | epoch: 1 pq: 6 rg: 53 | total time: 20.76m | eta: 38.2m
step 00599/01680 (35.65%) | loss: 3.250994 | lrm: 0.99 | dt: 2112.53ms | tok/sec: 248,179 | bf16_mfu: 60.43 | epoch: 1 pq: 6 rg: 54 | total time: 20.79m | eta: 38.2m
step 00600/01680 (35.71%) | loss: 3.252679 | lrm: 0.99 | dt: 2125.78ms | tok/sec: 246,632 | bf16_mfu: 60.05 | epoch: 1 pq: 6 rg: 55 | total time: 20.83m | eta: 38.1m
step 00601/01680 (35.77%) | loss: 3.252949 | lrm: 0.99 | dt: 2124.06ms | tok/sec: 246,832 | bf16_mfu: 60.10 | epoch: 1 pq: 6 rg: 56 | total time: 20.86m | eta: 38.1m
step 00602/01680 (35.83%) | loss: 3.248350 | lrm: 0.99 | dt: 2121.98ms | tok/sec: 247,074 | bf16_mfu: 60.16 | epoch: 1 pq: 6 rg: 57 | total time: 20.90m | eta: 38.1m
step 00603/01680 (35.89%) | loss: 3.246758 | lrm: 0.99 | dt: 2123.32ms | tok/sec: 246,918 | bf16_mfu: 60.12 | epoch: 1 pq: 6 rg: 58 | total time: 20.93m | eta: 38.0m
step 00604/01680 (35.95%) | loss: 3.247258 | lrm: 0.99 | dt: 2114.96ms | tok/sec: 247,894 | bf16_mfu: 60.36 | epoch: 1 pq: 6 rg: 59 | total time: 20.97m | eta: 38.0m
step 00605/01680 (36.01%) | loss: 3.250372 | lrm: 0.99 | dt: 2117.26ms | tok/sec: 247,625 | bf16_mfu: 60.30 | epoch: 1 pq: 6 rg: 60 | total time: 21.00m | eta: 37.9m
step 00606/01680 (36.07%) | loss: 3.245669 | lrm: 0.98 | dt: 2119.82ms | tok/sec: 247,326 | bf16_mfu: 60.22 | epoch: 1 pq: 6 rg: 61 | total time: 21.04m | eta: 37.9m
step 00607/01680 (36.13%) | loss: 3.245078 | lrm: 0.98 | dt: 2123.42ms | tok/sec: 246,906 | bf16_mfu: 60.12 | epoch: 1 pq: 6 rg: 62 | total time: 21.07m | eta: 37.9m
step 00608/01680 (36.19%) | loss: 3.241039 | lrm: 0.98 | dt: 2120.06ms | tok/sec: 247,298 | bf16_mfu: 60.22 | epoch: 1 pq: 6 rg: 62 | total time: 21.11m | eta: 37.8m
step 00609/01680 (36.25%) | loss: 3.239517 | lrm: 0.98 | dt: 2122.55ms | tok/sec: 247,008 | bf16_mfu: 60.14 | epoch: 1 pq: 6 rg: 63 | total time: 21.14m | eta: 37.8m
step 00610/01680 (36.31%) | loss: 3.236321 | lrm: 0.98 | dt: 2122.14ms | tok/sec: 247,056 | bf16_mfu: 60.16 | epoch: 1 pq: 6 rg: 64 | total time: 21.18m | eta: 37.8m
step 00611/01680 (36.37%) | loss: 3.232579 | lrm: 0.98 | dt: 2116.36ms | tok/sec: 247,731 | bf16_mfu: 60.32 | epoch: 1 pq: 6 rg: 65 | total time: 21.21m | eta: 37.7m
step 00612/01680 (36.43%) | loss: 3.240874 | lrm: 0.98 | dt: 2118.06ms | tok/sec: 247,532 | bf16_mfu: 60.27 | epoch: 1 pq: 6 rg: 66 | total time: 21.25m | eta: 37.7m
step 00613/01680 (36.49%) | loss: 3.237543 | lrm: 0.98 | dt: 2113.01ms | tok/sec: 248,123 | bf16_mfu: 60.42 | epoch: 1 pq: 6 rg: 67 | total time: 21.29m | eta: 37.7m
step 00614/01680 (36.55%) | loss: 3.237265 | lrm: 0.98 | dt: 2120.93ms | tok/sec: 247,197 | bf16_mfu: 60.19 | epoch: 1 pq: 6 rg: 68 | total time: 21.32m | eta: 37.6m
step 00615/01680 (36.61%) | loss: 3.243980 | lrm: 0.98 | dt: 2123.29ms | tok/sec: 246,922 | bf16_mfu: 60.12 | epoch: 1 pq: 6 rg: 69 | total time: 21.36m | eta: 37.6m
step 00616/01680 (36.67%) | loss: 3.242582 | lrm: 0.98 | dt: 2118.80ms | tok/sec: 247,446 | bf16_mfu: 60.25 | epoch: 1 pq: 6 rg: 70 | total time: 21.39m | eta: 37.6m
step 00617/01680 (36.73%) | loss: 3.239701 | lrm: 0.97 | dt: 2119.71ms | tok/sec: 247,339 | bf16_mfu: 60.23 | epoch: 1 pq: 6 rg: 71 | total time: 21.43m | eta: 37.5m
step 00618/01680 (36.79%) | loss: 3.241780 | lrm: 0.97 | dt: 2122.47ms | tok/sec: 247,017 | bf16_mfu: 60.15 | epoch: 1 pq: 6 rg: 72 | total time: 21.46m | eta: 37.5m
step 00619/01680 (36.85%) | loss: 3.240890 | lrm: 0.97 | dt: 2122.92ms | tok/sec: 246,965 | bf16_mfu: 60.13 | epoch: 1 pq: 6 rg: 73 | total time: 21.50m | eta: 37.5m
step 00620/01680 (36.90%) | loss: 3.238863 | lrm: 0.97 | dt: 2122.85ms | tok/sec: 246,973 | bf16_mfu: 60.14 | epoch: 1 pq: 6 rg: 73 | total time: 21.53m | eta: 37.4m
step 00621/01680 (36.96%) | loss: 3.244624 | lrm: 0.97 | dt: 2116.54ms | tok/sec: 247,710 | bf16_mfu: 60.32 | epoch: 1 pq: 6 rg: 74 | total time: 21.57m | eta: 37.4m
step 00622/01680 (37.02%) | loss: 3.243195 | lrm: 0.97 | dt: 2120.28ms | tok/sec: 247,273 | bf16_mfu: 60.21 | epoch: 1 pq: 6 rg: 75 | total time: 21.60m | eta: 37.3m
step 00623/01680 (37.08%) | loss: 3.246386 | lrm: 0.97 | dt: 2119.98ms | tok/sec: 247,308 | bf16_mfu: 60.22 | epoch: 1 pq: 6 rg: 76 | total time: 21.64m | eta: 37.3m
step 00624/01680 (37.14%) | loss: 3.247480 | lrm: 0.97 | dt: 2115.84ms | tok/sec: 247,792 | bf16_mfu: 60.34 | epoch: 1 pq: 6 rg: 77 | total time: 21.67m | eta: 37.3m
step 00625/01680 (37.20%) | loss: 3.240171 | lrm: 0.97 | dt: 2119.26ms | tok/sec: 247,391 | bf16_mfu: 60.24 | epoch: 1 pq: 6 rg: 78 | total time: 21.71m | eta: 37.2m
step 00626/01680 (37.26%) | loss: 3.240543 | lrm: 0.97 | dt: 2116.35ms | tok/sec: 247,732 | bf16_mfu: 60.32 | epoch: 1 pq: 6 rg: 79 | total time: 21.74m | eta: 37.2m
step 00627/01680 (37.32%) | loss: 3.244530 | lrm: 0.97 | dt: 2120.08ms | tok/sec: 247,296 | bf16_mfu: 60.21 | epoch: 1 pq: 6 rg: 80 | total time: 21.78m | eta: 37.2m
step 00628/01680 (37.38%) | loss: 3.231408 | lrm: 0.97 | dt: 2116.16ms | tok/sec: 247,754 | bf16_mfu: 60.33 | epoch: 1 pq: 6 rg: 81 | total time: 21.81m | eta: 37.1m
step 00629/01680 (37.44%) | loss: 3.228765 | lrm: 0.96 | dt: 2120.76ms | tok/sec: 247,216 | bf16_mfu: 60.20 | epoch: 1 pq: 7 rg: 0 | total time: 21.85m | eta: 37.1m
step 00630/01680 (37.50%) | loss: 3.228885 | lrm: 0.96 | dt: 2121.03ms | tok/sec: 247,186 | bf16_mfu: 60.19 | epoch: 1 pq: 7 rg: 1 | total time: 21.89m | eta: 37.1m
step 00631/01680 (37.56%) | loss: 3.231010 | lrm: 0.96 | dt: 2123.66ms | tok/sec: 246,879 | bf16_mfu: 60.11 | epoch: 1 pq: 7 rg: 2 | total time: 21.92m | eta: 37.0m
step 00632/01680 (37.62%) | loss: 3.235820 | lrm: 0.96 | dt: 2117.00ms | tok/sec: 247,656 | bf16_mfu: 60.30 | epoch: 1 pq: 7 rg: 3 | total time: 21.96m | eta: 37.0m
step 00633/01680 (37.68%) | loss: 3.228016 | lrm: 0.96 | dt: 2123.87ms | tok/sec: 246,854 | bf16_mfu: 60.11 | epoch: 1 pq: 7 rg: 3 | total time: 21.99m | eta: 37.0m
step 00634/01680 (37.74%) | loss: 3.217063 | lrm: 0.96 | dt: 2123.62ms | tok/sec: 246,884 | bf16_mfu: 60.11 | epoch: 1 pq: 7 rg: 4 | total time: 22.03m | eta: 36.9m
step 00635/01680 (37.80%) | loss: 3.214563 | lrm: 0.96 | dt: 2115.36ms | tok/sec: 247,848 | bf16_mfu: 60.35 | epoch: 1 pq: 7 rg: 5 | total time: 22.06m | eta: 36.9m
step 00636/01680 (37.86%) | loss: 3.209945 | lrm: 0.96 | dt: 2119.86ms | tok/sec: 247,322 | bf16_mfu: 60.22 | epoch: 1 pq: 7 rg: 6 | total time: 22.10m | eta: 36.9m
step 00637/01680 (37.92%) | loss: 3.211492 | lrm: 0.96 | dt: 2120.13ms | tok/sec: 247,289 | bf16_mfu: 60.21 | epoch: 1 pq: 7 rg: 7 | total time: 22.13m | eta: 36.8m
step 00638/01680 (37.98%) | loss: 3.210455 | lrm: 0.96 | dt: 2119.76ms | tok/sec: 247,334 | bf16_mfu: 60.22 | epoch: 1 pq: 7 rg: 8 | total time: 22.17m | eta: 36.8m
step 00639/01680 (38.04%) | loss: 3.210617 | lrm: 0.96 | dt: 2119.06ms | tok/sec: 247,415 | bf16_mfu: 60.24 | epoch: 1 pq: 7 rg: 9 | total time: 22.20m | eta: 36.7m
step 00640/01680 (38.10%) | loss: 3.205795 | lrm: 0.95 | dt: 2119.07ms | tok/sec: 247,413 | bf16_mfu: 60.24 | epoch: 1 pq: 7 rg: 10 | total time: 22.24m | eta: 36.7m
step 00641/01680 (38.15%) | loss: 3.208604 | lrm: 0.95 | dt: 2120.47ms | tok/sec: 247,250 | bf16_mfu: 60.20 | epoch: 1 pq: 7 rg: 11 | total time: 22.27m | eta: 36.7m
step 00642/01680 (38.21%) | loss: 3.207908 | lrm: 0.95 | dt: 2117.79ms | tok/sec: 247,563 | bf16_mfu: 60.28 | epoch: 1 pq: 7 rg: 12 | total time: 22.31m | eta: 36.6m
step 00643/01680 (38.27%) | loss: 3.208669 | lrm: 0.95 | dt: 2125.15ms | tok/sec: 246,706 | bf16_mfu: 60.07 | epoch: 1 pq: 7 rg: 13 | total time: 22.35m | eta: 36.6m
step 00644/01680 (38.33%) | loss: 3.215408 | lrm: 0.95 | dt: 2113.56ms | tok/sec: 248,059 | bf16_mfu: 60.40 | epoch: 1 pq: 7 rg: 14 | total time: 22.38m | eta: 36.6m
step 00645/01680 (38.39%) | loss: 3.211903 | lrm: 0.95 | dt: 2119.91ms | tok/sec: 247,316 | bf16_mfu: 60.22 | epoch: 1 pq: 7 rg: 15 | total time: 22.42m | eta: 36.5m
step 00646/01680 (38.45%) | loss: 3.207993 | lrm: 0.95 | dt: 2120.97ms | tok/sec: 247,192 | bf16_mfu: 60.19 | epoch: 1 pq: 7 rg: 15 | total time: 22.45m | eta: 36.5m
step 00647/01680 (38.51%) | loss: 3.207250 | lrm: 0.95 | dt: 2117.61ms | tok/sec: 247,584 | bf16_mfu: 60.28 | epoch: 1 pq: 7 rg: 16 | total time: 22.49m | eta: 36.5m
step 00648/01680 (38.57%) | loss: 3.212380 | lrm: 0.95 | dt: 2116.89ms | tok/sec: 247,669 | bf16_mfu: 60.31 | epoch: 1 pq: 7 rg: 17 | total time: 22.52m | eta: 36.4m
step 00649/01680 (38.63%) | loss: 3.214018 | lrm: 0.95 | dt: 2123.53ms | tok/sec: 246,894 | bf16_mfu: 60.12 | epoch: 1 pq: 7 rg: 18 | total time: 22.56m | eta: 36.4m
step 00650/01680 (38.69%) | loss: 3.210362 | lrm: 0.95 | dt: 2118.60ms | tok/sec: 247,469 | bf16_mfu: 60.26 | epoch: 1 pq: 7 rg: 19 | total time: 22.59m | eta: 36.4m
step 00651/01680 (38.75%) | loss: 3.217581 | lrm: 0.95 | dt: 2119.36ms | tok/sec: 247,380 | bf16_mfu: 60.24 | epoch: 1 pq: 7 rg: 20 | total time: 22.63m | eta: 36.3m
step 00652/01680 (38.81%) | loss: 3.218223 | lrm: 0.94 | dt: 2124.26ms | tok/sec: 246,809 | bf16_mfu: 60.10 | epoch: 1 pq: 7 rg: 21 | total time: 22.66m | eta: 36.3m
step 00653/01680 (38.87%) | loss: 3.218771 | lrm: 0.94 | dt: 2123.06ms | tok/sec: 246,949 | bf16_mfu: 60.13 | epoch: 1 pq: 7 rg: 22 | total time: 22.70m | eta: 36.3m
step 00654/01680 (38.93%) | loss: 3.220170 | lrm: 0.94 | dt: 2120.09ms | tok/sec: 247,295 | bf16_mfu: 60.21 | epoch: 1 pq: 7 rg: 23 | total time: 22.73m | eta: 36.2m
step 00655/01680 (38.99%) | loss: 3.215854 | lrm: 0.94 | dt: 2118.54ms | tok/sec: 247,475 | bf16_mfu: 60.26 | epoch: 1 pq: 7 rg: 24 | total time: 22.77m | eta: 36.2m
step 00656/01680 (39.05%) | loss: 3.211765 | lrm: 0.94 | dt: 2122.82ms | tok/sec: 246,976 | bf16_mfu: 60.14 | epoch: 1 pq: 7 rg: 25 | total time: 22.80m | eta: 36.1m
step 00657/01680 (39.11%) | loss: 3.211122 | lrm: 0.94 | dt: 2124.69ms | tok/sec: 246,760 | bf16_mfu: 60.08 | epoch: 1 pq: 7 rg: 26 | total time: 22.84m | eta: 36.1m
step 00658/01680 (39.17%) | loss: 3.209446 | lrm: 0.94 | dt: 2116.15ms | tok/sec: 247,755 | bf16_mfu: 60.33 | epoch: 1 pq: 7 rg: 27 | total time: 22.88m | eta: 36.1m
step 00659/01680 (39.23%) | loss: 3.205350 | lrm: 0.94 | dt: 2112.10ms | tok/sec: 248,230 | bf16_mfu: 60.44 | epoch: 1 pq: 7 rg: 27 | total time: 22.91m | eta: 36.0m
step 00660/01680 (39.29%) | loss: 3.205610 | lrm: 0.94 | dt: 2120.20ms | tok/sec: 247,282 | bf16_mfu: 60.21 | epoch: 1 pq: 7 rg: 28 | total time: 22.95m | eta: 36.0m
step 00661/01680 (39.35%) | loss: 3.204374 | lrm: 0.94 | dt: 2121.60ms | tok/sec: 247,118 | bf16_mfu: 60.17 | epoch: 1 pq: 7 rg: 29 | total time: 22.98m | eta: 36.0m
step 00662/01680 (39.40%) | loss: 3.201892 | lrm: 0.94 | dt: 2119.32ms | tok/sec: 247,385 | bf16_mfu: 60.24 | epoch: 1 pq: 7 rg: 30 | total time: 23.02m | eta: 35.9m
step 00663/01680 (39.46%) | loss: 3.198870 | lrm: 0.93 | dt: 2119.85ms | tok/sec: 247,322 | bf16_mfu: 60.22 | epoch: 1 pq: 7 rg: 31 | total time: 23.05m | eta: 35.9m
step 00664/01680 (39.52%) | loss: 3.195771 | lrm: 0.93 | dt: 2118.82ms | tok/sec: 247,443 | bf16_mfu: 60.25 | epoch: 1 pq: 7 rg: 32 | total time: 23.09m | eta: 35.9m
step 00665/01680 (39.58%) | loss: 3.197893 | lrm: 0.93 | dt: 2122.32ms | tok/sec: 247,035 | bf16_mfu: 60.15 | epoch: 1 pq: 7 rg: 33 | total time: 23.12m | eta: 35.8m
step 00666/01680 (39.64%) | loss: 3.194921 | lrm: 0.93 | dt: 2120.04ms | tok/sec: 247,301 | bf16_mfu: 60.22 | epoch: 1 pq: 7 rg: 34 | total time: 23.16m | eta: 35.8m
step 00667/01680 (39.70%) | loss: 3.193578 | lrm: 0.93 | dt: 2125.52ms | tok/sec: 246,663 | bf16_mfu: 60.06 | epoch: 1 pq: 7 rg: 35 | total time: 23.19m | eta: 35.8m
step 00668/01680 (39.76%) | loss: 3.190118 | lrm: 0.93 | dt: 2117.54ms | tok/sec: 247,593 | bf16_mfu: 60.29 | epoch: 1 pq: 7 rg: 36 | total time: 23.23m | eta: 35.7m
step 00669/01680 (39.82%) | loss: 3.194746 | lrm: 0.93 | dt: 2114.83ms | tok/sec: 247,909 | bf16_mfu: 60.36 | epoch: 1 pq: 7 rg: 37 | total time: 23.26m | eta: 35.7m
step 00670/01680 (39.88%) | loss: 3.194471 | lrm: 0.93 | dt: 2114.33ms | tok/sec: 247,969 | bf16_mfu: 60.38 | epoch: 1 pq: 7 rg: 38 | total time: 23.30m | eta: 35.7m
step 00671/01680 (39.94%) | loss: 3.192403 | lrm: 0.93 | dt: 2110.73ms | tok/sec: 248,391 | bf16_mfu: 60.48 | epoch: 1 pq: 7 rg: 39 | total time: 23.33m | eta: 35.6m
step 00672/01680 (40.00%) | loss: 3.188479 | lrm: 0.93 | dt: 2122.44ms | tok/sec: 247,021 | bf16_mfu: 60.15 | epoch: 1 pq: 7 rg: 40 | total time: 23.37m | eta: 35.6m
step 00673/01680 (40.06%) | loss: 3.187886 | lrm: 0.93 | dt: 2118.58ms | tok/sec: 247,471 | bf16_mfu: 60.26 | epoch: 1 pq: 7 rg: 40 | total time: 23.40m | eta: 35.5m
step 00674/01680 (40.12%) | loss: 3.186485 | lrm: 0.93 | dt: 2122.91ms | tok/sec: 246,966 | bf16_mfu: 60.13 | epoch: 1 pq: 7 rg: 41 | total time: 23.44m | eta: 35.5m
step 00675/01680 (40.18%) | loss: 3.190777 | lrm: 0.92 | dt: 2119.95ms | tok/sec: 247,311 | bf16_mfu: 60.22 | epoch: 1 pq: 7 rg: 42 | total time: 23.48m | eta: 35.5m
step 00676/01680 (40.24%) | loss: 3.192192 | lrm: 0.92 | dt: 2122.14ms | tok/sec: 247,056 | bf16_mfu: 60.16 | epoch: 1 pq: 7 rg: 43 | total time: 23.51m | eta: 35.4m
step 00677/01680 (40.30%) | loss: 3.182668 | lrm: 0.92 | dt: 2117.69ms | tok/sec: 247,575 | bf16_mfu: 60.28 | epoch: 1 pq: 7 rg: 44 | total time: 23.55m | eta: 35.4m
step 00678/01680 (40.36%) | loss: 3.185050 | lrm: 0.92 | dt: 2113.37ms | tok/sec: 248,081 | bf16_mfu: 60.41 | epoch: 1 pq: 7 rg: 45 | total time: 23.58m | eta: 35.4m
step 00679/01680 (40.42%) | loss: 3.181902 | lrm: 0.92 | dt: 2113.99ms | tok/sec: 248,008 | bf16_mfu: 60.39 | epoch: 1 pq: 7 rg: 46 | total time: 23.62m | eta: 35.3m
step 00680/01680 (40.48%) | loss: 3.180026 | lrm: 0.92 | dt: 2125.87ms | tok/sec: 246,622 | bf16_mfu: 60.05 | epoch: 1 pq: 7 rg: 47 | total time: 23.65m | eta: 35.3m
step 00681/01680 (40.54%) | loss: 3.174546 | lrm: 0.92 | dt: 2122.77ms | tok/sec: 246,982 | bf16_mfu: 60.14 | epoch: 1 pq: 7 rg: 48 | total time: 23.69m | eta: 35.3m
step 00682/01680 (40.60%) | loss: 3.166865 | lrm: 0.92 | dt: 2121.07ms | tok/sec: 247,181 | bf16_mfu: 60.19 | epoch: 1 pq: 7 rg: 49 | total time: 23.72m | eta: 35.2m
step 00683/01680 (40.65%) | loss: 3.166890 | lrm: 0.92 | dt: 2124.51ms | tok/sec: 246,780 | bf16_mfu: 60.09 | epoch: 1 pq: 7 rg: 50 | total time: 23.76m | eta: 35.2m
step 00684/01680 (40.71%) | loss: 3.165742 | lrm: 0.92 | dt: 2120.91ms | tok/sec: 247,199 | bf16_mfu: 60.19 | epoch: 1 pq: 7 rg: 51 | total time: 23.79m | eta: 35.2m
step 00685/01680 (40.77%) | loss: 3.159203 | lrm: 0.92 | dt: 2123.06ms | tok/sec: 246,949 | bf16_mfu: 60.13 | epoch: 1 pq: 7 rg: 51 | total time: 23.83m | eta: 35.1m
step 00686/01680 (40.83%) | loss: 3.163980 | lrm: 0.91 | dt: 2117.75ms | tok/sec: 247,568 | bf16_mfu: 60.28 | epoch: 1 pq: 7 rg: 52 | total time: 23.86m | eta: 35.1m
step 00687/01680 (40.89%) | loss: 3.175551 | lrm: 0.91 | dt: 2123.13ms | tok/sec: 246,941 | bf16_mfu: 60.13 | epoch: 1 pq: 7 rg: 53 | total time: 23.90m | eta: 35.1m
step 00688/01680 (40.95%) | loss: 3.179663 | lrm: 0.91 | dt: 2121.84ms | tok/sec: 247,090 | bf16_mfu: 60.16 | epoch: 1 pq: 7 rg: 54 | total time: 23.93m | eta: 35.0m
step 00689/01680 (41.01%) | loss: 3.173774 | lrm: 0.91 | dt: 2119.57ms | tok/sec: 247,356 | bf16_mfu: 60.23 | epoch: 1 pq: 7 rg: 55 | total time: 23.97m | eta: 35.0m
step 00690/01680 (41.07%) | loss: 3.179872 | lrm: 0.91 | dt: 2122.12ms | tok/sec: 247,059 | bf16_mfu: 60.16 | epoch: 1 pq: 7 rg: 56 | total time: 24.01m | eta: 34.9m
step 00691/01680 (41.13%) | loss: 3.178766 | lrm: 0.91 | dt: 2123.17ms | tok/sec: 246,936 | bf16_mfu: 60.13 | epoch: 1 pq: 7 rg: 57 | total time: 24.04m | eta: 34.9m
step 00692/01680 (41.19%) | loss: 3.179011 | lrm: 0.91 | dt: 2121.55ms | tok/sec: 247,124 | bf16_mfu: 60.17 | epoch: 1 pq: 7 rg: 58 | total time: 24.08m | eta: 34.9m
step 00693/01680 (41.25%) | loss: 3.182590 | lrm: 0.91 | dt: 2120.91ms | tok/sec: 247,199 | bf16_mfu: 60.19 | epoch: 1 pq: 7 rg: 59 | total time: 24.11m | eta: 34.8m
step 00694/01680 (41.31%) | loss: 3.173255 | lrm: 0.91 | dt: 2120.98ms | tok/sec: 247,191 | bf16_mfu: 60.19 | epoch: 1 pq: 7 rg: 60 | total time: 24.15m | eta: 34.8m
step 00695/01680 (41.37%) | loss: 3.165161 | lrm: 0.91 | dt: 2123.99ms | tok/sec: 246,840 | bf16_mfu: 60.10 | epoch: 1 pq: 7 rg: 61 | total time: 24.18m | eta: 34.8m
step 00696/01680 (41.43%) | loss: 3.166515 | lrm: 0.91 | dt: 2121.24ms | tok/sec: 247,160 | bf16_mfu: 60.18 | epoch: 1 pq: 7 rg: 62 | total time: 24.22m | eta: 34.7m
step 00697/01680 (41.49%) | loss: 3.161839 | lrm: 0.91 | dt: 2120.83ms | tok/sec: 247,209 | bf16_mfu: 60.19 | epoch: 1 pq: 7 rg: 62 | total time: 24.25m | eta: 34.7m
step 00698/01680 (41.55%) | loss: 3.168725 | lrm: 0.90 | dt: 2125.19ms | tok/sec: 246,701 | bf16_mfu: 60.07 | epoch: 1 pq: 7 rg: 63 | total time: 24.29m | eta: 34.7m
step 00699/01680 (41.61%) | loss: 3.172059 | lrm: 0.90 | dt: 2117.78ms | tok/sec: 247,564 | bf16_mfu: 60.28 | epoch: 1 pq: 7 rg: 64 | total time: 24.32m | eta: 34.6m
step 00700/01680 (41.67%) | loss: 3.175106 | lrm: 0.90 | dt: 2122.23ms | tok/sec: 247,045 | bf16_mfu: 60.15 | epoch: 1 pq: 7 rg: 65 | total time: 24.36m | eta: 34.6m
step 00701/01680 (41.73%) | loss: 3.173307 | lrm: 0.90 | dt: 2124.87ms | tok/sec: 246,738 | bf16_mfu: 60.08 | epoch: 1 pq: 7 rg: 66 | total time: 24.39m | eta: 34.6m
step 00702/01680 (41.79%) | loss: 3.173883 | lrm: 0.90 | dt: 2121.17ms | tok/sec: 247,169 | bf16_mfu: 60.18 | epoch: 1 pq: 7 rg: 67 | total time: 24.43m | eta: 34.5m
step 00703/01680 (41.85%) | loss: 3.178518 | lrm: 0.90 | dt: 2125.20ms | tok/sec: 246,700 | bf16_mfu: 60.07 | epoch: 1 pq: 7 rg: 68 | total time: 24.47m | eta: 34.5m
step 00704/01680 (41.90%) | loss: 3.183950 | lrm: 0.90 | dt: 2123.58ms | tok/sec: 246,888 | bf16_mfu: 60.12 | epoch: 1 pq: 7 rg: 69 | total time: 24.50m | eta: 34.5m
step 00705/01680 (41.96%) | loss: 3.183688 | lrm: 0.90 | dt: 2117.58ms | tok/sec: 247,588 | bf16_mfu: 60.29 | epoch: 1 pq: 7 rg: 70 | total time: 24.54m | eta: 34.4m
step 00706/01680 (42.02%) | loss: 3.179009 | lrm: 0.90 | dt: 2118.06ms | tok/sec: 247,531 | bf16_mfu: 60.27 | epoch: 1 pq: 7 rg: 71 | total time: 24.57m | eta: 34.4m
step 00707/01680 (42.08%) | loss: 3.185913 | lrm: 0.90 | dt: 2119.26ms | tok/sec: 247,392 | bf16_mfu: 60.24 | epoch: 1 pq: 7 rg: 72 | total time: 24.61m | eta: 34.4m
step 00708/01680 (42.14%) | loss: 3.184006 | lrm: 0.90 | dt: 2117.90ms | tok/sec: 247,551 | bf16_mfu: 60.28 | epoch: 1 pq: 7 rg: 73 | total time: 24.64m | eta: 34.3m
step 00709/01680 (42.20%) | loss: 3.178656 | lrm: 0.89 | dt: 2125.47ms | tok/sec: 246,669 | bf16_mfu: 60.06 | epoch: 1 pq: 7 rg: 74 | total time: 24.68m | eta: 34.3m
step 00710/01680 (42.26%) | loss: 3.193089 | lrm: 0.89 | dt: 2130.57ms | tok/sec: 246,078 | bf16_mfu: 59.92 | epoch: 1 pq: 7 rg: 74 | total time: 24.71m | eta: 34.2m
step 00711/01680 (42.32%) | loss: 3.195990 | lrm: 0.89 | dt: 2118.79ms | tok/sec: 247,447 | bf16_mfu: 60.25 | epoch: 1 pq: 7 rg: 75 | total time: 24.75m | eta: 34.2m
step 00712/01680 (42.38%) | loss: 3.193828 | lrm: 0.89 | dt: 2120.69ms | tok/sec: 247,224 | bf16_mfu: 60.20 | epoch: 1 pq: 7 rg: 76 | total time: 24.78m | eta: 34.2m
step 00713/01680 (42.44%) | loss: 3.189435 | lrm: 0.89 | dt: 2119.17ms | tok/sec: 247,403 | bf16_mfu: 60.24 | epoch: 1 pq: 7 rg: 77 | total time: 24.82m | eta: 34.1m
step 00714/01680 (42.50%) | loss: 3.181354 | lrm: 0.89 | dt: 2122.72ms | tok/sec: 246,989 | bf16_mfu: 60.14 | epoch: 1 pq: 7 rg: 78 | total time: 24.85m | eta: 34.1m
step 00715/01680 (42.56%) | loss: 3.181949 | lrm: 0.89 | dt: 2121.00ms | tok/sec: 247,188 | bf16_mfu: 60.19 | epoch: 1 pq: 7 rg: 79 | total time: 24.89m | eta: 34.1m
step 00716/01680 (42.62%) | loss: 3.182042 | lrm: 0.89 | dt: 2124.32ms | tok/sec: 246,802 | bf16_mfu: 60.09 | epoch: 1 pq: 7 rg: 80 | total time: 24.93m | eta: 34.0m
step 00717/01680 (42.68%) | loss: 3.180666 | lrm: 0.89 | dt: 2120.60ms | tok/sec: 247,236 | bf16_mfu: 60.20 | epoch: 1 pq: 7 rg: 81 | total time: 24.96m | eta: 34.0m
step 00718/01680 (42.74%) | loss: 3.180313 | lrm: 0.89 | dt: 2121.24ms | tok/sec: 247,161 | bf16_mfu: 60.18 | epoch: 1 pq: 8 rg: 0 | total time: 25.00m | eta: 34.0m
step 00719/01680 (42.80%) | loss: 3.180633 | lrm: 0.89 | dt: 2122.90ms | tok/sec: 246,967 | bf16_mfu: 60.13 | epoch: 1 pq: 8 rg: 1 | total time: 25.03m | eta: 33.9m
step 00720/01680 (42.86%) | loss: 3.170134 | lrm: 0.89 | dt: 2125.58ms | tok/sec: 246,656 | bf16_mfu: 60.06 | epoch: 1 pq: 8 rg: 2 | total time: 25.07m | eta: 33.9m
step 00721/01680 (42.92%) | loss: 3.163940 | lrm: 0.88 | dt: 2125.17ms | tok/sec: 246,704 | bf16_mfu: 60.07 | epoch: 1 pq: 8 rg: 3 | total time: 25.10m | eta: 33.9m
step 00722/01680 (42.98%) | loss: 3.169142 | lrm: 0.88 | dt: 2117.67ms | tok/sec: 247,577 | bf16_mfu: 60.28 | epoch: 1 pq: 8 rg: 4 | total time: 25.14m | eta: 33.8m
step 00723/01680 (43.04%) | loss: 3.166296 | lrm: 0.88 | dt: 2119.10ms | tok/sec: 247,410 | bf16_mfu: 60.24 | epoch: 1 pq: 8 rg: 5 | total time: 25.17m | eta: 33.8m
step 00724/01680 (43.10%) | loss: 3.170286 | lrm: 0.88 | dt: 2124.25ms | tok/sec: 246,810 | bf16_mfu: 60.10 | epoch: 1 pq: 8 rg: 5 | total time: 25.21m | eta: 33.8m
step 00725/01680 (43.15%) | loss: 3.163930 | lrm: 0.88 | dt: 2122.27ms | tok/sec: 247,040 | bf16_mfu: 60.15 | epoch: 1 pq: 8 rg: 6 | total time: 25.24m | eta: 33.7m
step 00726/01680 (43.21%) | loss: 3.170842 | lrm: 0.88 | dt: 2125.41ms | tok/sec: 246,676 | bf16_mfu: 60.06 | epoch: 1 pq: 8 rg: 7 | total time: 25.28m | eta: 33.7m
step 00727/01680 (43.27%) | loss: 3.164085 | lrm: 0.88 | dt: 2124.56ms | tok/sec: 246,775 | bf16_mfu: 60.09 | epoch: 1 pq: 8 rg: 8 | total time: 25.31m | eta: 33.6m
step 00728/01680 (43.33%) | loss: 3.161040 | lrm: 0.88 | dt: 2124.39ms | tok/sec: 246,794 | bf16_mfu: 60.09 | epoch: 1 pq: 8 rg: 9 | total time: 25.35m | eta: 33.6m
step 00729/01680 (43.39%) | loss: 3.158540 | lrm: 0.88 | dt: 2120.82ms | tok/sec: 247,210 | bf16_mfu: 60.19 | epoch: 1 pq: 8 rg: 10 | total time: 25.38m | eta: 33.6m
step 00730/01680 (43.45%) | loss: 3.160847 | lrm: 0.88 | dt: 2122.69ms | tok/sec: 246,992 | bf16_mfu: 60.14 | epoch: 1 pq: 8 rg: 11 | total time: 25.42m | eta: 33.5m
step 00731/01680 (43.51%) | loss: 3.159674 | lrm: 0.88 | dt: 2123.16ms | tok/sec: 246,937 | bf16_mfu: 60.13 | epoch: 1 pq: 8 rg: 12 | total time: 25.46m | eta: 33.5m
step 00732/01680 (43.57%) | loss: 3.157806 | lrm: 0.87 | dt: 2123.25ms | tok/sec: 246,926 | bf16_mfu: 60.12 | epoch: 1 pq: 8 rg: 13 | total time: 25.49m | eta: 33.5m
step 00733/01680 (43.63%) | loss: 3.153169 | lrm: 0.87 | dt: 2120.78ms | tok/sec: 247,214 | bf16_mfu: 60.19 | epoch: 1 pq: 8 rg: 14 | total time: 25.53m | eta: 33.4m
step 00734/01680 (43.69%) | loss: 3.154198 | lrm: 0.87 | dt: 2121.84ms | tok/sec: 247,090 | bf16_mfu: 60.16 | epoch: 1 pq: 8 rg: 15 | total time: 25.56m | eta: 33.4m
step 00735/01680 (43.75%) | loss: 3.149612 | lrm: 0.87 | dt: 2117.77ms | tok/sec: 247,566 | bf16_mfu: 60.28 | epoch: 1 pq: 8 rg: 15 | total time: 25.60m | eta: 33.4m
step 00736/01680 (43.81%) | loss: 3.150343 | lrm: 0.87 | dt: 2114.57ms | tok/sec: 247,940 | bf16_mfu: 60.37 | epoch: 1 pq: 8 rg: 16 | total time: 25.63m | eta: 33.3m
step 00737/01680 (43.87%) | loss: 3.149356 | lrm: 0.87 | dt: 2120.19ms | tok/sec: 247,282 | bf16_mfu: 60.21 | epoch: 1 pq: 8 rg: 17 | total time: 25.67m | eta: 33.3m
step 00738/01680 (43.93%) | loss: 3.150675 | lrm: 0.87 | dt: 2122.85ms | tok/sec: 246,974 | bf16_mfu: 60.14 | epoch: 1 pq: 8 rg: 18 | total time: 25.70m | eta: 33.3m
step 00739/01680 (43.99%) | loss: 3.157533 | lrm: 0.87 | dt: 2125.62ms | tok/sec: 246,651 | bf16_mfu: 60.06 | epoch: 1 pq: 8 rg: 19 | total time: 25.74m | eta: 33.2m
step 00740/01680 (44.05%) | loss: 3.154451 | lrm: 0.87 | dt: 2122.48ms | tok/sec: 247,016 | bf16_mfu: 60.15 | epoch: 1 pq: 8 rg: 20 | total time: 25.77m | eta: 33.2m
step 00741/01680 (44.11%) | loss: 3.147173 | lrm: 0.87 | dt: 2117.04ms | tok/sec: 247,651 | bf16_mfu: 60.30 | epoch: 1 pq: 8 rg: 21 | total time: 25.81m | eta: 33.2m
step 00742/01680 (44.17%) | loss: 3.145962 | lrm: 0.87 | dt: 2121.40ms | tok/sec: 247,142 | bf16_mfu: 60.18 | epoch: 1 pq: 8 rg: 22 | total time: 25.84m | eta: 33.1m
step 00743/01680 (44.23%) | loss: 3.150557 | lrm: 0.87 | dt: 2123.99ms | tok/sec: 246,840 | bf16_mfu: 60.10 | epoch: 1 pq: 8 rg: 23 | total time: 25.88m | eta: 33.1m
step 00744/01680 (44.29%) | loss: 3.144966 | lrm: 0.86 | dt: 2122.52ms | tok/sec: 247,012 | bf16_mfu: 60.15 | epoch: 1 pq: 8 rg: 24 | total time: 25.92m | eta: 33.0m
step 00745/01680 (44.35%) | loss: 3.144241 | lrm: 0.86 | dt: 2122.70ms | tok/sec: 246,990 | bf16_mfu: 60.14 | epoch: 1 pq: 8 rg: 25 | total time: 25.95m | eta: 33.0m
step 00746/01680 (44.40%) | loss: 3.138014 | lrm: 0.86 | dt: 2127.75ms | tok/sec: 246,404 | bf16_mfu: 60.00 | epoch: 1 pq: 8 rg: 26 | total time: 25.99m | eta: 33.0m
step 00747/01680 (44.46%) | loss: 3.134418 | lrm: 0.86 | dt: 2122.65ms | tok/sec: 246,996 | bf16_mfu: 60.14 | epoch: 1 pq: 8 rg: 26 | total time: 26.02m | eta: 32.9m
step 00748/01680 (44.52%) | loss: 3.138000 | lrm: 0.86 | dt: 2117.21ms | tok/sec: 247,631 | bf16_mfu: 60.30 | epoch: 1 pq: 8 rg: 27 | total time: 26.06m | eta: 32.9m
step 00749/01680 (44.58%) | loss: 3.142082 | lrm: 0.86 | dt: 2119.42ms | tok/sec: 247,373 | bf16_mfu: 60.23 | epoch: 1 pq: 8 rg: 28 | total time: 26.09m | eta: 32.9m
Step 00750 | Validation bpb: 0.961217
step 00750/01680 (44.64%) | loss: 3.136171 | lrm: 0.86 | dt: 2121.47ms | tok/sec: 247,134 | bf16_mfu: 60.18 | epoch: 1 pq: 8 rg: 29 | total time: 26.13m | eta: 32.8m
step 00751/01680 (44.70%) | loss: 3.137983 | lrm: 0.86 | dt: 2121.90ms | tok/sec: 247,084 | bf16_mfu: 60.16 | epoch: 1 pq: 8 rg: 30 | total time: 26.16m | eta: 32.8m
step 00752/01680 (44.76%) | loss: 3.139365 | lrm: 0.86 | dt: 2120.91ms | tok/sec: 247,199 | bf16_mfu: 60.19 | epoch: 1 pq: 8 rg: 31 | total time: 26.20m | eta: 32.8m
step 00753/01680 (44.82%) | loss: 3.145539 | lrm: 0.86 | dt: 2121.65ms | tok/sec: 247,112 | bf16_mfu: 60.17 | epoch: 1 pq: 8 rg: 32 | total time: 26.23m | eta: 32.7m
step 00754/01680 (44.88%) | loss: 3.146444 | lrm: 0.86 | dt: 2118.19ms | tok/sec: 247,516 | bf16_mfu: 60.27 | epoch: 1 pq: 8 rg: 33 | total time: 26.27m | eta: 32.7m
step 00755/01680 (44.94%) | loss: 3.153101 | lrm: 0.85 | dt: 2121.97ms | tok/sec: 247,076 | bf16_mfu: 60.16 | epoch: 1 pq: 8 rg: 34 | total time: 26.30m | eta: 32.7m
step 00756/01680 (45.00%) | loss: 3.150029 | lrm: 0.85 | dt: 2117.71ms | tok/sec: 247,573 | bf16_mfu: 60.28 | epoch: 1 pq: 8 rg: 35 | total time: 26.34m | eta: 32.6m
step 00757/01680 (45.06%) | loss: 3.141268 | lrm: 0.85 | dt: 2124.22ms | tok/sec: 246,814 | bf16_mfu: 60.10 | epoch: 1 pq: 8 rg: 36 | total time: 26.37m | eta: 32.6m
step 00758/01680 (45.12%) | loss: 3.142544 | lrm: 0.85 | dt: 2122.27ms | tok/sec: 247,041 | bf16_mfu: 60.15 | epoch: 1 pq: 8 rg: 37 | total time: 26.41m | eta: 32.6m
step 00759/01680 (45.18%) | loss: 3.146787 | lrm: 0.85 | dt: 2118.50ms | tok/sec: 247,481 | bf16_mfu: 60.26 | epoch: 1 pq: 8 rg: 38 | total time: 26.45m | eta: 32.5m
step 00760/01680 (45.24%) | loss: 3.149672 | lrm: 0.85 | dt: 2119.15ms | tok/sec: 247,404 | bf16_mfu: 60.24 | epoch: 1 pq: 8 rg: 39 | total time: 26.48m | eta: 32.5m
step 00761/01680 (45.30%) | loss: 3.144601 | lrm: 0.85 | dt: 2122.68ms | tok/sec: 246,992 | bf16_mfu: 60.14 | epoch: 1 pq: 8 rg: 39 | total time: 26.52m | eta: 32.4m
step 00762/01680 (45.36%) | loss: 3.140398 | lrm: 0.85 | dt: 2121.81ms | tok/sec: 247,094 | bf16_mfu: 60.17 | epoch: 1 pq: 8 rg: 40 | total time: 26.55m | eta: 32.4m
step 00763/01680 (45.42%) | loss: 3.141223 | lrm: 0.85 | dt: 2121.77ms | tok/sec: 247,098 | bf16_mfu: 60.17 | epoch: 1 pq: 8 rg: 41 | total time: 26.59m | eta: 32.4m
step 00764/01680 (45.48%) | loss: 3.132753 | lrm: 0.85 | dt: 2122.82ms | tok/sec: 246,976 | bf16_mfu: 60.14 | epoch: 1 pq: 8 rg: 42 | total time: 26.62m | eta: 32.3m
step 00765/01680 (45.54%) | loss: 3.132490 | lrm: 0.85 | dt: 2119.04ms | tok/sec: 247,417 | bf16_mfu: 60.24 | epoch: 1 pq: 8 rg: 43 | total time: 26.66m | eta: 32.3m
step 00766/01680 (45.60%) | loss: 3.126569 | lrm: 0.85 | dt: 2113.66ms | tok/sec: 248,047 | bf16_mfu: 60.40 | epoch: 1 pq: 8 rg: 44 | total time: 26.69m | eta: 32.3m
