2026-07-26 18:31:06,917 - nanochat.common - [32m[1mINFO[0m - Distributed world size: 1

                                                       █████                █████
                                                      ░░███                ░░███
     ████████    ██████   ████████    ██████   ██████  ░███████    ██████  ███████
    ░░███░░███  ░░░░░███ ░░███░░███  ███░░███ ███░░███ ░███░░███  ░░░░░███░░░███░
     ░███ ░███   ███████  ░███ ░███ ░███ ░███░███ ░░░  ░███ ░███   ███████  ░███
     ░███ ░███  ███░░███  ░███ ░███ ░███ ░███░███  ███ ░███ ░███  ███░░███  ░███ ███
     ████ █████░░████████ ████ █████░░██████ ░░██████  ████ █████░░███████  ░░█████
    ░░░░ ░░░░░  ░░░░░░░░ ░░░░ ░░░░░  ░░░░░░   ░░░░░░  ░░░░ ░░░░░  ░░░░░░░░   ░░░░░
    
Autodetected device type: cuda
GPU: NVIDIA A100-SXM4-80GB | Peak FLOPS (BF16): 3.12e+14
COMPUTE_DTYPE: torch.bfloat16 (auto-detected: CUDA SM 80 (bf16 supported))
✓ Using Flash Attention 2 (Ampere/Ada GPU detected).
Vocab size: 32,768
Model config:
{
  "sequence_len": 2048,
  "vocab_size": 32768,
  "n_layer": 12,
  "n_head": 6,
  "n_kv_head": 6,
  "n_embd": 768,
  "window_pattern": "SSSL"
}
Parameter counts:
wte                     : 25,165,824
value_embeds            : 150,994,944
lm_head                 : 25,165,824
transformer_matrices    : 84,935,088
scalars                 : 50
total                   : 286,261,730
Estimated FLOPs per token: 7.596959e+08
Auto-computed optimal batch size: 524,288 tokens
Scaling the LR for the AdamW parameters ∝1/√(768/768) = 1.000000
Calculated number of iterations from target data:param ratio: 2,205
Total number of training tokens: 1,156,055,040
Tokens : Scaling params ratio: 10.50
Total training FLOPs estimate: 8.782503e+17
Tokens / micro-batch / rank: 64 x 2048 = 131,072
Tokens / micro-batch: 131,072
Total batch size 524,288 => gradient accumulation steps: 4
Step 00000 | Validation bpb: 3.176160
step 00000/02205 (0.00%) | loss: 10.397434 | lrm: 0.03 | dt: 33576.51ms | tok/sec: 15,614 | bf16_mfu: 3.80 | epoch: 1 pq: 0 rg: 1 | total time: 0.00m
step 00001/02205 (0.05%) | loss: 10.384665 | lrm: 0.05 | dt: 2114.16ms | tok/sec: 247,989 | bf16_mfu: 60.38 | epoch: 1 pq: 0 rg: 2 | total time: 0.00m
step 00002/02205 (0.09%) | loss: 10.362582 | lrm: 0.07 | dt: 2109.64ms | tok/sec: 248,520 | bf16_mfu: 60.51 | epoch: 1 pq: 0 rg: 2 | total time: 0.00m
step 00003/02205 (0.14%) | loss: 10.329331 | lrm: 0.10 | dt: 2108.97ms | tok/sec: 248,599 | bf16_mfu: 60.53 | epoch: 1 pq: 0 rg: 3 | total time: 0.00m
step 00004/02205 (0.18%) | loss: 10.280201 | lrm: 0.12 | dt: 2116.00ms | tok/sec: 247,772 | bf16_mfu: 60.33 | epoch: 1 pq: 0 rg: 4 | total time: 0.00m
step 00005/02205 (0.23%) | loss: 10.209700 | lrm: 0.15 | dt: 2113.04ms | tok/sec: 248,120 | bf16_mfu: 60.42 | epoch: 1 pq: 0 rg: 5 | total time: 0.00m
step 00006/02205 (0.27%) | loss: 10.104414 | lrm: 0.17 | dt: 2110.75ms | tok/sec: 248,389 | bf16_mfu: 60.48 | epoch: 1 pq: 0 rg: 6 | total time: 0.00m
step 00007/02205 (0.32%) | loss: 9.948622 | lrm: 0.20 | dt: 2107.64ms | tok/sec: 248,755 | bf16_mfu: 60.57 | epoch: 1 pq: 0 rg: 7 | total time: 0.00m
step 00008/02205 (0.36%) | loss: 9.712328 | lrm: 0.23 | dt: 2105.94ms | tok/sec: 248,956 | bf16_mfu: 60.62 | epoch: 1 pq: 0 rg: 8 | total time: 0.00m
step 00009/02205 (0.41%) | loss: 9.423305 | lrm: 0.25 | dt: 2108.85ms | tok/sec: 248,613 | bf16_mfu: 60.54 | epoch: 1 pq: 0 rg: 9 | total time: 0.00m
step 00010/02205 (0.45%) | loss: 9.112563 | lrm: 0.28 | dt: 2107.48ms | tok/sec: 248,774 | bf16_mfu: 60.57 | epoch: 1 pq: 0 rg: 10 | total time: 0.00m
step 00011/02205 (0.50%) | loss: 8.826353 | lrm: 0.30 | dt: 2102.35ms | tok/sec: 249,382 | bf16_mfu: 60.72 | epoch: 1 pq: 0 rg: 11 | total time: 0.04m | eta: 76.9m
step 00012/02205 (0.54%) | loss: 8.562215 | lrm: 0.33 | dt: 2107.19ms | tok/sec: 248,809 | bf16_mfu: 60.58 | epoch: 1 pq: 0 rg: 12 | total time: 0.07m | eta: 76.9m
step 00013/02205 (0.59%) | loss: 8.330188 | lrm: 0.35 | dt: 2108.81ms | tok/sec: 248,618 | bf16_mfu: 60.54 | epoch: 1 pq: 0 rg: 13 | total time: 0.11m | eta: 76.9m
step 00014/02205 (0.63%) | loss: 8.122824 | lrm: 0.38 | dt: 2109.85ms | tok/sec: 248,495 | bf16_mfu: 60.51 | epoch: 1 pq: 0 rg: 14 | total time: 0.14m | eta: 76.9m
step 00015/02205 (0.68%) | loss: 7.923618 | lrm: 0.40 | dt: 2114.41ms | tok/sec: 247,959 | bf16_mfu: 60.38 | epoch: 1 pq: 0 rg: 15 | total time: 0.18m | eta: 77.0m
step 00016/02205 (0.73%) | loss: 7.753183 | lrm: 0.42 | dt: 2113.14ms | tok/sec: 248,108 | bf16_mfu: 60.41 | epoch: 1 pq: 0 rg: 15 | total time: 0.21m | eta: 77.0m
step 00017/02205 (0.77%) | loss: 7.591177 | lrm: 0.45 | dt: 2111.49ms | tok/sec: 248,302 | bf16_mfu: 60.46 | epoch: 1 pq: 0 rg: 16 | total time: 0.25m | eta: 76.9m
step 00018/02205 (0.82%) | loss: 7.440374 | lrm: 0.47 | dt: 2114.06ms | tok/sec: 248,000 | bf16_mfu: 60.39 | epoch: 1 pq: 0 rg: 17 | total time: 0.28m | eta: 76.9m
step 00019/02205 (0.86%) | loss: 7.302718 | lrm: 0.50 | dt: 2110.81ms | tok/sec: 248,382 | bf16_mfu: 60.48 | epoch: 1 pq: 0 rg: 18 | total time: 0.32m | eta: 76.9m
step 00020/02205 (0.91%) | loss: 7.175720 | lrm: 0.53 | dt: 2112.32ms | tok/sec: 248,204 | bf16_mfu: 60.44 | epoch: 1 pq: 0 rg: 19 | total time: 0.35m | eta: 76.9m
step 00021/02205 (0.95%) | loss: 7.057190 | lrm: 0.55 | dt: 2109.43ms | tok/sec: 248,544 | bf16_mfu: 60.52 | epoch: 1 pq: 0 rg: 20 | total time: 0.39m | eta: 76.8m
step 00022/02205 (1.00%) | loss: 6.948823 | lrm: 0.57 | dt: 2113.59ms | tok/sec: 248,055 | bf16_mfu: 60.40 | epoch: 1 pq: 0 rg: 21 | total time: 0.42m | eta: 76.8m
step 00023/02205 (1.04%) | loss: 6.852153 | lrm: 0.60 | dt: 2107.77ms | tok/sec: 248,740 | bf16_mfu: 60.57 | epoch: 1 pq: 0 rg: 22 | total time: 0.46m | eta: 76.7m
step 00024/02205 (1.09%) | loss: 6.755483 | lrm: 0.62 | dt: 2112.51ms | tok/sec: 248,182 | bf16_mfu: 60.43 | epoch: 1 pq: 0 rg: 23 | total time: 0.49m | eta: 76.7m
step 00025/02205 (1.13%) | loss: 6.665799 | lrm: 0.65 | dt: 2113.21ms | tok/sec: 248,099 | bf16_mfu: 60.41 | epoch: 1 pq: 0 rg: 24 | total time: 0.53m | eta: 76.7m
step 00026/02205 (1.18%) | loss: 6.585326 | lrm: 0.68 | dt: 2112.27ms | tok/sec: 248,210 | bf16_mfu: 60.44 | epoch: 1 pq: 0 rg: 25 | total time: 0.56m | eta: 76.7m
step 00027/02205 (1.22%) | loss: 6.522015 | lrm: 0.70 | dt: 2112.57ms | tok/sec: 248,175 | bf16_mfu: 60.43 | epoch: 1 pq: 0 rg: 26 | total time: 0.60m | eta: 76.6m
step 00028/02205 (1.27%) | loss: 6.458436 | lrm: 0.72 | dt: 2111.60ms | tok/sec: 248,289 | bf16_mfu: 60.46 | epoch: 1 pq: 0 rg: 27 | total time: 0.63m | eta: 76.6m
step 00029/02205 (1.32%) | loss: 6.402088 | lrm: 0.75 | dt: 2116.80ms | tok/sec: 247,679 | bf16_mfu: 60.31 | epoch: 1 pq: 0 rg: 27 | total time: 0.67m | eta: 76.6m
step 00030/02205 (1.36%) | loss: 6.347578 | lrm: 0.78 | dt: 2111.50ms | tok/sec: 248,300 | bf16_mfu: 60.46 | epoch: 1 pq: 0 rg: 28 | total time: 0.70m | eta: 76.5m
step 00031/02205 (1.41%) | loss: 6.290040 | lrm: 0.80 | dt: 2113.25ms | tok/sec: 248,095 | bf16_mfu: 60.41 | epoch: 1 pq: 0 rg: 29 | total time: 0.74m | eta: 76.5m
step 00032/02205 (1.45%) | loss: 6.241064 | lrm: 0.82 | dt: 2112.90ms | tok/sec: 248,137 | bf16_mfu: 60.42 | epoch: 1 pq: 0 rg: 30 | total time: 0.77m | eta: 76.5m
step 00033/02205 (1.50%) | loss: 6.191958 | lrm: 0.85 | dt: 2111.66ms | tok/sec: 248,282 | bf16_mfu: 60.45 | epoch: 1 pq: 0 rg: 31 | total time: 0.81m | eta: 76.4m
step 00034/02205 (1.54%) | loss: 6.155346 | lrm: 0.88 | dt: 2111.60ms | tok/sec: 248,289 | bf16_mfu: 60.46 | epoch: 1 pq: 0 rg: 32 | total time: 0.84m | eta: 76.4m
step 00035/02205 (1.59%) | loss: 6.111010 | lrm: 0.90 | dt: 2112.92ms | tok/sec: 248,134 | bf16_mfu: 60.42 | epoch: 1 pq: 0 rg: 33 | total time: 0.88m | eta: 76.4m
step 00036/02205 (1.63%) | loss: 6.070480 | lrm: 0.93 | dt: 2113.23ms | tok/sec: 248,097 | bf16_mfu: 60.41 | epoch: 1 pq: 0 rg: 34 | total time: 0.92m | eta: 76.3m
step 00037/02205 (1.68%) | loss: 6.033899 | lrm: 0.95 | dt: 2115.39ms | tok/sec: 247,844 | bf16_mfu: 60.35 | epoch: 1 pq: 0 rg: 35 | total time: 0.95m | eta: 76.3m
step 00038/02205 (1.72%) | loss: 5.997276 | lrm: 0.97 | dt: 2109.48ms | tok/sec: 248,538 | bf16_mfu: 60.52 | epoch: 1 pq: 0 rg: 36 | total time: 0.99m | eta: 76.3m
step 00039/02205 (1.77%) | loss: 5.963086 | lrm: 1.00 | dt: 2114.17ms | tok/sec: 247,988 | bf16_mfu: 60.38 | epoch: 1 pq: 0 rg: 37 | total time: 1.02m | eta: 76.2m
step 00040/02205 (1.81%) | loss: 5.930726 | lrm: 1.00 | dt: 2112.64ms | tok/sec: 248,167 | bf16_mfu: 60.43 | epoch: 1 pq: 0 rg: 38 | total time: 1.06m | eta: 76.2m
step 00041/02205 (1.86%) | loss: 5.900931 | lrm: 1.00 | dt: 2108.07ms | tok/sec: 248,705 | bf16_mfu: 60.56 | epoch: 1 pq: 0 rg: 39 | total time: 1.09m | eta: 76.2m
step 00042/02205 (1.90%) | loss: 5.875120 | lrm: 1.00 | dt: 2109.83ms | tok/sec: 248,498 | bf16_mfu: 60.51 | epoch: 1 pq: 0 rg: 39 | total time: 1.13m | eta: 76.1m
step 00043/02205 (1.95%) | loss: 5.839746 | lrm: 1.00 | dt: 2114.75ms | tok/sec: 247,920 | bf16_mfu: 60.37 | epoch: 1 pq: 0 rg: 40 | total time: 1.16m | eta: 76.1m
step 00044/02205 (2.00%) | loss: 5.804736 | lrm: 1.00 | dt: 2111.57ms | tok/sec: 248,293 | bf16_mfu: 60.46 | epoch: 1 pq: 0 rg: 41 | total time: 1.20m | eta: 76.1m
step 00045/02205 (2.04%) | loss: 5.771573 | lrm: 1.00 | dt: 2112.44ms | tok/sec: 248,190 | bf16_mfu: 60.43 | epoch: 1 pq: 0 rg: 42 | total time: 1.23m | eta: 76.0m
step 00046/02205 (2.09%) | loss: 5.738812 | lrm: 1.00 | dt: 2111.82ms | tok/sec: 248,264 | bf16_mfu: 60.45 | epoch: 1 pq: 0 rg: 43 | total time: 1.27m | eta: 76.0m
step 00047/02205 (2.13%) | loss: 5.709808 | lrm: 1.00 | dt: 2117.55ms | tok/sec: 247,591 | bf16_mfu: 60.29 | epoch: 1 pq: 0 rg: 44 | total time: 1.30m | eta: 76.0m
step 00048/02205 (2.18%) | loss: 5.684871 | lrm: 1.00 | dt: 2115.56ms | tok/sec: 247,824 | bf16_mfu: 60.34 | epoch: 1 pq: 0 rg: 45 | total time: 1.34m | eta: 75.9m
step 00049/02205 (2.22%) | loss: 5.653991 | lrm: 1.00 | dt: 2114.88ms | tok/sec: 247,904 | bf16_mfu: 60.36 | epoch: 1 pq: 0 rg: 46 | total time: 1.37m | eta: 75.9m
step 00050/02205 (2.27%) | loss: 5.622392 | lrm: 1.00 | dt: 2115.26ms | tok/sec: 247,860 | bf16_mfu: 60.35 | epoch: 1 pq: 0 rg: 47 | total time: 1.41m | eta: 75.9m
step 00051/02205 (2.31%) | loss: 5.598617 | lrm: 1.00 | dt: 2115.09ms | tok/sec: 247,879 | bf16_mfu: 60.36 | epoch: 1 pq: 0 rg: 48 | total time: 1.44m | eta: 75.8m
step 00052/02205 (2.36%) | loss: 5.570348 | lrm: 1.00 | dt: 2113.92ms | tok/sec: 248,016 | bf16_mfu: 60.39 | epoch: 1 pq: 0 rg: 49 | total time: 1.48m | eta: 75.8m
step 00053/02205 (2.40%) | loss: 5.542901 | lrm: 1.00 | dt: 2109.05ms | tok/sec: 248,589 | bf16_mfu: 60.53 | epoch: 1 pq: 0 rg: 50 | total time: 1.51m | eta: 75.8m
step 00054/02205 (2.45%) | loss: 5.518831 | lrm: 1.00 | dt: 2114.49ms | tok/sec: 247,950 | bf16_mfu: 60.37 | epoch: 1 pq: 0 rg: 50 | total time: 1.55m | eta: 75.7m
step 00055/02205 (2.49%) | loss: 5.497882 | lrm: 1.00 | dt: 2114.20ms | tok/sec: 247,984 | bf16_mfu: 60.38 | epoch: 1 pq: 0 rg: 51 | total time: 1.58m | eta: 75.7m
step 00056/02205 (2.54%) | loss: 5.478468 | lrm: 1.00 | dt: 2114.05ms | tok/sec: 248,001 | bf16_mfu: 60.39 | epoch: 1 pq: 0 rg: 52 | total time: 1.62m | eta: 75.7m
step 00057/02205 (2.59%) | loss: 5.453299 | lrm: 1.00 | dt: 2110.24ms | tok/sec: 248,449 | bf16_mfu: 60.50 | epoch: 1 pq: 0 rg: 53 | total time: 1.65m | eta: 75.6m
step 00058/02205 (2.63%) | loss: 5.420460 | lrm: 1.00 | dt: 2111.89ms | tok/sec: 248,255 | bf16_mfu: 60.45 | epoch: 1 pq: 0 rg: 54 | total time: 1.69m | eta: 75.6m
step 00059/02205 (2.68%) | loss: 5.397274 | lrm: 1.00 | dt: 2111.92ms | tok/sec: 248,251 | bf16_mfu: 60.45 | epoch: 1 pq: 0 rg: 55 | total time: 1.72m | eta: 75.5m
step 00060/02205 (2.72%) | loss: 5.374707 | lrm: 1.00 | dt: 2111.81ms | tok/sec: 248,265 | bf16_mfu: 60.45 | epoch: 1 pq: 0 rg: 56 | total time: 1.76m | eta: 75.5m
step 00061/02205 (2.77%) | loss: 5.349543 | lrm: 1.00 | dt: 2109.69ms | tok/sec: 248,514 | bf16_mfu: 60.51 | epoch: 1 pq: 0 rg: 57 | total time: 1.80m | eta: 75.5m
step 00062/02205 (2.81%) | loss: 5.323611 | lrm: 1.00 | dt: 2117.67ms | tok/sec: 247,577 | bf16_mfu: 60.28 | epoch: 1 pq: 0 rg: 58 | total time: 1.83m | eta: 75.4m
step 00063/02205 (2.86%) | loss: 5.302050 | lrm: 1.00 | dt: 2116.16ms | tok/sec: 247,753 | bf16_mfu: 60.33 | epoch: 1 pq: 0 rg: 59 | total time: 1.87m | eta: 75.4m
step 00064/02205 (2.90%) | loss: 5.265391 | lrm: 1.00 | dt: 2114.92ms | tok/sec: 247,899 | bf16_mfu: 60.36 | epoch: 1 pq: 0 rg: 60 | total time: 1.90m | eta: 75.4m
step 00065/02205 (2.95%) | loss: 5.248684 | lrm: 1.00 | dt: 2116.54ms | tok/sec: 247,710 | bf16_mfu: 60.32 | epoch: 1 pq: 0 rg: 61 | total time: 1.94m | eta: 75.3m
step 00066/02205 (2.99%) | loss: 5.228683 | lrm: 1.00 | dt: 2113.26ms | tok/sec: 248,093 | bf16_mfu: 60.41 | epoch: 1 pq: 0 rg: 62 | total time: 1.97m | eta: 75.3m
step 00067/02205 (3.04%) | loss: 5.201236 | lrm: 1.00 | dt: 2120.83ms | tok/sec: 247,209 | bf16_mfu: 60.19 | epoch: 1 pq: 0 rg: 62 | total time: 2.01m | eta: 75.3m
step 00068/02205 (3.08%) | loss: 5.180950 | lrm: 1.00 | dt: 2117.16ms | tok/sec: 247,637 | bf16_mfu: 60.30 | epoch: 1 pq: 0 rg: 63 | total time: 2.04m | eta: 75.2m
step 00069/02205 (3.13%) | loss: 5.152338 | lrm: 1.00 | dt: 2114.13ms | tok/sec: 247,991 | bf16_mfu: 60.38 | epoch: 1 pq: 0 rg: 64 | total time: 2.08m | eta: 75.2m
step 00070/02205 (3.17%) | loss: 5.138060 | lrm: 1.00 | dt: 2113.33ms | tok/sec: 248,085 | bf16_mfu: 60.41 | epoch: 1 pq: 0 rg: 65 | total time: 2.11m | eta: 75.2m
step 00071/02205 (3.22%) | loss: 5.115262 | lrm: 1.00 | dt: 2113.90ms | tok/sec: 248,019 | bf16_mfu: 60.39 | epoch: 1 pq: 0 rg: 66 | total time: 2.15m | eta: 75.1m
step 00072/02205 (3.27%) | loss: 5.092211 | lrm: 1.00 | dt: 2114.89ms | tok/sec: 247,903 | bf16_mfu: 60.36 | epoch: 1 pq: 0 rg: 67 | total time: 2.18m | eta: 75.1m
step 00073/02205 (3.31%) | loss: 5.072056 | lrm: 1.00 | dt: 2115.49ms | tok/sec: 247,832 | bf16_mfu: 60.35 | epoch: 1 pq: 0 rg: 68 | total time: 2.22m | eta: 75.1m
step 00074/02205 (3.36%) | loss: 5.060820 | lrm: 1.00 | dt: 2112.88ms | tok/sec: 248,138 | bf16_mfu: 60.42 | epoch: 1 pq: 0 rg: 69 | total time: 2.25m | eta: 75.0m
step 00075/02205 (3.40%) | loss: 5.037366 | lrm: 1.00 | dt: 2116.91ms | tok/sec: 247,666 | bf16_mfu: 60.30 | epoch: 1 pq: 0 rg: 70 | total time: 2.29m | eta: 75.0m
step 00076/02205 (3.45%) | loss: 5.015887 | lrm: 1.00 | dt: 2117.87ms | tok/sec: 247,554 | bf16_mfu: 60.28 | epoch: 1 pq: 0 rg: 71 | total time: 2.32m | eta: 75.0m
step 00077/02205 (3.49%) | loss: 4.996071 | lrm: 1.00 | dt: 2112.94ms | tok/sec: 248,132 | bf16_mfu: 60.42 | epoch: 1 pq: 0 rg: 72 | total time: 2.36m | eta: 74.9m
step 00078/02205 (3.54%) | loss: 4.967239 | lrm: 1.00 | dt: 2122.14ms | tok/sec: 247,056 | bf16_mfu: 60.16 | epoch: 1 pq: 0 rg: 73 | total time: 2.39m | eta: 74.9m
step 00079/02205 (3.58%) | loss: 4.946905 | lrm: 1.00 | dt: 2116.74ms | tok/sec: 247,686 | bf16_mfu: 60.31 | epoch: 1 pq: 0 rg: 73 | total time: 2.43m | eta: 74.9m
step 00080/02205 (3.63%) | loss: 4.929338 | lrm: 1.00 | dt: 2119.95ms | tok/sec: 247,311 | bf16_mfu: 60.22 | epoch: 1 pq: 0 rg: 74 | total time: 2.47m | eta: 74.8m
step 00081/02205 (3.67%) | loss: 4.908945 | lrm: 1.00 | dt: 2111.47ms | tok/sec: 248,305 | bf16_mfu: 60.46 | epoch: 1 pq: 0 rg: 75 | total time: 2.50m | eta: 74.8m
step 00082/02205 (3.72%) | loss: 4.900969 | lrm: 1.00 | dt: 2112.24ms | tok/sec: 248,214 | bf16_mfu: 60.44 | epoch: 1 pq: 0 rg: 76 | total time: 2.54m | eta: 74.8m
step 00083/02205 (3.76%) | loss: 4.883250 | lrm: 1.00 | dt: 2114.84ms | tok/sec: 247,908 | bf16_mfu: 60.36 | epoch: 1 pq: 0 rg: 77 | total time: 2.57m | eta: 74.7m
step 00084/02205 (3.81%) | loss: 4.863366 | lrm: 1.00 | dt: 2119.88ms | tok/sec: 247,320 | bf16_mfu: 60.22 | epoch: 1 pq: 0 rg: 78 | total time: 2.61m | eta: 74.7m
step 00085/02205 (3.85%) | loss: 4.851044 | lrm: 1.00 | dt: 2114.33ms | tok/sec: 247,969 | bf16_mfu: 60.38 | epoch: 1 pq: 0 rg: 79 | total time: 2.64m | eta: 74.7m
step 00086/02205 (3.90%) | loss: 4.831226 | lrm: 1.00 | dt: 2114.97ms | tok/sec: 247,893 | bf16_mfu: 60.36 | epoch: 1 pq: 0 rg: 80 | total time: 2.68m | eta: 74.6m
step 00087/02205 (3.95%) | loss: 4.814548 | lrm: 1.00 | dt: 2111.39ms | tok/sec: 248,314 | bf16_mfu: 60.46 | epoch: 1 pq: 0 rg: 81 | total time: 2.71m | eta: 74.6m
step 00088/02205 (3.99%) | loss: 4.789922 | lrm: 1.00 | dt: 2113.96ms | tok/sec: 248,012 | bf16_mfu: 60.39 | epoch: 1 pq: 0 rg: 82 | total time: 2.75m | eta: 74.6m
step 00089/02205 (4.04%) | loss: 4.773184 | lrm: 1.00 | dt: 2116.64ms | tok/sec: 247,698 | bf16_mfu: 60.31 | epoch: 1 pq: 0 rg: 83 | total time: 2.78m | eta: 74.5m
step 00090/02205 (4.08%) | loss: 4.754856 | lrm: 1.00 | dt: 2115.57ms | tok/sec: 247,823 | bf16_mfu: 60.34 | epoch: 1 pq: 1 rg: 0 | total time: 2.82m | eta: 74.5m
step 00091/02205 (4.13%) | loss: 4.740785 | lrm: 1.00 | dt: 2112.70ms | tok/sec: 248,159 | bf16_mfu: 60.42 | epoch: 1 pq: 1 rg: 1 | total time: 2.85m | eta: 74.5m
step 00092/02205 (4.17%) | loss: 4.726487 | lrm: 1.00 | dt: 2117.11ms | tok/sec: 247,642 | bf16_mfu: 60.30 | epoch: 1 pq: 1 rg: 2 | total time: 2.89m | eta: 74.4m
step 00093/02205 (4.22%) | loss: 4.714931 | lrm: 1.00 | dt: 2113.23ms | tok/sec: 248,097 | bf16_mfu: 60.41 | epoch: 1 pq: 1 rg: 2 | total time: 2.92m | eta: 74.4m
step 00094/02205 (4.26%) | loss: 4.700417 | lrm: 1.00 | dt: 2114.32ms | tok/sec: 247,970 | bf16_mfu: 60.38 | epoch: 1 pq: 1 rg: 3 | total time: 2.96m | eta: 74.4m
step 00095/02205 (4.31%) | loss: 4.679861 | lrm: 1.00 | dt: 2117.37ms | tok/sec: 247,612 | bf16_mfu: 60.29 | epoch: 1 pq: 1 rg: 4 | total time: 2.99m | eta: 74.3m
step 00096/02205 (4.35%) | loss: 4.669174 | lrm: 1.00 | dt: 2119.68ms | tok/sec: 247,343 | bf16_mfu: 60.23 | epoch: 1 pq: 1 rg: 5 | total time: 3.03m | eta: 74.3m
step 00097/02205 (4.40%) | loss: 4.653564 | lrm: 1.00 | dt: 2112.67ms | tok/sec: 248,164 | bf16_mfu: 60.43 | epoch: 1 pq: 1 rg: 6 | total time: 3.06m | eta: 74.3m
step 00098/02205 (4.44%) | loss: 4.638180 | lrm: 1.00 | dt: 2113.36ms | tok/sec: 248,082 | bf16_mfu: 60.41 | epoch: 1 pq: 1 rg: 7 | total time: 3.10m | eta: 74.2m
step 00099/02205 (4.49%) | loss: 4.619201 | lrm: 1.00 | dt: 2113.39ms | tok/sec: 248,079 | bf16_mfu: 60.41 | epoch: 1 pq: 1 rg: 8 | total time: 3.14m | eta: 74.2m
step 00100/02205 (4.54%) | loss: 4.604267 | lrm: 1.00 | dt: 2115.46ms | tok/sec: 247,836 | bf16_mfu: 60.35 | epoch: 1 pq: 1 rg: 9 | total time: 3.17m | eta: 74.2m
step 00101/02205 (4.58%) | loss: 4.590747 | lrm: 1.00 | dt: 2115.14ms | tok/sec: 247,873 | bf16_mfu: 60.36 | epoch: 1 pq: 1 rg: 10 | total time: 3.21m | eta: 74.1m
step 00102/02205 (4.63%) | loss: 4.576889 | lrm: 1.00 | dt: 2119.08ms | tok/sec: 247,413 | bf16_mfu: 60.24 | epoch: 1 pq: 1 rg: 11 | total time: 3.24m | eta: 74.1m
step 00103/02205 (4.67%) | loss: 4.561321 | lrm: 1.00 | dt: 2117.40ms | tok/sec: 247,609 | bf16_mfu: 60.29 | epoch: 1 pq: 1 rg: 12 | total time: 3.28m | eta: 74.1m
step 00104/02205 (4.72%) | loss: 4.544435 | lrm: 1.00 | dt: 2115.38ms | tok/sec: 247,846 | bf16_mfu: 60.35 | epoch: 1 pq: 1 rg: 13 | total time: 3.31m | eta: 74.0m
step 00105/02205 (4.76%) | loss: 4.531584 | lrm: 1.00 | dt: 2119.73ms | tok/sec: 247,337 | bf16_mfu: 60.22 | epoch: 1 pq: 1 rg: 14 | total time: 3.35m | eta: 74.0m
step 00106/02205 (4.81%) | loss: 4.520494 | lrm: 1.00 | dt: 2113.61ms | tok/sec: 248,053 | bf16_mfu: 60.40 | epoch: 1 pq: 1 rg: 14 | total time: 3.38m | eta: 73.9m
step 00107/02205 (4.85%) | loss: 4.503458 | lrm: 1.00 | dt: 2116.45ms | tok/sec: 247,720 | bf16_mfu: 60.32 | epoch: 1 pq: 1 rg: 15 | total time: 3.42m | eta: 73.9m
step 00108/02205 (4.90%) | loss: 4.491859 | lrm: 1.00 | dt: 2113.55ms | tok/sec: 248,060 | bf16_mfu: 60.40 | epoch: 1 pq: 1 rg: 16 | total time: 3.45m | eta: 73.9m
step 00109/02205 (4.94%) | loss: 4.485898 | lrm: 1.00 | dt: 2118.87ms | tok/sec: 247,437 | bf16_mfu: 60.25 | epoch: 1 pq: 1 rg: 17 | total time: 3.49m | eta: 73.8m
step 00110/02205 (4.99%) | loss: 4.475214 | lrm: 1.00 | dt: 2114.42ms | tok/sec: 247,957 | bf16_mfu: 60.38 | epoch: 1 pq: 1 rg: 18 | total time: 3.52m | eta: 73.8m
step 00111/02205 (5.03%) | loss: 4.461445 | lrm: 1.00 | dt: 2114.52ms | tok/sec: 247,946 | bf16_mfu: 60.37 | epoch: 1 pq: 1 rg: 19 | total time: 3.56m | eta: 73.8m
step 00112/02205 (5.08%) | loss: 4.450335 | lrm: 1.00 | dt: 2117.84ms | tok/sec: 247,558 | bf16_mfu: 60.28 | epoch: 1 pq: 1 rg: 20 | total time: 3.59m | eta: 73.7m
step 00113/02205 (5.12%) | loss: 4.432442 | lrm: 1.00 | dt: 2117.05ms | tok/sec: 247,650 | bf16_mfu: 60.30 | epoch: 1 pq: 1 rg: 21 | total time: 3.63m | eta: 73.7m
step 00114/02205 (5.17%) | loss: 4.416100 | lrm: 1.00 | dt: 2120.53ms | tok/sec: 247,243 | bf16_mfu: 60.20 | epoch: 1 pq: 1 rg: 22 | total time: 3.66m | eta: 73.7m
step 00115/02205 (5.22%) | loss: 4.392928 | lrm: 1.00 | dt: 2118.39ms | tok/sec: 247,493 | bf16_mfu: 60.26 | epoch: 1 pq: 1 rg: 23 | total time: 3.70m | eta: 73.6m
step 00116/02205 (5.26%) | loss: 4.371392 | lrm: 1.00 | dt: 2118.08ms | tok/sec: 247,529 | bf16_mfu: 60.27 | epoch: 1 pq: 1 rg: 24 | total time: 3.73m | eta: 73.6m
step 00117/02205 (5.31%) | loss: 4.358068 | lrm: 1.00 | dt: 2119.87ms | tok/sec: 247,320 | bf16_mfu: 60.22 | epoch: 1 pq: 1 rg: 25 | total time: 3.77m | eta: 73.6m
step 00118/02205 (5.35%) | loss: 4.342594 | lrm: 1.00 | dt: 2121.57ms | tok/sec: 247,122 | bf16_mfu: 60.17 | epoch: 1 pq: 1 rg: 26 | total time: 3.81m | eta: 73.5m
step 00119/02205 (5.40%) | loss: 4.329992 | lrm: 1.00 | dt: 2115.29ms | tok/sec: 247,856 | bf16_mfu: 60.35 | epoch: 1 pq: 1 rg: 26 | total time: 3.84m | eta: 73.5m
step 00120/02205 (5.44%) | loss: 4.318892 | lrm: 1.00 | dt: 2119.12ms | tok/sec: 247,408 | bf16_mfu: 60.24 | epoch: 1 pq: 1 rg: 27 | total time: 3.88m | eta: 73.5m
step 00121/02205 (5.49%) | loss: 4.300654 | lrm: 1.00 | dt: 2118.60ms | tok/sec: 247,469 | bf16_mfu: 60.26 | epoch: 1 pq: 1 rg: 28 | total time: 3.91m | eta: 73.4m
step 00122/02205 (5.53%) | loss: 4.286453 | lrm: 1.00 | dt: 2120.46ms | tok/sec: 247,252 | bf16_mfu: 60.20 | epoch: 1 pq: 1 rg: 29 | total time: 3.95m | eta: 73.4m
step 00123/02205 (5.58%) | loss: 4.273369 | lrm: 1.00 | dt: 2120.49ms | tok/sec: 247,248 | bf16_mfu: 60.20 | epoch: 1 pq: 1 rg: 30 | total time: 3.98m | eta: 73.4m
step 00124/02205 (5.62%) | loss: 4.257160 | lrm: 1.00 | dt: 2120.62ms | tok/sec: 247,233 | bf16_mfu: 60.20 | epoch: 1 pq: 1 rg: 31 | total time: 4.02m | eta: 73.3m
step 00125/02205 (5.67%) | loss: 4.248767 | lrm: 1.00 | dt: 2120.49ms | tok/sec: 247,248 | bf16_mfu: 60.20 | epoch: 1 pq: 1 rg: 32 | total time: 4.05m | eta: 73.3m
step 00126/02205 (5.71%) | loss: 4.231733 | lrm: 1.00 | dt: 2123.56ms | tok/sec: 246,890 | bf16_mfu: 60.12 | epoch: 1 pq: 1 rg: 33 | total time: 4.09m | eta: 73.3m
step 00127/02205 (5.76%) | loss: 4.218381 | lrm: 1.00 | dt: 2117.19ms | tok/sec: 247,633 | bf16_mfu: 60.30 | epoch: 1 pq: 1 rg: 34 | total time: 4.12m | eta: 73.2m
step 00128/02205 (5.80%) | loss: 4.209994 | lrm: 1.00 | dt: 2124.94ms | tok/sec: 246,730 | bf16_mfu: 60.08 | epoch: 1 pq: 1 rg: 35 | total time: 4.16m | eta: 73.2m
step 00129/02205 (5.85%) | loss: 4.199729 | lrm: 1.00 | dt: 2114.16ms | tok/sec: 247,989 | bf16_mfu: 60.38 | epoch: 1 pq: 1 rg: 36 | total time: 4.19m | eta: 73.2m
step 00130/02205 (5.90%) | loss: 4.185450 | lrm: 1.00 | dt: 2126.35ms | tok/sec: 246,567 | bf16_mfu: 60.04 | epoch: 1 pq: 1 rg: 37 | total time: 4.23m | eta: 73.1m
step 00131/02205 (5.94%) | loss: 4.178748 | lrm: 1.00 | dt: 2117.02ms | tok/sec: 247,653 | bf16_mfu: 60.30 | epoch: 1 pq: 1 rg: 38 | total time: 4.26m | eta: 73.1m
step 00132/02205 (5.99%) | loss: 4.154113 | lrm: 1.00 | dt: 2121.28ms | tok/sec: 247,156 | bf16_mfu: 60.18 | epoch: 1 pq: 1 rg: 38 | total time: 4.30m | eta: 73.1m
step 00133/02205 (6.03%) | loss: 4.141152 | lrm: 1.00 | dt: 2118.87ms | tok/sec: 247,437 | bf16_mfu: 60.25 | epoch: 1 pq: 1 rg: 39 | total time: 4.34m | eta: 73.0m
step 00134/02205 (6.08%) | loss: 4.128793 | lrm: 1.00 | dt: 2118.38ms | tok/sec: 247,494 | bf16_mfu: 60.26 | epoch: 1 pq: 1 rg: 40 | total time: 4.37m | eta: 73.0m
step 00135/02205 (6.12%) | loss: 4.114075 | lrm: 1.00 | dt: 2118.10ms | tok/sec: 247,527 | bf16_mfu: 60.27 | epoch: 1 pq: 1 rg: 41 | total time: 4.41m | eta: 73.0m
step 00136/02205 (6.17%) | loss: 4.098896 | lrm: 1.00 | dt: 2117.04ms | tok/sec: 247,651 | bf16_mfu: 60.30 | epoch: 1 pq: 1 rg: 42 | total time: 4.44m | eta: 72.9m
step 00137/02205 (6.21%) | loss: 4.086761 | lrm: 1.00 | dt: 2120.54ms | tok/sec: 247,242 | bf16_mfu: 60.20 | epoch: 1 pq: 1 rg: 43 | total time: 4.48m | eta: 72.9m
step 00138/02205 (6.26%) | loss: 4.077891 | lrm: 1.00 | dt: 2121.39ms | tok/sec: 247,143 | bf16_mfu: 60.18 | epoch: 1 pq: 1 rg: 44 | total time: 4.51m | eta: 72.9m
step 00139/02205 (6.30%) | loss: 4.065642 | lrm: 1.00 | dt: 2118.99ms | tok/sec: 247,422 | bf16_mfu: 60.25 | epoch: 1 pq: 1 rg: 45 | total time: 4.55m | eta: 72.8m
step 00140/02205 (6.35%) | loss: 4.061737 | lrm: 1.00 | dt: 2121.12ms | tok/sec: 247,174 | bf16_mfu: 60.19 | epoch: 1 pq: 1 rg: 46 | total time: 4.58m | eta: 72.8m
step 00141/02205 (6.39%) | loss: 4.053683 | lrm: 1.00 | dt: 2115.95ms | tok/sec: 247,779 | bf16_mfu: 60.33 | epoch: 1 pq: 1 rg: 47 | total time: 4.62m | eta: 72.8m
step 00142/02205 (6.44%) | loss: 4.040883 | lrm: 1.00 | dt: 2120.67ms | tok/sec: 247,227 | bf16_mfu: 60.20 | epoch: 1 pq: 1 rg: 48 | total time: 4.65m | eta: 72.7m
step 00143/02205 (6.49%) | loss: 4.032597 | lrm: 1.00 | dt: 2120.54ms | tok/sec: 247,242 | bf16_mfu: 60.20 | epoch: 1 pq: 1 rg: 49 | total time: 4.69m | eta: 72.7m
step 00144/02205 (6.53%) | loss: 4.027446 | lrm: 1.00 | dt: 2124.72ms | tok/sec: 246,756 | bf16_mfu: 60.08 | epoch: 1 pq: 1 rg: 50 | total time: 4.72m | eta: 72.7m
step 00145/02205 (6.58%) | loss: 4.022446 | lrm: 1.00 | dt: 2126.03ms | tok/sec: 246,604 | bf16_mfu: 60.05 | epoch: 1 pq: 1 rg: 51 | total time: 4.76m | eta: 72.6m
step 00146/02205 (6.62%) | loss: 4.016739 | lrm: 1.00 | dt: 2121.74ms | tok/sec: 247,102 | bf16_mfu: 60.17 | epoch: 1 pq: 1 rg: 51 | total time: 4.79m | eta: 72.6m
step 00147/02205 (6.67%) | loss: 4.005870 | lrm: 1.00 | dt: 2119.47ms | tok/sec: 247,367 | bf16_mfu: 60.23 | epoch: 1 pq: 1 rg: 52 | total time: 4.83m | eta: 72.6m
step 00148/02205 (6.71%) | loss: 3.996059 | lrm: 1.00 | dt: 2124.20ms | tok/sec: 246,817 | bf16_mfu: 60.10 | epoch: 1 pq: 1 rg: 53 | total time: 4.87m | eta: 72.5m
step 00149/02205 (6.76%) | loss: 3.987856 | lrm: 1.00 | dt: 2123.23ms | tok/sec: 246,929 | bf16_mfu: 60.13 | epoch: 1 pq: 1 rg: 54 | total time: 4.90m | eta: 72.5m
step 00150/02205 (6.80%) | loss: 3.983752 | lrm: 1.00 | dt: 2125.83ms | tok/sec: 246,626 | bf16_mfu: 60.05 | epoch: 1 pq: 1 rg: 55 | total time: 4.94m | eta: 72.5m
step 00151/02205 (6.85%) | loss: 3.972039 | lrm: 1.00 | dt: 2125.44ms | tok/sec: 246,672 | bf16_mfu: 60.06 | epoch: 1 pq: 1 rg: 56 | total time: 4.97m | eta: 72.4m
step 00152/02205 (6.89%) | loss: 3.965848 | lrm: 1.00 | dt: 2116.57ms | tok/sec: 247,706 | bf16_mfu: 60.31 | epoch: 1 pq: 1 rg: 57 | total time: 5.01m | eta: 72.4m
step 00153/02205 (6.94%) | loss: 3.962642 | lrm: 1.00 | dt: 2124.09ms | tok/sec: 246,829 | bf16_mfu: 60.10 | epoch: 1 pq: 1 rg: 58 | total time: 5.04m | eta: 72.4m
step 00154/02205 (6.98%) | loss: 3.955936 | lrm: 1.00 | dt: 2126.21ms | tok/sec: 246,583 | bf16_mfu: 60.04 | epoch: 1 pq: 1 rg: 59 | total time: 5.08m | eta: 72.3m
step 00155/02205 (7.03%) | loss: 3.954441 | lrm: 1.00 | dt: 2124.24ms | tok/sec: 246,812 | bf16_mfu: 60.10 | epoch: 1 pq: 1 rg: 60 | total time: 5.11m | eta: 72.3m
step 00156/02205 (7.07%) | loss: 3.945924 | lrm: 1.00 | dt: 2117.30ms | tok/sec: 247,620 | bf16_mfu: 60.29 | epoch: 1 pq: 1 rg: 61 | total time: 5.15m | eta: 72.3m
step 00157/02205 (7.12%) | loss: 3.940265 | lrm: 1.00 | dt: 2121.35ms | tok/sec: 247,148 | bf16_mfu: 60.18 | epoch: 1 pq: 1 rg: 61 | total time: 5.18m | eta: 72.2m
step 00158/02205 (7.17%) | loss: 3.942182 | lrm: 1.00 | dt: 2123.90ms | tok/sec: 246,851 | bf16_mfu: 60.11 | epoch: 1 pq: 1 rg: 62 | total time: 5.22m | eta: 72.2m
step 00159/02205 (7.21%) | loss: 3.929020 | lrm: 1.00 | dt: 2121.51ms | tok/sec: 247,129 | bf16_mfu: 60.17 | epoch: 1 pq: 1 rg: 63 | total time: 5.25m | eta: 72.2m
step 00160/02205 (7.26%) | loss: 3.924117 | lrm: 1.00 | dt: 2120.16ms | tok/sec: 247,287 | bf16_mfu: 60.21 | epoch: 1 pq: 1 rg: 64 | total time: 5.29m | eta: 72.1m
step 00161/02205 (7.30%) | loss: 3.909796 | lrm: 1.00 | dt: 2118.51ms | tok/sec: 247,479 | bf16_mfu: 60.26 | epoch: 1 pq: 1 rg: 65 | total time: 5.33m | eta: 72.1m
step 00162/02205 (7.35%) | loss: 3.901834 | lrm: 1.00 | dt: 2118.26ms | tok/sec: 247,508 | bf16_mfu: 60.27 | epoch: 1 pq: 1 rg: 66 | total time: 5.36m | eta: 72.1m
step 00163/02205 (7.39%) | loss: 3.894914 | lrm: 1.00 | dt: 2116.27ms | tok/sec: 247,741 | bf16_mfu: 60.32 | epoch: 1 pq: 1 rg: 67 | total time: 5.40m | eta: 72.0m
step 00164/02205 (7.44%) | loss: 3.885988 | lrm: 1.00 | dt: 2125.10ms | tok/sec: 246,712 | bf16_mfu: 60.07 | epoch: 1 pq: 1 rg: 68 | total time: 5.43m | eta: 72.0m
step 00165/02205 (7.48%) | loss: 3.882059 | lrm: 1.00 | dt: 2119.10ms | tok/sec: 247,410 | bf16_mfu: 60.24 | epoch: 1 pq: 1 rg: 69 | total time: 5.47m | eta: 72.0m
step 00166/02205 (7.53%) | loss: 3.884833 | lrm: 1.00 | dt: 2120.80ms | tok/sec: 247,212 | bf16_mfu: 60.19 | epoch: 1 pq: 1 rg: 70 | total time: 5.50m | eta: 71.9m
step 00167/02205 (7.57%) | loss: 3.868828 | lrm: 1.00 | dt: 2123.50ms | tok/sec: 246,898 | bf16_mfu: 60.12 | epoch: 1 pq: 1 rg: 71 | total time: 5.54m | eta: 71.9m
step 00168/02205 (7.62%) | loss: 3.867649 | lrm: 1.00 | dt: 2120.11ms | tok/sec: 247,292 | bf16_mfu: 60.21 | epoch: 1 pq: 1 rg: 72 | total time: 5.57m | eta: 71.8m
step 00169/02205 (7.66%) | loss: 3.855157 | lrm: 1.00 | dt: 2125.07ms | tok/sec: 246,715 | bf16_mfu: 60.07 | epoch: 1 pq: 1 rg: 73 | total time: 5.61m | eta: 71.8m
step 00170/02205 (7.71%) | loss: 3.848932 | lrm: 1.00 | dt: 2120.52ms | tok/sec: 247,244 | bf16_mfu: 60.20 | epoch: 1 pq: 1 rg: 74 | total time: 5.64m | eta: 71.8m
step 00171/02205 (7.76%) | loss: 3.841569 | lrm: 1.00 | dt: 2121.71ms | tok/sec: 247,106 | bf16_mfu: 60.17 | epoch: 1 pq: 1 rg: 74 | total time: 5.68m | eta: 71.7m
step 00172/02205 (7.80%) | loss: 3.828853 | lrm: 1.00 | dt: 2120.39ms | tok/sec: 247,259 | bf16_mfu: 60.21 | epoch: 1 pq: 1 rg: 75 | total time: 5.71m | eta: 71.7m
step 00173/02205 (7.85%) | loss: 3.820921 | lrm: 1.00 | dt: 2121.29ms | tok/sec: 247,155 | bf16_mfu: 60.18 | epoch: 1 pq: 1 rg: 76 | total time: 5.75m | eta: 71.7m
step 00174/02205 (7.89%) | loss: 3.818728 | lrm: 1.00 | dt: 2120.77ms | tok/sec: 247,215 | bf16_mfu: 60.20 | epoch: 1 pq: 1 rg: 77 | total time: 5.79m | eta: 71.6m
step 00175/02205 (7.94%) | loss: 3.806320 | lrm: 1.00 | dt: 2119.92ms | tok/sec: 247,315 | bf16_mfu: 60.22 | epoch: 1 pq: 1 rg: 78 | total time: 5.82m | eta: 71.6m
step 00176/02205 (7.98%) | loss: 3.805977 | lrm: 1.00 | dt: 2123.75ms | tok/sec: 246,868 | bf16_mfu: 60.11 | epoch: 1 pq: 1 rg: 79 | total time: 5.86m | eta: 71.6m
step 00177/02205 (8.03%) | loss: 3.801101 | lrm: 1.00 | dt: 2124.17ms | tok/sec: 246,820 | bf16_mfu: 60.10 | epoch: 1 pq: 1 rg: 80 | total time: 5.89m | eta: 71.5m
step 00178/02205 (8.07%) | loss: 3.800938 | lrm: 1.00 | dt: 2128.77ms | tok/sec: 246,287 | bf16_mfu: 59.97 | epoch: 1 pq: 1 rg: 81 | total time: 5.93m | eta: 71.5m
step 00179/02205 (8.12%) | loss: 3.804410 | lrm: 1.00 | dt: 2120.14ms | tok/sec: 247,288 | bf16_mfu: 60.21 | epoch: 1 pq: 1 rg: 82 | total time: 5.96m | eta: 71.5m
step 00180/02205 (8.16%) | loss: 3.794261 | lrm: 1.00 | dt: 2121.61ms | tok/sec: 247,118 | bf16_mfu: 60.17 | epoch: 1 pq: 1 rg: 83 | total time: 6.00m | eta: 71.4m
step 00181/02205 (8.21%) | loss: 3.791978 | lrm: 1.00 | dt: 2125.62ms | tok/sec: 246,651 | bf16_mfu: 60.06 | epoch: 1 pq: 2 rg: 0 | total time: 6.03m | eta: 71.4m
step 00182/02205 (8.25%) | loss: 3.782783 | lrm: 1.00 | dt: 2124.67ms | tok/sec: 246,761 | bf16_mfu: 60.08 | epoch: 1 pq: 2 rg: 1 | total time: 6.07m | eta: 71.4m
step 00183/02205 (8.30%) | loss: 3.783960 | lrm: 1.00 | dt: 2125.01ms | tok/sec: 246,722 | bf16_mfu: 60.08 | epoch: 1 pq: 2 rg: 1 | total time: 6.10m | eta: 71.3m
step 00184/02205 (8.34%) | loss: 3.784121 | lrm: 1.00 | dt: 2119.98ms | tok/sec: 247,307 | bf16_mfu: 60.22 | epoch: 1 pq: 2 rg: 2 | total time: 6.14m | eta: 71.3m
step 00185/02205 (8.39%) | loss: 3.783360 | lrm: 1.00 | dt: 2123.53ms | tok/sec: 246,894 | bf16_mfu: 60.12 | epoch: 1 pq: 2 rg: 3 | total time: 6.17m | eta: 71.3m
step 00186/02205 (8.44%) | loss: 3.785558 | lrm: 1.00 | dt: 2122.27ms | tok/sec: 247,041 | bf16_mfu: 60.15 | epoch: 1 pq: 2 rg: 4 | total time: 6.21m | eta: 71.2m
step 00187/02205 (8.48%) | loss: 3.777814 | lrm: 1.00 | dt: 2119.17ms | tok/sec: 247,401 | bf16_mfu: 60.24 | epoch: 1 pq: 2 rg: 5 | total time: 6.25m | eta: 71.2m
step 00188/02205 (8.53%) | loss: 3.769848 | lrm: 1.00 | dt: 2124.11ms | tok/sec: 246,826 | bf16_mfu: 60.10 | epoch: 1 pq: 2 rg: 6 | total time: 6.28m | eta: 71.2m
step 00189/02205 (8.57%) | loss: 3.761925 | lrm: 1.00 | dt: 2120.53ms | tok/sec: 247,244 | bf16_mfu: 60.20 | epoch: 1 pq: 2 rg: 7 | total time: 6.32m | eta: 71.1m
step 00190/02205 (8.62%) | loss: 3.753543 | lrm: 1.00 | dt: 2124.23ms | tok/sec: 246,813 | bf16_mfu: 60.10 | epoch: 1 pq: 2 rg: 8 | total time: 6.35m | eta: 71.1m
step 00191/02205 (8.66%) | loss: 3.751838 | lrm: 1.00 | dt: 2121.47ms | tok/sec: 247,134 | bf16_mfu: 60.18 | epoch: 1 pq: 2 rg: 9 | total time: 6.39m | eta: 71.1m
step 00192/02205 (8.71%) | loss: 3.743416 | lrm: 1.00 | dt: 2123.42ms | tok/sec: 246,907 | bf16_mfu: 60.12 | epoch: 1 pq: 2 rg: 10 | total time: 6.42m | eta: 71.0m
step 00193/02205 (8.75%) | loss: 3.732749 | lrm: 1.00 | dt: 2119.47ms | tok/sec: 247,367 | bf16_mfu: 60.23 | epoch: 1 pq: 2 rg: 11 | total time: 6.46m | eta: 71.0m
step 00194/02205 (8.80%) | loss: 3.730322 | lrm: 1.00 | dt: 2124.17ms | tok/sec: 246,820 | bf16_mfu: 60.10 | epoch: 1 pq: 2 rg: 12 | total time: 6.49m | eta: 71.0m
step 00195/02205 (8.84%) | loss: 3.724793 | lrm: 1.00 | dt: 2121.79ms | tok/sec: 247,097 | bf16_mfu: 60.17 | epoch: 1 pq: 2 rg: 13 | total time: 6.53m | eta: 70.9m
step 00196/02205 (8.89%) | loss: 3.722066 | lrm: 1.00 | dt: 2122.70ms | tok/sec: 246,990 | bf16_mfu: 60.14 | epoch: 1 pq: 2 rg: 14 | total time: 6.56m | eta: 70.9m
step 00197/02205 (8.93%) | loss: 3.725462 | lrm: 1.00 | dt: 2124.81ms | tok/sec: 246,745 | bf16_mfu: 60.08 | epoch: 1 pq: 2 rg: 14 | total time: 6.60m | eta: 70.9m
step 00198/02205 (8.98%) | loss: 3.733221 | lrm: 1.00 | dt: 2123.33ms | tok/sec: 246,917 | bf16_mfu: 60.12 | epoch: 1 pq: 2 rg: 15 | total time: 6.63m | eta: 70.8m
step 00199/02205 (9.02%) | loss: 3.729876 | lrm: 1.00 | dt: 2121.65ms | tok/sec: 247,113 | bf16_mfu: 60.17 | epoch: 1 pq: 2 rg: 16 | total time: 6.67m | eta: 70.8m
step 00200/02205 (9.07%) | loss: 3.723582 | lrm: 1.00 | dt: 2122.14ms | tok/sec: 247,056 | bf16_mfu: 60.16 | epoch: 1 pq: 2 rg: 17 | total time: 6.70m | eta: 70.8m
step 00201/02205 (9.12%) | loss: 3.716402 | lrm: 1.00 | dt: 2122.87ms | tok/sec: 246,971 | bf16_mfu: 60.14 | epoch: 1 pq: 2 rg: 18 | total time: 6.74m | eta: 70.7m
step 00202/02205 (9.16%) | loss: 3.715718 | lrm: 1.00 | dt: 2119.72ms | tok/sec: 247,338 | bf16_mfu: 60.23 | epoch: 1 pq: 2 rg: 19 | total time: 6.78m | eta: 70.7m
step 00203/02205 (9.21%) | loss: 3.711397 | lrm: 1.00 | dt: 2121.84ms | tok/sec: 247,090 | bf16_mfu: 60.16 | epoch: 1 pq: 2 rg: 20 | total time: 6.81m | eta: 70.7m
step 00204/02205 (9.25%) | loss: 3.710726 | lrm: 1.00 | dt: 2123.83ms | tok/sec: 246,859 | bf16_mfu: 60.11 | epoch: 1 pq: 2 rg: 21 | total time: 6.85m | eta: 70.6m
step 00205/02205 (9.30%) | loss: 3.707633 | lrm: 1.00 | dt: 2125.46ms | tok/sec: 246,670 | bf16_mfu: 60.06 | epoch: 1 pq: 2 rg: 22 | total time: 6.88m | eta: 70.6m
step 00206/02205 (9.34%) | loss: 3.709812 | lrm: 1.00 | dt: 2121.61ms | tok/sec: 247,118 | bf16_mfu: 60.17 | epoch: 1 pq: 2 rg: 23 | total time: 6.92m | eta: 70.5m
step 00207/02205 (9.39%) | loss: 3.708201 | lrm: 1.00 | dt: 2124.51ms | tok/sec: 246,780 | bf16_mfu: 60.09 | epoch: 1 pq: 2 rg: 24 | total time: 6.95m | eta: 70.5m
step 00208/02205 (9.43%) | loss: 3.699680 | lrm: 1.00 | dt: 2119.34ms | tok/sec: 247,382 | bf16_mfu: 60.24 | epoch: 1 pq: 2 rg: 25 | total time: 6.99m | eta: 70.5m
step 00209/02205 (9.48%) | loss: 3.690277 | lrm: 1.00 | dt: 2123.96ms | tok/sec: 246,844 | bf16_mfu: 60.10 | epoch: 1 pq: 2 rg: 26 | total time: 7.02m | eta: 70.4m
step 00210/02205 (9.52%) | loss: 3.685101 | lrm: 1.00 | dt: 2123.56ms | tok/sec: 246,891 | bf16_mfu: 60.12 | epoch: 1 pq: 2 rg: 27 | total time: 7.06m | eta: 70.4m
step 00211/02205 (9.57%) | loss: 3.683713 | lrm: 1.00 | dt: 2122.75ms | tok/sec: 246,985 | bf16_mfu: 60.14 | epoch: 1 pq: 2 rg: 27 | total time: 7.09m | eta: 70.4m
step 00212/02205 (9.61%) | loss: 3.685445 | lrm: 1.00 | dt: 2122.73ms | tok/sec: 246,988 | bf16_mfu: 60.14 | epoch: 1 pq: 2 rg: 28 | total time: 7.13m | eta: 70.3m
step 00213/02205 (9.66%) | loss: 3.680998 | lrm: 1.00 | dt: 2125.43ms | tok/sec: 246,674 | bf16_mfu: 60.06 | epoch: 1 pq: 2 rg: 29 | total time: 7.16m | eta: 70.3m
step 00214/02205 (9.71%) | loss: 3.684310 | lrm: 1.00 | dt: 2124.23ms | tok/sec: 246,813 | bf16_mfu: 60.10 | epoch: 1 pq: 2 rg: 30 | total time: 7.20m | eta: 70.3m
step 00215/02205 (9.75%) | loss: 3.679385 | lrm: 1.00 | dt: 2128.08ms | tok/sec: 246,366 | bf16_mfu: 59.99 | epoch: 1 pq: 2 rg: 31 | total time: 7.24m | eta: 70.2m
step 00216/02205 (9.80%) | loss: 3.679023 | lrm: 1.00 | dt: 2124.08ms | tok/sec: 246,830 | bf16_mfu: 60.10 | epoch: 1 pq: 2 rg: 32 | total time: 7.27m | eta: 70.2m
step 00217/02205 (9.84%) | loss: 3.683552 | lrm: 1.00 | dt: 2124.74ms | tok/sec: 246,753 | bf16_mfu: 60.08 | epoch: 1 pq: 2 rg: 33 | total time: 7.31m | eta: 70.2m
step 00218/02205 (9.89%) | loss: 3.678592 | lrm: 1.00 | dt: 2124.05ms | tok/sec: 246,834 | bf16_mfu: 60.10 | epoch: 1 pq: 2 rg: 34 | total time: 7.34m | eta: 70.1m
step 00219/02205 (9.93%) | loss: 3.677417 | lrm: 1.00 | dt: 2128.27ms | tok/sec: 246,344 | bf16_mfu: 59.98 | epoch: 1 pq: 2 rg: 35 | total time: 7.38m | eta: 70.1m
step 00220/02205 (9.98%) | loss: 3.668221 | lrm: 1.00 | dt: 2123.30ms | tok/sec: 246,921 | bf16_mfu: 60.12 | epoch: 1 pq: 2 rg: 36 | total time: 7.41m | eta: 70.1m
step 00221/02205 (10.02%) | loss: 3.658800 | lrm: 1.00 | dt: 2126.02ms | tok/sec: 246,604 | bf16_mfu: 60.05 | epoch: 1 pq: 2 rg: 36 | total time: 7.45m | eta: 70.0m
step 00222/02205 (10.07%) | loss: 3.660032 | lrm: 1.00 | dt: 2125.27ms | tok/sec: 246,692 | bf16_mfu: 60.07 | epoch: 1 pq: 2 rg: 37 | total time: 7.48m | eta: 70.0m
step 00223/02205 (10.11%) | loss: 3.663856 | lrm: 1.00 | dt: 2126.11ms | tok/sec: 246,595 | bf16_mfu: 60.04 | epoch: 1 pq: 2 rg: 38 | total time: 7.52m | eta: 70.0m
step 00224/02205 (10.16%) | loss: 3.658767 | lrm: 1.00 | dt: 2125.33ms | tok/sec: 246,684 | bf16_mfu: 60.07 | epoch: 1 pq: 2 rg: 39 | total time: 7.55m | eta: 69.9m
step 00225/02205 (10.20%) | loss: 3.654968 | lrm: 1.00 | dt: 2118.30ms | tok/sec: 247,504 | bf16_mfu: 60.27 | epoch: 1 pq: 2 rg: 40 | total time: 7.59m | eta: 69.9m
step 00226/02205 (10.25%) | loss: 3.640830 | lrm: 1.00 | dt: 2124.40ms | tok/sec: 246,793 | bf16_mfu: 60.09 | epoch: 1 pq: 2 rg: 41 | total time: 7.63m | eta: 69.9m
step 00227/02205 (10.29%) | loss: 3.635610 | lrm: 1.00 | dt: 2122.13ms | tok/sec: 247,057 | bf16_mfu: 60.16 | epoch: 1 pq: 2 rg: 42 | total time: 7.66m | eta: 69.8m
step 00228/02205 (10.34%) | loss: 3.639048 | lrm: 1.00 | dt: 2121.60ms | tok/sec: 247,119 | bf16_mfu: 60.17 | epoch: 1 pq: 2 rg: 43 | total time: 7.70m | eta: 69.8m
step 00229/02205 (10.39%) | loss: 3.634128 | lrm: 1.00 | dt: 2124.82ms | tok/sec: 246,745 | bf16_mfu: 60.08 | epoch: 1 pq: 2 rg: 44 | total time: 7.73m | eta: 69.8m
step 00230/02205 (10.43%) | loss: 3.626952 | lrm: 1.00 | dt: 2122.71ms | tok/sec: 246,990 | bf16_mfu: 60.14 | epoch: 1 pq: 2 rg: 45 | total time: 7.77m | eta: 69.7m
step 00231/02205 (10.48%) | loss: 3.617661 | lrm: 1.00 | dt: 2121.65ms | tok/sec: 247,112 | bf16_mfu: 60.17 | epoch: 1 pq: 2 rg: 46 | total time: 7.80m | eta: 69.7m
step 00232/02205 (10.52%) | loss: 3.608252 | lrm: 1.00 | dt: 2127.32ms | tok/sec: 246,454 | bf16_mfu: 60.01 | epoch: 1 pq: 2 rg: 47 | total time: 7.84m | eta: 69.7m
step 00233/02205 (10.57%) | loss: 3.602924 | lrm: 1.00 | dt: 2124.01ms | tok/sec: 246,838 | bf16_mfu: 60.10 | epoch: 1 pq: 2 rg: 48 | total time: 7.87m | eta: 69.6m
step 00234/02205 (10.61%) | loss: 3.601020 | lrm: 1.00 | dt: 2123.57ms | tok/sec: 246,889 | bf16_mfu: 60.12 | epoch: 1 pq: 2 rg: 49 | total time: 7.91m | eta: 69.6m
step 00235/02205 (10.66%) | loss: 3.598520 | lrm: 1.00 | dt: 2126.74ms | tok/sec: 246,522 | bf16_mfu: 60.03 | epoch: 1 pq: 2 rg: 49 | total time: 7.94m | eta: 69.6m
step 00236/02205 (10.70%) | loss: 3.598237 | lrm: 1.00 | dt: 2122.90ms | tok/sec: 246,968 | bf16_mfu: 60.13 | epoch: 1 pq: 2 rg: 50 | total time: 7.98m | eta: 69.5m
step 00237/02205 (10.75%) | loss: 3.598615 | lrm: 1.00 | dt: 2120.96ms | tok/sec: 247,193 | bf16_mfu: 60.19 | epoch: 1 pq: 2 rg: 51 | total time: 8.01m | eta: 69.5m
step 00238/02205 (10.79%) | loss: 3.593966 | lrm: 1.00 | dt: 2121.87ms | tok/sec: 247,087 | bf16_mfu: 60.16 | epoch: 1 pq: 2 rg: 52 | total time: 8.05m | eta: 69.4m
step 00239/02205 (10.84%) | loss: 3.588881 | lrm: 1.00 | dt: 2126.99ms | tok/sec: 246,492 | bf16_mfu: 60.02 | epoch: 1 pq: 2 rg: 53 | total time: 8.09m | eta: 69.4m
step 00240/02205 (10.88%) | loss: 3.590367 | lrm: 1.00 | dt: 2123.27ms | tok/sec: 246,924 | bf16_mfu: 60.12 | epoch: 1 pq: 2 rg: 54 | total time: 8.12m | eta: 69.4m
step 00241/02205 (10.93%) | loss: 3.587840 | lrm: 1.00 | dt: 2124.92ms | tok/sec: 246,732 | bf16_mfu: 60.08 | epoch: 1 pq: 2 rg: 55 | total time: 8.16m | eta: 69.3m
step 00242/02205 (10.98%) | loss: 3.590374 | lrm: 1.00 | dt: 2124.31ms | tok/sec: 246,804 | bf16_mfu: 60.09 | epoch: 1 pq: 2 rg: 56 | total time: 8.19m | eta: 69.3m
step 00243/02205 (11.02%) | loss: 3.588242 | lrm: 1.00 | dt: 2125.22ms | tok/sec: 246,698 | bf16_mfu: 60.07 | epoch: 1 pq: 2 rg: 57 | total time: 8.23m | eta: 69.3m
step 00244/02205 (11.07%) | loss: 3.592977 | lrm: 1.00 | dt: 2124.81ms | tok/sec: 246,745 | bf16_mfu: 60.08 | epoch: 1 pq: 2 rg: 58 | total time: 8.26m | eta: 69.2m
step 00245/02205 (11.11%) | loss: 3.587662 | lrm: 1.00 | dt: 2124.24ms | tok/sec: 246,811 | bf16_mfu: 60.10 | epoch: 1 pq: 2 rg: 59 | total time: 8.30m | eta: 69.2m
step 00246/02205 (11.16%) | loss: 3.588183 | lrm: 1.00 | dt: 2123.59ms | tok/sec: 246,887 | bf16_mfu: 60.12 | epoch: 1 pq: 2 rg: 60 | total time: 8.33m | eta: 69.2m
step 00247/02205 (11.20%) | loss: 3.587617 | lrm: 1.00 | dt: 2125.18ms | tok/sec: 246,703 | bf16_mfu: 60.07 | epoch: 1 pq: 2 rg: 61 | total time: 8.37m | eta: 69.1m
step 00248/02205 (11.25%) | loss: 3.586983 | lrm: 1.00 | dt: 2123.08ms | tok/sec: 246,947 | bf16_mfu: 60.13 | epoch: 1 pq: 2 rg: 62 | total time: 8.40m | eta: 69.1m
step 00249/02205 (11.29%) | loss: 3.586304 | lrm: 1.00 | dt: 2129.96ms | tok/sec: 246,148 | bf16_mfu: 59.94 | epoch: 1 pq: 2 rg: 62 | total time: 8.44m | eta: 69.1m
Step 00250 | Validation bpb: 1.089687
step 00250/02205 (11.34%) | loss: 3.590623 | lrm: 1.00 | dt: 2123.59ms | tok/sec: 246,887 | bf16_mfu: 60.12 | epoch: 1 pq: 2 rg: 63 | total time: 8.47m | eta: 69.0m
step 00251/02205 (11.38%) | loss: 3.583227 | lrm: 1.00 | dt: 2126.88ms | tok/sec: 246,506 | bf16_mfu: 60.02 | epoch: 1 pq: 2 rg: 64 | total time: 8.51m | eta: 69.0m
step 00252/02205 (11.43%) | loss: 3.581408 | lrm: 1.00 | dt: 2119.52ms | tok/sec: 247,361 | bf16_mfu: 60.23 | epoch: 1 pq: 2 rg: 65 | total time: 8.55m | eta: 69.0m
step 00253/02205 (11.47%) | loss: 3.581574 | lrm: 1.00 | dt: 2122.33ms | tok/sec: 247,034 | bf16_mfu: 60.15 | epoch: 1 pq: 2 rg: 66 | total time: 8.58m | eta: 68.9m
step 00254/02205 (11.52%) | loss: 3.579839 | lrm: 1.00 | dt: 2124.78ms | tok/sec: 246,748 | bf16_mfu: 60.08 | epoch: 1 pq: 2 rg: 67 | total time: 8.62m | eta: 68.9m
step 00255/02205 (11.56%) | loss: 3.581532 | lrm: 1.00 | dt: 2125.08ms | tok/sec: 246,714 | bf16_mfu: 60.07 | epoch: 1 pq: 2 rg: 68 | total time: 8.65m | eta: 68.9m
step 00256/02205 (11.61%) | loss: 3.576707 | lrm: 1.00 | dt: 2126.17ms | tok/sec: 246,587 | bf16_mfu: 60.04 | epoch: 1 pq: 2 rg: 69 | total time: 8.69m | eta: 68.8m
step 00257/02205 (11.66%) | loss: 3.579727 | lrm: 1.00 | dt: 2127.73ms | tok/sec: 246,407 | bf16_mfu: 60.00 | epoch: 1 pq: 2 rg: 70 | total time: 8.72m | eta: 68.8m
step 00258/02205 (11.70%) | loss: 3.566110 | lrm: 1.00 | dt: 2124.49ms | tok/sec: 246,783 | bf16_mfu: 60.09 | epoch: 1 pq: 2 rg: 71 | total time: 8.76m | eta: 68.8m
step 00259/02205 (11.75%) | loss: 3.570880 | lrm: 1.00 | dt: 2125.22ms | tok/sec: 246,698 | bf16_mfu: 60.07 | epoch: 1 pq: 2 rg: 72 | total time: 8.79m | eta: 68.7m
step 00260/02205 (11.79%) | loss: 3.564542 | lrm: 1.00 | dt: 2127.55ms | tok/sec: 246,428 | bf16_mfu: 60.00 | epoch: 1 pq: 2 rg: 72 | total time: 8.83m | eta: 68.7m
step 00261/02205 (11.84%) | loss: 3.559564 | lrm: 1.00 | dt: 2127.90ms | tok/sec: 246,387 | bf16_mfu: 59.99 | epoch: 1 pq: 2 rg: 73 | total time: 8.86m | eta: 68.7m
step 00262/02205 (11.88%) | loss: 3.551772 | lrm: 1.00 | dt: 2122.23ms | tok/sec: 247,045 | bf16_mfu: 60.15 | epoch: 1 pq: 2 rg: 74 | total time: 8.90m | eta: 68.6m
step 00263/02205 (11.93%) | loss: 3.553657 | lrm: 1.00 | dt: 2123.52ms | tok/sec: 246,895 | bf16_mfu: 60.12 | epoch: 1 pq: 2 rg: 75 | total time: 8.94m | eta: 68.6m
step 00264/02205 (11.97%) | loss: 3.555482 | lrm: 1.00 | dt: 2124.11ms | tok/sec: 246,826 | bf16_mfu: 60.10 | epoch: 1 pq: 2 rg: 76 | total time: 8.97m | eta: 68.6m
step 00265/02205 (12.02%) | loss: 3.552430 | lrm: 1.00 | dt: 2126.70ms | tok/sec: 246,526 | bf16_mfu: 60.03 | epoch: 1 pq: 2 rg: 77 | total time: 9.01m | eta: 68.5m
step 00266/02205 (12.06%) | loss: 3.547660 | lrm: 1.00 | dt: 2123.57ms | tok/sec: 246,889 | bf16_mfu: 60.12 | epoch: 1 pq: 2 rg: 78 | total time: 9.04m | eta: 68.5m
step 00267/02205 (12.11%) | loss: 3.553502 | lrm: 1.00 | dt: 2125.17ms | tok/sec: 246,704 | bf16_mfu: 60.07 | epoch: 1 pq: 2 rg: 79 | total time: 9.08m | eta: 68.4m
step 00268/02205 (12.15%) | loss: 3.549989 | lrm: 1.00 | dt: 2126.32ms | tok/sec: 246,570 | bf16_mfu: 60.04 | epoch: 1 pq: 2 rg: 80 | total time: 9.11m | eta: 68.4m
step 00269/02205 (12.20%) | loss: 3.545955 | lrm: 1.00 | dt: 2120.66ms | tok/sec: 247,228 | bf16_mfu: 60.20 | epoch: 1 pq: 2 rg: 81 | total time: 9.15m | eta: 68.4m
step 00270/02205 (12.24%) | loss: 3.543324 | lrm: 1.00 | dt: 2126.18ms | tok/sec: 246,586 | bf16_mfu: 60.04 | epoch: 1 pq: 2 rg: 82 | total time: 9.18m | eta: 68.3m
step 00271/02205 (12.29%) | loss: 3.544520 | lrm: 1.00 | dt: 2124.22ms | tok/sec: 246,814 | bf16_mfu: 60.10 | epoch: 1 pq: 3 rg: 0 | total time: 9.22m | eta: 68.3m
step 00272/02205 (12.34%) | loss: 3.544865 | lrm: 1.00 | dt: 2124.39ms | tok/sec: 246,795 | bf16_mfu: 60.09 | epoch: 1 pq: 3 rg: 0 | total time: 9.25m | eta: 68.3m
step 00273/02205 (12.38%) | loss: 3.547002 | lrm: 1.00 | dt: 2124.59ms | tok/sec: 246,771 | bf16_mfu: 60.09 | epoch: 1 pq: 3 rg: 1 | total time: 9.29m | eta: 68.2m
step 00274/02205 (12.43%) | loss: 3.541707 | lrm: 1.00 | dt: 2125.05ms | tok/sec: 246,718 | bf16_mfu: 60.07 | epoch: 1 pq: 3 rg: 2 | total time: 9.32m | eta: 68.2m
step 00275/02205 (12.47%) | loss: 3.538835 | lrm: 1.00 | dt: 2124.02ms | tok/sec: 246,837 | bf16_mfu: 60.10 | epoch: 1 pq: 3 rg: 3 | total time: 9.36m | eta: 68.2m
step 00276/02205 (12.52%) | loss: 3.545665 | lrm: 1.00 | dt: 2126.60ms | tok/sec: 246,538 | bf16_mfu: 60.03 | epoch: 1 pq: 3 rg: 4 | total time: 9.40m | eta: 68.1m
step 00277/02205 (12.56%) | loss: 3.546405 | lrm: 1.00 | dt: 2125.34ms | tok/sec: 246,684 | bf16_mfu: 60.07 | epoch: 1 pq: 3 rg: 5 | total time: 9.43m | eta: 68.1m
step 00278/02205 (12.61%) | loss: 3.537670 | lrm: 1.00 | dt: 2127.70ms | tok/sec: 246,410 | bf16_mfu: 60.00 | epoch: 1 pq: 3 rg: 6 | total time: 9.47m | eta: 68.1m
step 00279/02205 (12.65%) | loss: 3.535009 | lrm: 1.00 | dt: 2127.47ms | tok/sec: 246,437 | bf16_mfu: 60.01 | epoch: 1 pq: 3 rg: 7 | total time: 9.50m | eta: 68.0m
step 00280/02205 (12.70%) | loss: 3.523762 | lrm: 1.00 | dt: 2128.57ms | tok/sec: 246,310 | bf16_mfu: 59.97 | epoch: 1 pq: 3 rg: 8 | total time: 9.54m | eta: 68.0m
step 00281/02205 (12.74%) | loss: 3.529790 | lrm: 1.00 | dt: 2122.51ms | tok/sec: 247,013 | bf16_mfu: 60.15 | epoch: 1 pq: 3 rg: 9 | total time: 9.57m | eta: 68.0m
step 00282/02205 (12.79%) | loss: 3.532034 | lrm: 1.00 | dt: 2126.21ms | tok/sec: 246,582 | bf16_mfu: 60.04 | epoch: 1 pq: 3 rg: 10 | total time: 9.61m | eta: 67.9m
step 00283/02205 (12.83%) | loss: 3.535242 | lrm: 1.00 | dt: 2126.05ms | tok/sec: 246,602 | bf16_mfu: 60.05 | epoch: 1 pq: 3 rg: 10 | total time: 9.64m | eta: 67.9m
step 00284/02205 (12.88%) | loss: 3.540416 | lrm: 1.00 | dt: 2129.33ms | tok/sec: 246,222 | bf16_mfu: 59.95 | epoch: 1 pq: 3 rg: 11 | total time: 9.68m | eta: 67.9m
step 00285/02205 (12.93%) | loss: 3.534618 | lrm: 1.00 | dt: 2125.07ms | tok/sec: 246,716 | bf16_mfu: 60.07 | epoch: 1 pq: 3 rg: 12 | total time: 9.71m | eta: 67.8m
step 00286/02205 (12.97%) | loss: 3.535076 | lrm: 1.00 | dt: 2124.85ms | tok/sec: 246,740 | bf16_mfu: 60.08 | epoch: 1 pq: 3 rg: 13 | total time: 9.75m | eta: 67.8m
step 00287/02205 (13.02%) | loss: 3.526933 | lrm: 1.00 | dt: 2124.41ms | tok/sec: 246,792 | bf16_mfu: 60.09 | epoch: 1 pq: 3 rg: 14 | total time: 9.79m | eta: 67.8m
step 00288/02205 (13.06%) | loss: 3.521828 | lrm: 1.00 | dt: 2126.26ms | tok/sec: 246,577 | bf16_mfu: 60.04 | epoch: 1 pq: 3 rg: 15 | total time: 9.82m | eta: 67.7m
step 00289/02205 (13.11%) | loss: 3.516138 | lrm: 1.00 | dt: 2126.56ms | tok/sec: 246,542 | bf16_mfu: 60.03 | epoch: 1 pq: 3 rg: 16 | total time: 9.86m | eta: 67.7m
step 00290/02205 (13.15%) | loss: 3.506561 | lrm: 1.00 | dt: 2127.39ms | tok/sec: 246,447 | bf16_mfu: 60.01 | epoch: 1 pq: 3 rg: 17 | total time: 9.89m | eta: 67.7m
step 00291/02205 (13.20%) | loss: 3.498451 | lrm: 1.00 | dt: 2121.09ms | tok/sec: 247,178 | bf16_mfu: 60.19 | epoch: 1 pq: 3 rg: 18 | total time: 9.93m | eta: 67.6m
step 00292/02205 (13.24%) | loss: 3.502783 | lrm: 1.00 | dt: 2123.03ms | tok/sec: 246,952 | bf16_mfu: 60.13 | epoch: 1 pq: 3 rg: 19 | total time: 9.96m | eta: 67.6m
step 00293/02205 (13.29%) | loss: 3.502535 | lrm: 1.00 | dt: 2121.00ms | tok/sec: 247,188 | bf16_mfu: 60.19 | epoch: 1 pq: 3 rg: 20 | total time: 10.00m | eta: 67.5m
step 00294/02205 (13.33%) | loss: 3.491995 | lrm: 1.00 | dt: 2126.05ms | tok/sec: 246,601 | bf16_mfu: 60.05 | epoch: 1 pq: 3 rg: 21 | total time: 10.03m | eta: 67.5m
step 00295/02205 (13.38%) | loss: 3.486118 | lrm: 1.00 | dt: 2124.58ms | tok/sec: 246,772 | bf16_mfu: 60.09 | epoch: 1 pq: 3 rg: 22 | total time: 10.07m | eta: 67.5m
step 00296/02205 (13.42%) | loss: 3.489198 | lrm: 1.00 | dt: 2127.34ms | tok/sec: 246,451 | bf16_mfu: 60.01 | epoch: 1 pq: 3 rg: 23 | total time: 10.10m | eta: 67.4m
step 00297/02205 (13.47%) | loss: 3.481849 | lrm: 1.00 | dt: 2124.92ms | tok/sec: 246,732 | bf16_mfu: 60.08 | epoch: 1 pq: 3 rg: 23 | total time: 10.14m | eta: 67.4m
step 00298/02205 (13.51%) | loss: 3.483807 | lrm: 1.00 | dt: 2126.12ms | tok/sec: 246,593 | bf16_mfu: 60.04 | epoch: 1 pq: 3 rg: 24 | total time: 10.18m | eta: 67.4m
step 00299/02205 (13.56%) | loss: 3.478161 | lrm: 1.00 | dt: 2123.87ms | tok/sec: 246,854 | bf16_mfu: 60.11 | epoch: 1 pq: 3 rg: 25 | total time: 10.21m | eta: 67.3m
step 00300/02205 (13.61%) | loss: 3.493725 | lrm: 1.00 | dt: 2126.62ms | tok/sec: 246,535 | bf16_mfu: 60.03 | epoch: 1 pq: 3 rg: 26 | total time: 10.25m | eta: 67.3m
step 00301/02205 (13.65%) | loss: 3.490414 | lrm: 1.00 | dt: 2124.10ms | tok/sec: 246,828 | bf16_mfu: 60.10 | epoch: 1 pq: 3 rg: 27 | total time: 10.28m | eta: 67.3m
step 00302/02205 (13.70%) | loss: 3.486053 | lrm: 1.00 | dt: 2125.37ms | tok/sec: 246,680 | bf16_mfu: 60.06 | epoch: 1 pq: 3 rg: 28 | total time: 10.32m | eta: 67.2m
step 00303/02205 (13.74%) | loss: 3.476043 | lrm: 1.00 | dt: 2127.42ms | tok/sec: 246,443 | bf16_mfu: 60.01 | epoch: 1 pq: 3 rg: 29 | total time: 10.35m | eta: 67.2m
step 00304/02205 (13.79%) | loss: 3.468941 | lrm: 1.00 | dt: 2124.26ms | tok/sec: 246,809 | bf16_mfu: 60.10 | epoch: 1 pq: 3 rg: 30 | total time: 10.39m | eta: 67.2m
step 00305/02205 (13.83%) | loss: 3.459054 | lrm: 1.00 | dt: 2124.89ms | tok/sec: 246,736 | bf16_mfu: 60.08 | epoch: 1 pq: 3 rg: 31 | total time: 10.42m | eta: 67.1m
step 00306/02205 (13.88%) | loss: 3.464968 | lrm: 1.00 | dt: 2122.40ms | tok/sec: 247,026 | bf16_mfu: 60.15 | epoch: 1 pq: 3 rg: 32 | total time: 10.46m | eta: 67.1m
step 00307/02205 (13.92%) | loss: 3.459630 | lrm: 1.00 | dt: 2127.08ms | tok/sec: 246,481 | bf16_mfu: 60.02 | epoch: 1 pq: 3 rg: 33 | total time: 10.49m | eta: 67.1m
step 00308/02205 (13.97%) | loss: 3.470621 | lrm: 1.00 | dt: 2126.62ms | tok/sec: 246,535 | bf16_mfu: 60.03 | epoch: 1 pq: 3 rg: 34 | total time: 10.53m | eta: 67.0m
step 00309/02205 (14.01%) | loss: 3.470843 | lrm: 1.00 | dt: 2128.30ms | tok/sec: 246,340 | bf16_mfu: 59.98 | epoch: 1 pq: 3 rg: 35 | total time: 10.56m | eta: 67.0m
step 00310/02205 (14.06%) | loss: 3.471794 | lrm: 1.00 | dt: 2125.82ms | tok/sec: 246,628 | bf16_mfu: 60.05 | epoch: 1 pq: 3 rg: 35 | total time: 10.60m | eta: 67.0m
step 00311/02205 (14.10%) | loss: 3.474224 | lrm: 1.00 | dt: 2129.62ms | tok/sec: 246,188 | bf16_mfu: 59.94 | epoch: 1 pq: 3 rg: 36 | total time: 10.64m | eta: 66.9m
step 00312/02205 (14.15%) | loss: 3.477901 | lrm: 1.00 | dt: 2120.92ms | tok/sec: 247,198 | bf16_mfu: 60.19 | epoch: 1 pq: 3 rg: 37 | total time: 10.67m | eta: 66.9m
step 00313/02205 (14.20%) | loss: 3.479783 | lrm: 1.00 | dt: 2124.57ms | tok/sec: 246,774 | bf16_mfu: 60.09 | epoch: 1 pq: 3 rg: 38 | total time: 10.71m | eta: 66.9m
step 00314/02205 (14.24%) | loss: 3.474581 | lrm: 1.00 | dt: 2122.17ms | tok/sec: 247,052 | bf16_mfu: 60.16 | epoch: 1 pq: 3 rg: 39 | total time: 10.74m | eta: 66.8m
step 00315/02205 (14.29%) | loss: 3.479590 | lrm: 1.00 | dt: 2124.21ms | tok/sec: 246,815 | bf16_mfu: 60.10 | epoch: 1 pq: 3 rg: 40 | total time: 10.78m | eta: 66.8m
step 00316/02205 (14.33%) | loss: 3.471037 | lrm: 1.00 | dt: 2123.99ms | tok/sec: 246,840 | bf16_mfu: 60.10 | epoch: 1 pq: 3 rg: 41 | total time: 10.81m | eta: 66.7m
step 00317/02205 (14.38%) | loss: 3.470756 | lrm: 1.00 | dt: 2124.90ms | tok/sec: 246,734 | bf16_mfu: 60.08 | epoch: 1 pq: 3 rg: 42 | total time: 10.85m | eta: 66.7m
step 00318/02205 (14.42%) | loss: 3.469128 | lrm: 1.00 | dt: 2123.65ms | tok/sec: 246,880 | bf16_mfu: 60.11 | epoch: 1 pq: 3 rg: 43 | total time: 10.88m | eta: 66.7m
step 00319/02205 (14.47%) | loss: 3.466311 | lrm: 1.00 | dt: 2124.56ms | tok/sec: 246,775 | bf16_mfu: 60.09 | epoch: 1 pq: 3 rg: 44 | total time: 10.92m | eta: 66.6m
step 00320/02205 (14.51%) | loss: 3.468250 | lrm: 1.00 | dt: 2123.41ms | tok/sec: 246,908 | bf16_mfu: 60.12 | epoch: 1 pq: 3 rg: 45 | total time: 10.95m | eta: 66.6m
step 00321/02205 (14.56%) | loss: 3.465907 | lrm: 1.00 | dt: 2126.22ms | tok/sec: 246,581 | bf16_mfu: 60.04 | epoch: 1 pq: 3 rg: 46 | total time: 10.99m | eta: 66.6m
step 00322/02205 (14.60%) | loss: 3.463686 | lrm: 1.00 | dt: 2125.87ms | tok/sec: 246,622 | bf16_mfu: 60.05 | epoch: 1 pq: 3 rg: 47 | total time: 11.03m | eta: 66.5m
step 00323/02205 (14.65%) | loss: 3.468594 | lrm: 1.00 | dt: 2130.82ms | tok/sec: 246,049 | bf16_mfu: 59.91 | epoch: 1 pq: 3 rg: 48 | total time: 11.06m | eta: 66.5m
step 00324/02205 (14.69%) | loss: 3.465526 | lrm: 1.00 | dt: 2126.50ms | tok/sec: 246,549 | bf16_mfu: 60.03 | epoch: 1 pq: 3 rg: 48 | total time: 11.10m | eta: 66.5m
step 00325/02205 (14.74%) | loss: 3.460658 | lrm: 1.00 | dt: 2129.33ms | tok/sec: 246,222 | bf16_mfu: 59.95 | epoch: 1 pq: 3 rg: 49 | total time: 11.13m | eta: 66.4m
step 00326/02205 (14.78%) | loss: 3.456944 | lrm: 1.00 | dt: 2129.05ms | tok/sec: 246,254 | bf16_mfu: 59.96 | epoch: 1 pq: 3 rg: 50 | total time: 11.17m | eta: 66.4m
step 00327/02205 (14.83%) | loss: 3.451359 | lrm: 1.00 | dt: 2125.62ms | tok/sec: 246,651 | bf16_mfu: 60.06 | epoch: 1 pq: 3 rg: 51 | total time: 11.20m | eta: 66.4m
step 00328/02205 (14.88%) | loss: 3.453801 | lrm: 1.00 | dt: 2124.88ms | tok/sec: 246,737 | bf16_mfu: 60.08 | epoch: 1 pq: 3 rg: 52 | total time: 11.24m | eta: 66.3m
step 00329/02205 (14.92%) | loss: 3.448516 | lrm: 1.00 | dt: 2127.20ms | tok/sec: 246,468 | bf16_mfu: 60.01 | epoch: 1 pq: 3 rg: 53 | total time: 11.27m | eta: 66.3m
step 00330/02205 (14.97%) | loss: 3.449445 | lrm: 1.00 | dt: 2126.16ms | tok/sec: 246,588 | bf16_mfu: 60.04 | epoch: 1 pq: 3 rg: 54 | total time: 11.31m | eta: 66.3m
step 00331/02205 (15.01%) | loss: 3.442667 | lrm: 1.00 | dt: 2125.84ms | tok/sec: 246,626 | bf16_mfu: 60.05 | epoch: 1 pq: 3 rg: 55 | total time: 11.34m | eta: 66.2m
step 00332/02205 (15.06%) | loss: 3.439744 | lrm: 1.00 | dt: 2125.35ms | tok/sec: 246,683 | bf16_mfu: 60.07 | epoch: 1 pq: 3 rg: 56 | total time: 11.38m | eta: 66.2m
step 00333/02205 (15.10%) | loss: 3.445096 | lrm: 1.00 | dt: 2129.09ms | tok/sec: 246,249 | bf16_mfu: 59.96 | epoch: 1 pq: 3 rg: 57 | total time: 11.42m | eta: 66.2m
step 00334/02205 (15.15%) | loss: 3.452867 | lrm: 1.00 | dt: 2127.17ms | tok/sec: 246,471 | bf16_mfu: 60.01 | epoch: 1 pq: 3 rg: 57 | total time: 11.45m | eta: 66.1m
step 00335/02205 (15.19%) | loss: 3.456828 | lrm: 1.00 | dt: 2122.13ms | tok/sec: 247,057 | bf16_mfu: 60.16 | epoch: 1 pq: 3 rg: 58 | total time: 11.49m | eta: 66.1m
step 00336/02205 (15.24%) | loss: 3.454801 | lrm: 1.00 | dt: 2125.17ms | tok/sec: 246,704 | bf16_mfu: 60.07 | epoch: 1 pq: 3 rg: 59 | total time: 11.52m | eta: 66.1m
step 00337/02205 (15.28%) | loss: 3.457862 | lrm: 1.00 | dt: 2124.22ms | tok/sec: 246,814 | bf16_mfu: 60.10 | epoch: 1 pq: 3 rg: 60 | total time: 11.56m | eta: 66.0m
step 00338/02205 (15.33%) | loss: 3.449089 | lrm: 1.00 | dt: 2124.62ms | tok/sec: 246,768 | bf16_mfu: 60.09 | epoch: 1 pq: 3 rg: 61 | total time: 11.59m | eta: 66.0m
step 00339/02205 (15.37%) | loss: 3.449605 | lrm: 1.00 | dt: 2124.00ms | tok/sec: 246,839 | bf16_mfu: 60.10 | epoch: 1 pq: 3 rg: 62 | total time: 11.63m | eta: 65.9m
step 00340/02205 (15.42%) | loss: 3.447202 | lrm: 1.00 | dt: 2124.66ms | tok/sec: 246,763 | bf16_mfu: 60.08 | epoch: 1 pq: 3 rg: 63 | total time: 11.66m | eta: 65.9m
step 00341/02205 (15.46%) | loss: 3.451306 | lrm: 1.00 | dt: 2126.36ms | tok/sec: 246,566 | bf16_mfu: 60.04 | epoch: 1 pq: 3 rg: 64 | total time: 11.70m | eta: 65.9m
step 00342/02205 (15.51%) | loss: 3.444766 | lrm: 1.00 | dt: 2130.34ms | tok/sec: 246,105 | bf16_mfu: 59.92 | epoch: 1 pq: 3 rg: 65 | total time: 11.73m | eta: 65.8m
step 00343/02205 (15.56%) | loss: 3.446895 | lrm: 1.00 | dt: 2126.29ms | tok/sec: 246,574 | bf16_mfu: 60.04 | epoch: 1 pq: 3 rg: 66 | total time: 11.77m | eta: 65.8m
step 00344/02205 (15.60%) | loss: 3.445926 | lrm: 1.00 | dt: 2125.94ms | tok/sec: 246,614 | bf16_mfu: 60.05 | epoch: 1 pq: 3 rg: 67 | total time: 11.80m | eta: 65.8m
step 00345/02205 (15.65%) | loss: 3.443619 | lrm: 1.00 | dt: 2127.54ms | tok/sec: 246,429 | bf16_mfu: 60.00 | epoch: 1 pq: 3 rg: 68 | total time: 11.84m | eta: 65.7m
step 00346/02205 (15.69%) | loss: 3.442474 | lrm: 1.00 | dt: 2128.27ms | tok/sec: 246,344 | bf16_mfu: 59.98 | epoch: 1 pq: 3 rg: 68 | total time: 11.88m | eta: 65.7m
step 00347/02205 (15.74%) | loss: 3.443492 | lrm: 1.00 | dt: 2125.26ms | tok/sec: 246,693 | bf16_mfu: 60.07 | epoch: 1 pq: 3 rg: 69 | total time: 11.91m | eta: 65.7m
step 00348/02205 (15.78%) | loss: 3.450283 | lrm: 1.00 | dt: 2126.59ms | tok/sec: 246,539 | bf16_mfu: 60.03 | epoch: 1 pq: 3 rg: 70 | total time: 11.95m | eta: 65.6m
step 00349/02205 (15.83%) | loss: 3.449999 | lrm: 1.00 | dt: 2127.48ms | tok/sec: 246,435 | bf16_mfu: 60.01 | epoch: 1 pq: 3 rg: 71 | total time: 11.98m | eta: 65.6m
step 00350/02205 (15.87%) | loss: 3.445270 | lrm: 1.00 | dt: 2127.95ms | tok/sec: 246,382 | bf16_mfu: 59.99 | epoch: 1 pq: 3 rg: 72 | total time: 12.02m | eta: 65.6m
step 00351/02205 (15.92%) | loss: 3.442564 | lrm: 1.00 | dt: 2125.10ms | tok/sec: 246,712 | bf16_mfu: 60.07 | epoch: 1 pq: 3 rg: 73 | total time: 12.05m | eta: 65.5m
step 00352/02205 (15.96%) | loss: 3.446282 | lrm: 1.00 | dt: 2123.60ms | tok/sec: 246,886 | bf16_mfu: 60.11 | epoch: 1 pq: 3 rg: 74 | total time: 12.09m | eta: 65.5m
step 00353/02205 (16.01%) | loss: 3.450781 | lrm: 1.00 | dt: 2125.33ms | tok/sec: 246,685 | bf16_mfu: 60.07 | epoch: 1 pq: 3 rg: 75 | total time: 12.12m | eta: 65.5m
step 00354/02205 (16.05%) | loss: 3.456423 | lrm: 1.00 | dt: 2125.19ms | tok/sec: 246,701 | bf16_mfu: 60.07 | epoch: 1 pq: 3 rg: 76 | total time: 12.16m | eta: 65.4m
step 00355/02205 (16.10%) | loss: 3.447514 | lrm: 1.00 | dt: 2123.39ms | tok/sec: 246,911 | bf16_mfu: 60.12 | epoch: 1 pq: 3 rg: 77 | total time: 12.19m | eta: 65.4m
step 00356/02205 (16.15%) | loss: 3.455010 | lrm: 1.00 | dt: 2125.74ms | tok/sec: 246,637 | bf16_mfu: 60.05 | epoch: 1 pq: 3 rg: 78 | total time: 12.23m | eta: 65.4m
step 00357/02205 (16.19%) | loss: 3.449050 | lrm: 1.00 | dt: 2123.77ms | tok/sec: 246,866 | bf16_mfu: 60.11 | epoch: 1 pq: 3 rg: 79 | total time: 12.27m | eta: 65.3m
step 00358/02205 (16.24%) | loss: 3.448688 | lrm: 1.00 | dt: 2127.49ms | tok/sec: 246,435 | bf16_mfu: 60.01 | epoch: 1 pq: 3 rg: 80 | total time: 12.30m | eta: 65.3m
step 00359/02205 (16.28%) | loss: 3.445732 | lrm: 1.00 | dt: 2123.33ms | tok/sec: 246,918 | bf16_mfu: 60.12 | epoch: 1 pq: 3 rg: 81 | total time: 12.34m | eta: 65.3m
step 00360/02205 (16.33%) | loss: 3.448510 | lrm: 1.00 | dt: 2124.48ms | tok/sec: 246,783 | bf16_mfu: 60.09 | epoch: 1 pq: 3 rg: 81 | total time: 12.37m | eta: 65.2m
step 00361/02205 (16.37%) | loss: 3.454051 | lrm: 1.00 | dt: 2128.13ms | tok/sec: 246,360 | bf16_mfu: 59.99 | epoch: 1 pq: 4 rg: 0 | total time: 12.41m | eta: 65.2m
step 00362/02205 (16.42%) | loss: 3.447576 | lrm: 1.00 | dt: 2125.83ms | tok/sec: 246,627 | bf16_mfu: 60.05 | epoch: 1 pq: 4 rg: 1 | total time: 12.44m | eta: 65.1m
step 00363/02205 (16.46%) | loss: 3.446849 | lrm: 1.00 | dt: 2124.47ms | tok/sec: 246,785 | bf16_mfu: 60.09 | epoch: 1 pq: 4 rg: 2 | total time: 12.48m | eta: 65.1m
step 00364/02205 (16.51%) | loss: 3.439909 | lrm: 1.00 | dt: 2123.34ms | tok/sec: 246,916 | bf16_mfu: 60.12 | epoch: 1 pq: 4 rg: 3 | total time: 12.51m | eta: 65.1m
step 00365/02205 (16.55%) | loss: 3.430989 | lrm: 1.00 | dt: 2127.21ms | tok/sec: 246,467 | bf16_mfu: 60.01 | epoch: 1 pq: 4 rg: 4 | total time: 12.55m | eta: 65.0m
step 00366/02205 (16.60%) | loss: 3.422741 | lrm: 1.00 | dt: 2125.92ms | tok/sec: 246,617 | bf16_mfu: 60.05 | epoch: 1 pq: 4 rg: 5 | total time: 12.58m | eta: 65.0m
step 00367/02205 (16.64%) | loss: 3.420099 | lrm: 1.00 | dt: 2125.29ms | tok/sec: 246,689 | bf16_mfu: 60.07 | epoch: 1 pq: 4 rg: 6 | total time: 12.62m | eta: 65.0m
step 00368/02205 (16.69%) | loss: 3.419654 | lrm: 1.00 | dt: 2127.32ms | tok/sec: 246,454 | bf16_mfu: 60.01 | epoch: 1 pq: 4 rg: 7 | total time: 12.66m | eta: 64.9m
step 00369/02205 (16.73%) | loss: 3.425994 | lrm: 1.00 | dt: 2125.65ms | tok/sec: 246,648 | bf16_mfu: 60.06 | epoch: 1 pq: 4 rg: 8 | total time: 12.69m | eta: 64.9m
step 00370/02205 (16.78%) | loss: 3.430661 | lrm: 1.00 | dt: 2125.30ms | tok/sec: 246,688 | bf16_mfu: 60.07 | epoch: 1 pq: 4 rg: 9 | total time: 12.73m | eta: 64.9m
step 00371/02205 (16.83%) | loss: 3.430041 | lrm: 1.00 | dt: 2126.86ms | tok/sec: 246,508 | bf16_mfu: 60.02 | epoch: 1 pq: 4 rg: 9 | total time: 12.76m | eta: 64.8m
step 00372/02205 (16.87%) | loss: 3.424194 | lrm: 1.00 | dt: 2128.66ms | tok/sec: 246,300 | bf16_mfu: 59.97 | epoch: 1 pq: 4 rg: 10 | total time: 12.80m | eta: 64.8m
step 00373/02205 (16.92%) | loss: 3.409550 | lrm: 1.00 | dt: 2123.85ms | tok/sec: 246,857 | bf16_mfu: 60.11 | epoch: 1 pq: 4 rg: 11 | total time: 12.83m | eta: 64.8m
step 00374/02205 (16.96%) | loss: 3.409478 | lrm: 1.00 | dt: 2124.33ms | tok/sec: 246,801 | bf16_mfu: 60.09 | epoch: 1 pq: 4 rg: 12 | total time: 12.87m | eta: 64.7m
step 00375/02205 (17.01%) | loss: 3.401256 | lrm: 1.00 | dt: 2123.34ms | tok/sec: 246,916 | bf16_mfu: 60.12 | epoch: 1 pq: 4 rg: 13 | total time: 12.90m | eta: 64.7m
step 00376/02205 (17.05%) | loss: 3.403535 | lrm: 1.00 | dt: 2125.33ms | tok/sec: 246,685 | bf16_mfu: 60.07 | epoch: 1 pq: 4 rg: 14 | total time: 12.94m | eta: 64.7m
step 00377/02205 (17.10%) | loss: 3.404206 | lrm: 1.00 | dt: 2125.93ms | tok/sec: 246,615 | bf16_mfu: 60.05 | epoch: 1 pq: 4 rg: 15 | total time: 12.97m | eta: 64.6m
step 00378/02205 (17.14%) | loss: 3.404660 | lrm: 1.00 | dt: 2126.67ms | tok/sec: 246,530 | bf16_mfu: 60.03 | epoch: 1 pq: 4 rg: 16 | total time: 13.01m | eta: 64.6m
step 00379/02205 (17.19%) | loss: 3.402564 | lrm: 1.00 | dt: 2125.16ms | tok/sec: 246,704 | bf16_mfu: 60.07 | epoch: 1 pq: 4 rg: 17 | total time: 13.04m | eta: 64.6m
step 00380/02205 (17.23%) | loss: 3.405714 | lrm: 1.00 | dt: 2126.41ms | tok/sec: 246,560 | bf16_mfu: 60.04 | epoch: 1 pq: 4 rg: 18 | total time: 13.08m | eta: 64.5m
step 00381/02205 (17.28%) | loss: 3.408012 | lrm: 1.00 | dt: 2126.54ms | tok/sec: 246,545 | bf16_mfu: 60.03 | epoch: 1 pq: 4 rg: 19 | total time: 13.12m | eta: 64.5m
step 00382/02205 (17.32%) | loss: 3.403215 | lrm: 1.00 | dt: 2122.74ms | tok/sec: 246,986 | bf16_mfu: 60.14 | epoch: 1 pq: 4 rg: 19 | total time: 13.15m | eta: 64.4m
step 00383/02205 (17.37%) | loss: 3.409881 | lrm: 1.00 | dt: 2125.81ms | tok/sec: 246,630 | bf16_mfu: 60.05 | epoch: 1 pq: 4 rg: 20 | total time: 13.19m | eta: 64.4m
step 00384/02205 (17.41%) | loss: 3.410352 | lrm: 1.00 | dt: 2122.19ms | tok/sec: 247,050 | bf16_mfu: 60.15 | epoch: 1 pq: 4 rg: 21 | total time: 13.22m | eta: 64.4m
step 00385/02205 (17.46%) | loss: 3.407308 | lrm: 1.00 | dt: 2122.10ms | tok/sec: 247,061 | bf16_mfu: 60.16 | epoch: 1 pq: 4 rg: 22 | total time: 13.26m | eta: 64.3m
step 00386/02205 (17.51%) | loss: 3.408044 | lrm: 1.00 | dt: 2123.67ms | tok/sec: 246,877 | bf16_mfu: 60.11 | epoch: 1 pq: 4 rg: 23 | total time: 13.29m | eta: 64.3m
step 00387/02205 (17.55%) | loss: 3.402073 | lrm: 1.00 | dt: 2125.01ms | tok/sec: 246,722 | bf16_mfu: 60.07 | epoch: 1 pq: 4 rg: 24 | total time: 13.33m | eta: 64.3m
step 00388/02205 (17.60%) | loss: 3.399947 | lrm: 1.00 | dt: 2126.82ms | tok/sec: 246,512 | bf16_mfu: 60.02 | epoch: 1 pq: 4 rg: 25 | total time: 13.36m | eta: 64.2m
step 00389/02205 (17.64%) | loss: 3.403806 | lrm: 1.00 | dt: 2123.45ms | tok/sec: 246,903 | bf16_mfu: 60.12 | epoch: 1 pq: 4 rg: 26 | total time: 13.40m | eta: 64.2m
step 00390/02205 (17.69%) | loss: 3.402920 | lrm: 1.00 | dt: 2122.81ms | tok/sec: 246,977 | bf16_mfu: 60.14 | epoch: 1 pq: 4 rg: 27 | total time: 13.43m | eta: 64.2m
step 00391/02205 (17.73%) | loss: 3.399395 | lrm: 1.00 | dt: 2121.19ms | tok/sec: 247,167 | bf16_mfu: 60.18 | epoch: 1 pq: 4 rg: 28 | total time: 13.47m | eta: 64.1m
step 00392/02205 (17.78%) | loss: 3.397492 | lrm: 1.00 | dt: 2125.52ms | tok/sec: 246,663 | bf16_mfu: 60.06 | epoch: 1 pq: 4 rg: 29 | total time: 13.50m | eta: 64.1m
step 00393/02205 (17.82%) | loss: 3.392756 | lrm: 1.00 | dt: 2122.49ms | tok/sec: 247,015 | bf16_mfu: 60.15 | epoch: 1 pq: 4 rg: 30 | total time: 13.54m | eta: 64.1m
step 00394/02205 (17.87%) | loss: 3.397133 | lrm: 1.00 | dt: 2124.93ms | tok/sec: 246,731 | bf16_mfu: 60.08 | epoch: 1 pq: 4 rg: 31 | total time: 13.58m | eta: 64.0m
step 00395/02205 (17.91%) | loss: 3.397099 | lrm: 1.00 | dt: 2123.93ms | tok/sec: 246,847 | bf16_mfu: 60.11 | epoch: 1 pq: 4 rg: 32 | total time: 13.61m | eta: 64.0m
step 00396/02205 (17.96%) | loss: 3.396488 | lrm: 1.00 | dt: 2126.01ms | tok/sec: 246,606 | bf16_mfu: 60.05 | epoch: 1 pq: 4 rg: 32 | total time: 13.65m | eta: 64.0m
step 00397/02205 (18.00%) | loss: 3.399683 | lrm: 1.00 | dt: 2128.27ms | tok/sec: 246,344 | bf16_mfu: 59.98 | epoch: 1 pq: 4 rg: 33 | total time: 13.68m | eta: 63.9m
step 00398/02205 (18.05%) | loss: 3.388545 | lrm: 1.00 | dt: 2118.74ms | tok/sec: 247,453 | bf16_mfu: 60.25 | epoch: 1 pq: 4 rg: 34 | total time: 13.72m | eta: 63.9m
step 00399/02205 (18.10%) | loss: 3.393205 | lrm: 1.00 | dt: 2126.94ms | tok/sec: 246,499 | bf16_mfu: 60.02 | epoch: 1 pq: 4 rg: 35 | total time: 13.75m | eta: 63.8m
step 00400/02205 (18.14%) | loss: 3.391398 | lrm: 1.00 | dt: 2119.45ms | tok/sec: 247,369 | bf16_mfu: 60.23 | epoch: 1 pq: 4 rg: 36 | total time: 13.79m | eta: 63.8m
step 00401/02205 (18.19%) | loss: 3.383541 | lrm: 1.00 | dt: 2128.35ms | tok/sec: 246,336 | bf16_mfu: 59.98 | epoch: 1 pq: 4 rg: 37 | total time: 13.82m | eta: 63.8m
step 00402/02205 (18.23%) | loss: 3.388514 | lrm: 1.00 | dt: 2126.58ms | tok/sec: 246,540 | bf16_mfu: 60.03 | epoch: 1 pq: 4 rg: 38 | total time: 13.86m | eta: 63.7m
step 00403/02205 (18.28%) | loss: 3.387533 | lrm: 1.00 | dt: 2123.05ms | tok/sec: 246,950 | bf16_mfu: 60.13 | epoch: 1 pq: 4 rg: 39 | total time: 13.89m | eta: 63.7m
step 00404/02205 (18.32%) | loss: 3.384106 | lrm: 1.00 | dt: 2124.39ms | tok/sec: 246,794 | bf16_mfu: 60.09 | epoch: 1 pq: 4 rg: 40 | total time: 13.93m | eta: 63.7m
step 00405/02205 (18.37%) | loss: 3.389277 | lrm: 1.00 | dt: 2125.26ms | tok/sec: 246,693 | bf16_mfu: 60.07 | epoch: 1 pq: 4 rg: 41 | total time: 13.97m | eta: 63.6m
step 00406/02205 (18.41%) | loss: 3.395317 | lrm: 1.00 | dt: 2125.06ms | tok/sec: 246,717 | bf16_mfu: 60.07 | epoch: 1 pq: 4 rg: 42 | total time: 14.00m | eta: 63.6m
step 00407/02205 (18.46%) | loss: 3.396881 | lrm: 1.00 | dt: 2126.34ms | tok/sec: 246,567 | bf16_mfu: 60.04 | epoch: 1 pq: 4 rg: 43 | total time: 14.04m | eta: 63.6m
step 00408/02205 (18.50%) | loss: 3.392824 | lrm: 1.00 | dt: 2128.21ms | tok/sec: 246,351 | bf16_mfu: 59.98 | epoch: 1 pq: 4 rg: 44 | total time: 14.07m | eta: 63.5m
step 00409/02205 (18.55%) | loss: 3.388401 | lrm: 1.00 | dt: 2126.52ms | tok/sec: 246,547 | bf16_mfu: 60.03 | epoch: 1 pq: 4 rg: 45 | total time: 14.11m | eta: 63.5m
step 00410/02205 (18.59%) | loss: 3.389868 | lrm: 1.00 | dt: 2123.19ms | tok/sec: 246,934 | bf16_mfu: 60.13 | epoch: 1 pq: 4 rg: 45 | total time: 14.14m | eta: 63.5m
step 00411/02205 (18.64%) | loss: 3.387464 | lrm: 1.00 | dt: 2123.01ms | tok/sec: 246,954 | bf16_mfu: 60.13 | epoch: 1 pq: 4 rg: 46 | total time: 14.18m | eta: 63.4m
step 00412/02205 (18.68%) | loss: 3.403440 | lrm: 1.00 | dt: 2130.15ms | tok/sec: 246,127 | bf16_mfu: 59.93 | epoch: 1 pq: 4 rg: 47 | total time: 14.21m | eta: 63.4m
step 00413/02205 (18.73%) | loss: 3.403813 | lrm: 1.00 | dt: 2125.10ms | tok/sec: 246,712 | bf16_mfu: 60.07 | epoch: 1 pq: 4 rg: 48 | total time: 14.25m | eta: 63.4m
step 00414/02205 (18.78%) | loss: 3.400268 | lrm: 1.00 | dt: 2125.37ms | tok/sec: 246,680 | bf16_mfu: 60.06 | epoch: 1 pq: 4 rg: 49 | total time: 14.28m | eta: 63.3m
step 00415/02205 (18.82%) | loss: 3.404177 | lrm: 1.00 | dt: 2124.64ms | tok/sec: 246,765 | bf16_mfu: 60.09 | epoch: 1 pq: 4 rg: 50 | total time: 14.32m | eta: 63.3m
step 00416/02205 (18.87%) | loss: 3.396043 | lrm: 1.00 | dt: 2124.17ms | tok/sec: 246,820 | bf16_mfu: 60.10 | epoch: 1 pq: 4 rg: 51 | total time: 14.35m | eta: 63.3m
step 00417/02205 (18.91%) | loss: 3.391598 | lrm: 1.00 | dt: 2125.18ms | tok/sec: 246,703 | bf16_mfu: 60.07 | epoch: 1 pq: 4 rg: 52 | total time: 14.39m | eta: 63.2m
step 00418/02205 (18.96%) | loss: 3.387988 | lrm: 1.00 | dt: 2122.40ms | tok/sec: 247,026 | bf16_mfu: 60.15 | epoch: 1 pq: 4 rg: 53 | total time: 14.43m | eta: 63.2m
step 00419/02205 (19.00%) | loss: 3.378417 | lrm: 1.00 | dt: 2126.03ms | tok/sec: 246,604 | bf16_mfu: 60.05 | epoch: 1 pq: 4 rg: 54 | total time: 14.46m | eta: 63.1m
step 00420/02205 (19.05%) | loss: 3.377773 | lrm: 1.00 | dt: 2123.51ms | tok/sec: 246,897 | bf16_mfu: 60.12 | epoch: 1 pq: 4 rg: 55 | total time: 14.50m | eta: 63.1m
step 00421/02205 (19.09%) | loss: 3.372095 | lrm: 1.00 | dt: 2129.59ms | tok/sec: 246,191 | bf16_mfu: 59.95 | epoch: 1 pq: 4 rg: 56 | total time: 14.53m | eta: 63.1m
step 00422/02205 (19.14%) | loss: 3.378471 | lrm: 1.00 | dt: 2127.02ms | tok/sec: 246,489 | bf16_mfu: 60.02 | epoch: 1 pq: 4 rg: 56 | total time: 14.57m | eta: 63.0m
step 00423/02205 (19.18%) | loss: 3.373967 | lrm: 1.00 | dt: 2124.17ms | tok/sec: 246,820 | bf16_mfu: 60.10 | epoch: 1 pq: 4 rg: 57 | total time: 14.60m | eta: 63.0m
step 00424/02205 (19.23%) | loss: 3.365542 | lrm: 1.00 | dt: 2123.50ms | tok/sec: 246,897 | bf16_mfu: 60.12 | epoch: 1 pq: 4 rg: 58 | total time: 14.64m | eta: 63.0m
step 00425/02205 (19.27%) | loss: 3.368405 | lrm: 1.00 | dt: 2119.49ms | tok/sec: 247,365 | bf16_mfu: 60.23 | epoch: 1 pq: 4 rg: 59 | total time: 14.67m | eta: 62.9m
step 00426/02205 (19.32%) | loss: 3.369432 | lrm: 1.00 | dt: 2127.02ms | tok/sec: 246,489 | bf16_mfu: 60.02 | epoch: 1 pq: 4 rg: 60 | total time: 14.71m | eta: 62.9m
step 00427/02205 (19.37%) | loss: 3.369091 | lrm: 1.00 | dt: 2124.17ms | tok/sec: 246,819 | bf16_mfu: 60.10 | epoch: 1 pq: 4 rg: 61 | total time: 14.74m | eta: 62.9m
step 00428/02205 (19.41%) | loss: 3.375871 | lrm: 1.00 | dt: 2128.71ms | tok/sec: 246,293 | bf16_mfu: 59.97 | epoch: 1 pq: 4 rg: 62 | total time: 14.78m | eta: 62.8m
step 00429/02205 (19.46%) | loss: 3.380729 | lrm: 1.00 | dt: 2125.12ms | tok/sec: 246,710 | bf16_mfu: 60.07 | epoch: 1 pq: 4 rg: 63 | total time: 14.82m | eta: 62.8m
step 00430/02205 (19.50%) | loss: 3.381713 | lrm: 1.00 | dt: 2126.16ms | tok/sec: 246,589 | bf16_mfu: 60.04 | epoch: 1 pq: 4 rg: 64 | total time: 14.85m | eta: 62.8m
step 00431/02205 (19.55%) | loss: 3.376543 | lrm: 1.00 | dt: 2125.25ms | tok/sec: 246,694 | bf16_mfu: 60.07 | epoch: 1 pq: 4 rg: 65 | total time: 14.89m | eta: 62.7m
step 00432/02205 (19.59%) | loss: 3.378470 | lrm: 1.00 | dt: 2120.59ms | tok/sec: 247,236 | bf16_mfu: 60.20 | epoch: 1 pq: 4 rg: 66 | total time: 14.92m | eta: 62.7m
step 00433/02205 (19.64%) | loss: 3.382073 | lrm: 1.00 | dt: 2123.69ms | tok/sec: 246,875 | bf16_mfu: 60.11 | epoch: 1 pq: 4 rg: 67 | total time: 14.96m | eta: 62.7m
step 00434/02205 (19.68%) | loss: 3.379941 | lrm: 1.00 | dt: 2127.38ms | tok/sec: 246,448 | bf16_mfu: 60.01 | epoch: 1 pq: 4 rg: 68 | total time: 14.99m | eta: 62.6m
step 00435/02205 (19.73%) | loss: 3.380138 | lrm: 1.00 | dt: 2127.90ms | tok/sec: 246,388 | bf16_mfu: 59.99 | epoch: 1 pq: 4 rg: 69 | total time: 15.03m | eta: 62.6m
step 00436/02205 (19.77%) | loss: 3.374228 | lrm: 1.00 | dt: 2124.19ms | tok/sec: 246,817 | bf16_mfu: 60.10 | epoch: 1 pq: 4 rg: 69 | total time: 15.06m | eta: 62.6m
step 00437/02205 (19.82%) | loss: 3.377747 | lrm: 1.00 | dt: 2124.01ms | tok/sec: 246,838 | bf16_mfu: 60.10 | epoch: 1 pq: 4 rg: 70 | total time: 15.10m | eta: 62.5m
step 00438/02205 (19.86%) | loss: 3.372515 | lrm: 1.00 | dt: 2119.11ms | tok/sec: 247,409 | bf16_mfu: 60.24 | epoch: 1 pq: 4 rg: 71 | total time: 15.13m | eta: 62.5m
step 00439/02205 (19.91%) | loss: 3.363227 | lrm: 1.00 | dt: 2126.95ms | tok/sec: 246,497 | bf16_mfu: 60.02 | epoch: 1 pq: 4 rg: 72 | total time: 15.17m | eta: 62.4m
step 00440/02205 (19.95%) | loss: 3.360415 | lrm: 1.00 | dt: 2126.82ms | tok/sec: 246,512 | bf16_mfu: 60.02 | epoch: 1 pq: 4 rg: 73 | total time: 15.20m | eta: 62.4m
step 00441/02205 (20.00%) | loss: 3.350077 | lrm: 1.00 | dt: 2125.14ms | tok/sec: 246,707 | bf16_mfu: 60.07 | epoch: 1 pq: 4 rg: 74 | total time: 15.24m | eta: 62.4m
step 00442/02205 (20.05%) | loss: 3.350613 | lrm: 1.00 | dt: 2125.31ms | tok/sec: 246,687 | bf16_mfu: 60.07 | epoch: 1 pq: 4 rg: 75 | total time: 15.28m | eta: 62.3m
step 00443/02205 (20.09%) | loss: 3.345182 | lrm: 1.00 | dt: 2122.69ms | tok/sec: 246,992 | bf16_mfu: 60.14 | epoch: 1 pq: 4 rg: 76 | total time: 15.31m | eta: 62.3m
step 00444/02205 (20.14%) | loss: 3.351964 | lrm: 1.00 | dt: 2128.31ms | tok/sec: 246,340 | bf16_mfu: 59.98 | epoch: 1 pq: 4 rg: 77 | total time: 15.35m | eta: 62.3m
step 00445/02205 (20.18%) | loss: 3.350109 | lrm: 1.00 | dt: 2129.68ms | tok/sec: 246,181 | bf16_mfu: 59.94 | epoch: 1 pq: 4 rg: 78 | total time: 15.38m | eta: 62.2m
step 00446/02205 (20.23%) | loss: 3.351917 | lrm: 1.00 | dt: 2127.28ms | tok/sec: 246,459 | bf16_mfu: 60.01 | epoch: 1 pq: 4 rg: 79 | total time: 15.42m | eta: 62.2m
step 00447/02205 (20.27%) | loss: 3.350710 | lrm: 1.00 | dt: 2129.13ms | tok/sec: 246,245 | bf16_mfu: 59.96 | epoch: 1 pq: 4 rg: 80 | total time: 15.45m | eta: 62.2m
step 00448/02205 (20.32%) | loss: 3.348762 | lrm: 1.00 | dt: 2129.43ms | tok/sec: 246,210 | bf16_mfu: 59.95 | epoch: 1 pq: 4 rg: 80 | total time: 15.49m | eta: 62.1m
step 00449/02205 (20.36%) | loss: 3.347685 | lrm: 1.00 | dt: 2125.69ms | tok/sec: 246,643 | bf16_mfu: 60.06 | epoch: 1 pq: 4 rg: 81 | total time: 15.52m | eta: 62.1m
step 00450/02205 (20.41%) | loss: 3.345694 | lrm: 1.00 | dt: 2124.93ms | tok/sec: 246,731 | bf16_mfu: 60.08 | epoch: 1 pq: 5 rg: 0 | total time: 15.56m | eta: 62.1m
step 00451/02205 (20.45%) | loss: 3.350067 | lrm: 1.00 | dt: 2124.45ms | tok/sec: 246,787 | bf16_mfu: 60.09 | epoch: 1 pq: 5 rg: 1 | total time: 15.59m | eta: 62.0m
step 00452/02205 (20.50%) | loss: 3.342297 | lrm: 1.00 | dt: 2125.03ms | tok/sec: 246,719 | bf16_mfu: 60.07 | epoch: 1 pq: 5 rg: 2 | total time: 15.63m | eta: 62.0m
step 00453/02205 (20.54%) | loss: 3.343677 | lrm: 1.00 | dt: 2129.47ms | tok/sec: 246,205 | bf16_mfu: 59.95 | epoch: 1 pq: 5 rg: 3 | total time: 15.67m | eta: 62.0m
step 00454/02205 (20.59%) | loss: 3.354166 | lrm: 1.00 | dt: 2126.41ms | tok/sec: 246,559 | bf16_mfu: 60.04 | epoch: 1 pq: 5 rg: 4 | total time: 15.70m | eta: 61.9m
step 00455/02205 (20.63%) | loss: 3.337757 | lrm: 1.00 | dt: 2130.14ms | tok/sec: 246,128 | bf16_mfu: 59.93 | epoch: 1 pq: 5 rg: 5 | total time: 15.74m | eta: 61.9m
step 00456/02205 (20.68%) | loss: 3.337623 | lrm: 1.00 | dt: 2126.63ms | tok/sec: 246,534 | bf16_mfu: 60.03 | epoch: 1 pq: 5 rg: 6 | total time: 15.77m | eta: 61.9m
step 00457/02205 (20.73%) | loss: 3.336749 | lrm: 1.00 | dt: 2129.01ms | tok/sec: 246,258 | bf16_mfu: 59.96 | epoch: 1 pq: 5 rg: 7 | total time: 15.81m | eta: 61.8m
step 00458/02205 (20.77%) | loss: 3.329916 | lrm: 1.00 | dt: 2125.35ms | tok/sec: 246,682 | bf16_mfu: 60.07 | epoch: 1 pq: 5 rg: 8 | total time: 15.84m | eta: 61.8m
step 00459/02205 (20.82%) | loss: 3.327300 | lrm: 1.00 | dt: 2128.45ms | tok/sec: 246,323 | bf16_mfu: 59.98 | epoch: 1 pq: 5 rg: 8 | total time: 15.88m | eta: 61.7m
step 00460/02205 (20.86%) | loss: 3.330123 | lrm: 1.00 | dt: 2127.16ms | tok/sec: 246,473 | bf16_mfu: 60.01 | epoch: 1 pq: 5 rg: 9 | total time: 15.91m | eta: 61.7m
step 00461/02205 (20.91%) | loss: 3.335268 | lrm: 1.00 | dt: 2126.59ms | tok/sec: 246,539 | bf16_mfu: 60.03 | epoch: 1 pq: 5 rg: 10 | total time: 15.95m | eta: 61.7m
step 00462/02205 (20.95%) | loss: 3.336304 | lrm: 1.00 | dt: 2124.91ms | tok/sec: 246,734 | bf16_mfu: 60.08 | epoch: 1 pq: 5 rg: 11 | total time: 15.98m | eta: 61.6m
step 00463/02205 (21.00%) | loss: 3.333206 | lrm: 1.00 | dt: 2126.25ms | tok/sec: 246,578 | bf16_mfu: 60.04 | epoch: 1 pq: 5 rg: 12 | total time: 16.02m | eta: 61.6m
step 00464/02205 (21.04%) | loss: 3.334813 | lrm: 1.00 | dt: 2125.82ms | tok/sec: 246,628 | bf16_mfu: 60.05 | epoch: 1 pq: 5 rg: 13 | total time: 16.06m | eta: 61.6m
step 00465/02205 (21.09%) | loss: 3.335543 | lrm: 1.00 | dt: 2123.83ms | tok/sec: 246,859 | bf16_mfu: 60.11 | epoch: 1 pq: 5 rg: 14 | total time: 16.09m | eta: 61.5m
step 00466/02205 (21.13%) | loss: 3.341211 | lrm: 1.00 | dt: 2124.80ms | tok/sec: 246,747 | bf16_mfu: 60.08 | epoch: 1 pq: 5 rg: 15 | total time: 16.13m | eta: 61.5m
step 00467/02205 (21.18%) | loss: 3.346223 | lrm: 1.00 | dt: 2126.27ms | tok/sec: 246,576 | bf16_mfu: 60.04 | epoch: 1 pq: 5 rg: 16 | total time: 16.16m | eta: 61.5m
step 00468/02205 (21.22%) | loss: 3.348226 | lrm: 1.00 | dt: 2126.50ms | tok/sec: 246,549 | bf16_mfu: 60.03 | epoch: 1 pq: 5 rg: 17 | total time: 16.20m | eta: 61.4m
step 00469/02205 (21.27%) | loss: 3.345359 | lrm: 1.00 | dt: 2122.58ms | tok/sec: 247,005 | bf16_mfu: 60.14 | epoch: 1 pq: 5 rg: 18 | total time: 16.23m | eta: 61.4m
step 00470/02205 (21.32%) | loss: 3.332796 | lrm: 1.00 | dt: 2125.77ms | tok/sec: 246,634 | bf16_mfu: 60.05 | epoch: 1 pq: 5 rg: 19 | total time: 16.27m | eta: 61.4m
step 00471/02205 (21.36%) | loss: 3.335960 | lrm: 1.00 | dt: 2125.36ms | tok/sec: 246,681 | bf16_mfu: 60.07 | epoch: 1 pq: 5 rg: 19 | total time: 16.30m | eta: 61.3m
step 00472/02205 (21.41%) | loss: 3.338395 | lrm: 1.00 | dt: 2125.02ms | tok/sec: 246,721 | bf16_mfu: 60.07 | epoch: 1 pq: 5 rg: 20 | total time: 16.34m | eta: 61.3m
step 00473/02205 (21.45%) | loss: 3.338512 | lrm: 1.00 | dt: 2123.29ms | tok/sec: 246,922 | bf16_mfu: 60.12 | epoch: 1 pq: 5 rg: 21 | total time: 16.37m | eta: 61.3m
step 00474/02205 (21.50%) | loss: 3.335818 | lrm: 1.00 | dt: 2123.84ms | tok/sec: 246,858 | bf16_mfu: 60.11 | epoch: 1 pq: 5 rg: 22 | total time: 16.41m | eta: 61.2m
step 00475/02205 (21.54%) | loss: 3.329954 | lrm: 1.00 | dt: 2128.63ms | tok/sec: 246,302 | bf16_mfu: 59.97 | epoch: 1 pq: 5 rg: 23 | total time: 16.45m | eta: 61.2m
step 00476/02205 (21.59%) | loss: 3.334623 | lrm: 1.00 | dt: 2124.05ms | tok/sec: 246,833 | bf16_mfu: 60.10 | epoch: 1 pq: 5 rg: 24 | total time: 16.48m | eta: 61.1m
step 00477/02205 (21.63%) | loss: 3.329326 | lrm: 1.00 | dt: 2129.45ms | tok/sec: 246,208 | bf16_mfu: 59.95 | epoch: 1 pq: 5 rg: 25 | total time: 16.52m | eta: 61.1m
step 00478/02205 (21.68%) | loss: 3.332729 | lrm: 1.00 | dt: 2128.83ms | tok/sec: 246,280 | bf16_mfu: 59.97 | epoch: 1 pq: 5 rg: 26 | total time: 16.55m | eta: 61.1m
step 00479/02205 (21.72%) | loss: 3.336451 | lrm: 1.00 | dt: 2124.71ms | tok/sec: 246,757 | bf16_mfu: 60.08 | epoch: 1 pq: 5 rg: 27 | total time: 16.59m | eta: 61.0m
step 00480/02205 (21.77%) | loss: 3.342185 | lrm: 1.00 | dt: 2126.49ms | tok/sec: 246,551 | bf16_mfu: 60.03 | epoch: 1 pq: 5 rg: 28 | total time: 16.62m | eta: 61.0m
step 00481/02205 (21.81%) | loss: 3.341266 | lrm: 1.00 | dt: 2127.90ms | tok/sec: 246,387 | bf16_mfu: 59.99 | epoch: 1 pq: 5 rg: 29 | total time: 16.66m | eta: 61.0m
step 00482/02205 (21.86%) | loss: 3.334338 | lrm: 1.00 | dt: 2124.44ms | tok/sec: 246,788 | bf16_mfu: 60.09 | epoch: 1 pq: 5 rg: 30 | total time: 16.69m | eta: 60.9m
step 00483/02205 (21.90%) | loss: 3.330805 | lrm: 1.00 | dt: 2124.19ms | tok/sec: 246,818 | bf16_mfu: 60.10 | epoch: 1 pq: 5 rg: 30 | total time: 16.73m | eta: 60.9m
step 00484/02205 (21.95%) | loss: 3.327196 | lrm: 1.00 | dt: 2120.41ms | tok/sec: 247,257 | bf16_mfu: 60.21 | epoch: 1 pq: 5 rg: 31 | total time: 16.76m | eta: 60.9m
step 00485/02205 (22.00%) | loss: 3.334359 | lrm: 1.00 | dt: 2127.36ms | tok/sec: 246,449 | bf16_mfu: 60.01 | epoch: 1 pq: 5 rg: 32 | total time: 16.80m | eta: 60.8m
step 00486/02205 (22.04%) | loss: 3.328074 | lrm: 1.00 | dt: 2124.82ms | tok/sec: 246,745 | bf16_mfu: 60.08 | epoch: 1 pq: 5 rg: 33 | total time: 16.83m | eta: 60.8m
step 00487/02205 (22.09%) | loss: 3.325909 | lrm: 1.00 | dt: 2129.74ms | tok/sec: 246,174 | bf16_mfu: 59.94 | epoch: 1 pq: 5 rg: 34 | total time: 16.87m | eta: 60.8m
step 00488/02205 (22.13%) | loss: 3.329636 | lrm: 1.00 | dt: 2124.21ms | tok/sec: 246,815 | bf16_mfu: 60.10 | epoch: 1 pq: 5 rg: 35 | total time: 16.91m | eta: 60.7m
step 00489/02205 (22.18%) | loss: 3.328224 | lrm: 1.00 | dt: 2128.86ms | tok/sec: 246,276 | bf16_mfu: 59.97 | epoch: 1 pq: 5 rg: 36 | total time: 16.94m | eta: 60.7m
step 00490/02205 (22.22%) | loss: 3.320654 | lrm: 1.00 | dt: 2124.96ms | tok/sec: 246,728 | bf16_mfu: 60.08 | epoch: 1 pq: 5 rg: 37 | total time: 16.98m | eta: 60.7m
step 00491/02205 (22.27%) | loss: 3.320314 | lrm: 1.00 | dt: 2124.21ms | tok/sec: 246,816 | bf16_mfu: 60.10 | epoch: 1 pq: 5 rg: 38 | total time: 17.01m | eta: 60.6m
step 00492/02205 (22.31%) | loss: 3.313365 | lrm: 1.00 | dt: 2125.35ms | tok/sec: 246,683 | bf16_mfu: 60.07 | epoch: 1 pq: 5 rg: 39 | total time: 17.05m | eta: 60.6m
step 00493/02205 (22.36%) | loss: 3.308096 | lrm: 1.00 | dt: 2124.61ms | tok/sec: 246,769 | bf16_mfu: 60.09 | epoch: 1 pq: 5 rg: 40 | total time: 17.08m | eta: 60.6m
step 00494/02205 (22.40%) | loss: 3.306715 | lrm: 1.00 | dt: 2124.71ms | tok/sec: 246,757 | bf16_mfu: 60.08 | epoch: 1 pq: 5 rg: 41 | total time: 17.12m | eta: 60.5m
step 00495/02205 (22.45%) | loss: 3.314821 | lrm: 1.00 | dt: 2126.00ms | tok/sec: 246,607 | bf16_mfu: 60.05 | epoch: 1 pq: 5 rg: 42 | total time: 17.15m | eta: 60.5m
step 00496/02205 (22.49%) | loss: 3.310303 | lrm: 1.00 | dt: 2125.54ms | tok/sec: 246,661 | bf16_mfu: 60.06 | epoch: 1 pq: 5 rg: 43 | total time: 17.19m | eta: 60.4m
step 00497/02205 (22.54%) | loss: 3.309501 | lrm: 1.00 | dt: 2129.61ms | tok/sec: 246,189 | bf16_mfu: 59.95 | epoch: 1 pq: 5 rg: 43 | total time: 17.22m | eta: 60.4m
step 00498/02205 (22.59%) | loss: 3.307355 | lrm: 1.00 | dt: 2121.22ms | tok/sec: 247,163 | bf16_mfu: 60.18 | epoch: 1 pq: 5 rg: 44 | total time: 17.26m | eta: 60.4m
step 00499/02205 (22.63%) | loss: 3.308572 | lrm: 1.00 | dt: 2127.86ms | tok/sec: 246,391 | bf16_mfu: 59.99 | epoch: 1 pq: 5 rg: 45 | total time: 17.30m | eta: 60.3m
Step 00500 | Validation bpb: 1.007940
step 00500/02205 (22.68%) | loss: 3.301756 | lrm: 1.00 | dt: 2126.13ms | tok/sec: 246,592 | bf16_mfu: 60.04 | epoch: 1 pq: 5 rg: 46 | total time: 17.33m | eta: 60.3m
step 00501/02205 (22.72%) | loss: 3.292604 | lrm: 1.00 | dt: 2126.71ms | tok/sec: 246,525 | bf16_mfu: 60.03 | epoch: 1 pq: 5 rg: 47 | total time: 17.37m | eta: 60.3m
step 00502/02205 (22.77%) | loss: 3.302127 | lrm: 1.00 | dt: 2127.92ms | tok/sec: 246,384 | bf16_mfu: 59.99 | epoch: 1 pq: 5 rg: 48 | total time: 17.40m | eta: 60.2m
step 00503/02205 (22.81%) | loss: 3.296696 | lrm: 1.00 | dt: 2124.09ms | tok/sec: 246,829 | bf16_mfu: 60.10 | epoch: 1 pq: 5 rg: 49 | total time: 17.44m | eta: 60.2m
step 00504/02205 (22.86%) | loss: 3.293031 | lrm: 1.00 | dt: 2126.74ms | tok/sec: 246,521 | bf16_mfu: 60.03 | epoch: 1 pq: 5 rg: 50 | total time: 17.47m | eta: 60.2m
step 00505/02205 (22.90%) | loss: 3.298278 | lrm: 1.00 | dt: 2129.52ms | tok/sec: 246,199 | bf16_mfu: 59.95 | epoch: 1 pq: 5 rg: 51 | total time: 17.51m | eta: 60.1m
step 00506/02205 (22.95%) | loss: 3.299068 | lrm: 1.00 | dt: 2124.05ms | tok/sec: 246,834 | bf16_mfu: 60.10 | epoch: 1 pq: 5 rg: 52 | total time: 17.54m | eta: 60.1m
step 00507/02205 (22.99%) | loss: 3.297916 | lrm: 1.00 | dt: 2125.68ms | tok/sec: 246,644 | bf16_mfu: 60.06 | epoch: 1 pq: 5 rg: 53 | total time: 17.58m | eta: 60.1m
step 00508/02205 (23.04%) | loss: 3.307435 | lrm: 1.00 | dt: 2120.19ms | tok/sec: 247,283 | bf16_mfu: 60.21 | epoch: 1 pq: 5 rg: 54 | total time: 17.61m | eta: 60.0m
step 00509/02205 (23.08%) | loss: 3.303590 | lrm: 1.00 | dt: 2124.26ms | tok/sec: 246,809 | bf16_mfu: 60.10 | epoch: 1 pq: 5 rg: 54 | total time: 17.65m | eta: 60.0m
step 00510/02205 (23.13%) | loss: 3.306559 | lrm: 1.00 | dt: 2126.09ms | tok/sec: 246,596 | bf16_mfu: 60.04 | epoch: 1 pq: 5 rg: 55 | total time: 17.69m | eta: 60.0m
step 00511/02205 (23.17%) | loss: 3.295770 | lrm: 1.00 | dt: 2123.49ms | tok/sec: 246,899 | bf16_mfu: 60.12 | epoch: 1 pq: 5 rg: 56 | total time: 17.72m | eta: 59.9m
step 00512/02205 (23.22%) | loss: 3.297470 | lrm: 1.00 | dt: 2131.34ms | tok/sec: 245,989 | bf16_mfu: 59.90 | epoch: 1 pq: 5 rg: 57 | total time: 17.76m | eta: 59.9m
step 00513/02205 (23.27%) | loss: 3.303256 | lrm: 1.00 | dt: 2125.62ms | tok/sec: 246,652 | bf16_mfu: 60.06 | epoch: 1 pq: 5 rg: 58 | total time: 17.79m | eta: 59.8m
step 00514/02205 (23.31%) | loss: 3.308565 | lrm: 1.00 | dt: 2126.84ms | tok/sec: 246,509 | bf16_mfu: 60.02 | epoch: 1 pq: 5 rg: 59 | total time: 17.83m | eta: 59.8m
step 00515/02205 (23.36%) | loss: 3.306421 | lrm: 1.00 | dt: 2125.72ms | tok/sec: 246,640 | bf16_mfu: 60.06 | epoch: 1 pq: 5 rg: 60 | total time: 17.86m | eta: 59.8m
step 00516/02205 (23.40%) | loss: 3.308600 | lrm: 1.00 | dt: 2128.28ms | tok/sec: 246,343 | bf16_mfu: 59.98 | epoch: 1 pq: 5 rg: 61 | total time: 17.90m | eta: 59.7m
step 00517/02205 (23.45%) | loss: 3.309628 | lrm: 1.00 | dt: 2124.92ms | tok/sec: 246,733 | bf16_mfu: 60.08 | epoch: 1 pq: 5 rg: 62 | total time: 17.93m | eta: 59.7m
step 00518/02205 (23.49%) | loss: 3.310302 | lrm: 1.00 | dt: 2126.72ms | tok/sec: 246,524 | bf16_mfu: 60.03 | epoch: 1 pq: 5 rg: 63 | total time: 17.97m | eta: 59.7m
step 00519/02205 (23.54%) | loss: 3.312514 | lrm: 1.00 | dt: 2123.32ms | tok/sec: 246,919 | bf16_mfu: 60.12 | epoch: 1 pq: 5 rg: 64 | total time: 18.00m | eta: 59.6m
step 00520/02205 (23.58%) | loss: 3.310371 | lrm: 1.00 | dt: 2131.54ms | tok/sec: 245,966 | bf16_mfu: 59.89 | epoch: 1 pq: 5 rg: 65 | total time: 18.04m | eta: 59.6m
step 00521/02205 (23.63%) | loss: 3.308227 | lrm: 1.00 | dt: 2125.06ms | tok/sec: 246,717 | bf16_mfu: 60.07 | epoch: 1 pq: 5 rg: 65 | total time: 18.08m | eta: 59.6m
step 00522/02205 (23.67%) | loss: 3.309227 | lrm: 1.00 | dt: 2131.44ms | tok/sec: 245,978 | bf16_mfu: 59.89 | epoch: 1 pq: 5 rg: 66 | total time: 18.11m | eta: 59.5m
step 00523/02205 (23.72%) | loss: 3.302794 | lrm: 1.00 | dt: 2126.27ms | tok/sec: 246,576 | bf16_mfu: 60.04 | epoch: 1 pq: 5 rg: 67 | total time: 18.15m | eta: 59.5m
step 00524/02205 (23.76%) | loss: 3.293317 | lrm: 1.00 | dt: 2125.90ms | tok/sec: 246,619 | bf16_mfu: 60.05 | epoch: 1 pq: 5 rg: 68 | total time: 18.18m | eta: 59.5m
step 00525/02205 (23.81%) | loss: 3.297752 | lrm: 1.00 | dt: 2124.57ms | tok/sec: 246,774 | bf16_mfu: 60.09 | epoch: 1 pq: 5 rg: 69 | total time: 18.22m | eta: 59.4m
step 00526/02205 (23.85%) | loss: 3.302814 | lrm: 1.00 | dt: 2126.11ms | tok/sec: 246,594 | bf16_mfu: 60.04 | epoch: 1 pq: 5 rg: 70 | total time: 18.25m | eta: 59.4m
step 00527/02205 (23.90%) | loss: 3.306830 | lrm: 1.00 | dt: 2126.33ms | tok/sec: 246,568 | bf16_mfu: 60.04 | epoch: 1 pq: 5 rg: 71 | total time: 18.29m | eta: 59.4m
step 00528/02205 (23.95%) | loss: 3.295782 | lrm: 1.00 | dt: 2126.58ms | tok/sec: 246,540 | bf16_mfu: 60.03 | epoch: 1 pq: 5 rg: 72 | total time: 18.32m | eta: 59.3m
step 00529/02205 (23.99%) | loss: 3.298527 | lrm: 1.00 | dt: 2127.40ms | tok/sec: 246,444 | bf16_mfu: 60.01 | epoch: 1 pq: 5 rg: 73 | total time: 18.36m | eta: 59.3m
step 00530/02205 (24.04%) | loss: 3.295410 | lrm: 1.00 | dt: 2126.46ms | tok/sec: 246,554 | bf16_mfu: 60.03 | epoch: 1 pq: 5 rg: 74 | total time: 18.39m | eta: 59.3m
step 00531/02205 (24.08%) | loss: 3.294735 | lrm: 1.00 | dt: 2126.01ms | tok/sec: 246,607 | bf16_mfu: 60.05 | epoch: 1 pq: 5 rg: 75 | total time: 18.43m | eta: 59.2m
step 00532/02205 (24.13%) | loss: 3.288383 | lrm: 1.00 | dt: 2128.23ms | tok/sec: 246,349 | bf16_mfu: 59.98 | epoch: 1 pq: 5 rg: 76 | total time: 18.47m | eta: 59.2m
step 00533/02205 (24.17%) | loss: 3.287264 | lrm: 1.00 | dt: 2124.24ms | tok/sec: 246,812 | bf16_mfu: 60.10 | epoch: 1 pq: 5 rg: 77 | total time: 18.50m | eta: 59.1m
step 00534/02205 (24.22%) | loss: 3.285232 | lrm: 1.00 | dt: 2124.92ms | tok/sec: 246,732 | bf16_mfu: 60.08 | epoch: 1 pq: 5 rg: 77 | total time: 18.54m | eta: 59.1m
step 00535/02205 (24.26%) | loss: 3.292659 | lrm: 1.00 | dt: 2130.03ms | tok/sec: 246,141 | bf16_mfu: 59.93 | epoch: 1 pq: 5 rg: 78 | total time: 18.57m | eta: 59.1m
step 00536/02205 (24.31%) | loss: 3.291367 | lrm: 1.00 | dt: 2123.80ms | tok/sec: 246,863 | bf16_mfu: 60.11 | epoch: 1 pq: 5 rg: 79 | total time: 18.61m | eta: 59.0m
step 00537/02205 (24.35%) | loss: 3.292630 | lrm: 1.00 | dt: 2124.69ms | tok/sec: 246,759 | bf16_mfu: 60.08 | epoch: 1 pq: 5 rg: 80 | total time: 18.64m | eta: 59.0m
step 00538/02205 (24.40%) | loss: 3.288090 | lrm: 1.00 | dt: 2124.10ms | tok/sec: 246,827 | bf16_mfu: 60.10 | epoch: 1 pq: 5 rg: 81 | total time: 18.68m | eta: 59.0m
step 00539/02205 (24.44%) | loss: 3.290257 | lrm: 1.00 | dt: 2124.35ms | tok/sec: 246,799 | bf16_mfu: 60.09 | epoch: 1 pq: 5 rg: 82 | total time: 18.71m | eta: 58.9m
step 00540/02205 (24.49%) | loss: 3.294408 | lrm: 1.00 | dt: 2129.00ms | tok/sec: 246,260 | bf16_mfu: 59.96 | epoch: 1 pq: 6 rg: 0 | total time: 18.75m | eta: 58.9m
step 00541/02205 (24.54%) | loss: 3.286825 | lrm: 1.00 | dt: 2125.27ms | tok/sec: 246,692 | bf16_mfu: 60.07 | epoch: 1 pq: 6 rg: 1 | total time: 18.78m | eta: 58.9m
step 00542/02205 (24.58%) | loss: 3.287218 | lrm: 1.00 | dt: 2125.16ms | tok/sec: 246,704 | bf16_mfu: 60.07 | epoch: 1 pq: 6 rg: 2 | total time: 18.82m | eta: 58.8m
step 00543/02205 (24.63%) | loss: 3.287865 | lrm: 1.00 | dt: 2128.53ms | tok/sec: 246,314 | bf16_mfu: 59.98 | epoch: 1 pq: 6 rg: 3 | total time: 18.85m | eta: 58.8m
step 00544/02205 (24.67%) | loss: 3.287771 | lrm: 1.00 | dt: 2127.57ms | tok/sec: 246,425 | bf16_mfu: 60.00 | epoch: 1 pq: 6 rg: 4 | total time: 18.89m | eta: 58.8m
step 00545/02205 (24.72%) | loss: 3.282926 | lrm: 1.00 | dt: 2123.59ms | tok/sec: 246,887 | bf16_mfu: 60.12 | epoch: 1 pq: 6 rg: 5 | total time: 18.93m | eta: 58.7m
step 00546/02205 (24.76%) | loss: 3.281789 | lrm: 1.00 | dt: 2127.22ms | tok/sec: 246,466 | bf16_mfu: 60.01 | epoch: 1 pq: 6 rg: 6 | total time: 18.96m | eta: 58.7m
step 00547/02205 (24.81%) | loss: 3.280045 | lrm: 1.00 | dt: 2129.79ms | tok/sec: 246,168 | bf16_mfu: 59.94 | epoch: 1 pq: 6 rg: 6 | total time: 19.00m | eta: 58.7m
step 00548/02205 (24.85%) | loss: 3.279045 | lrm: 1.00 | dt: 2129.25ms | tok/sec: 246,231 | bf16_mfu: 59.96 | epoch: 1 pq: 6 rg: 7 | total time: 19.03m | eta: 58.6m
step 00549/02205 (24.90%) | loss: 3.282429 | lrm: 1.00 | dt: 2128.71ms | tok/sec: 246,293 | bf16_mfu: 59.97 | epoch: 1 pq: 6 rg: 8 | total time: 19.07m | eta: 58.6m
step 00550/02205 (24.94%) | loss: 3.285708 | lrm: 1.00 | dt: 2126.15ms | tok/sec: 246,590 | bf16_mfu: 60.04 | epoch: 1 pq: 6 rg: 9 | total time: 19.10m | eta: 58.5m
step 00551/02205 (24.99%) | loss: 3.283435 | lrm: 1.00 | dt: 2124.59ms | tok/sec: 246,770 | bf16_mfu: 60.09 | epoch: 1 pq: 6 rg: 10 | total time: 19.14m | eta: 58.5m
step 00552/02205 (25.03%) | loss: 3.278857 | lrm: 1.00 | dt: 2125.33ms | tok/sec: 246,685 | bf16_mfu: 60.07 | epoch: 1 pq: 6 rg: 11 | total time: 19.17m | eta: 58.5m
step 00553/02205 (25.08%) | loss: 3.276681 | lrm: 1.00 | dt: 2126.87ms | tok/sec: 246,507 | bf16_mfu: 60.02 | epoch: 1 pq: 6 rg: 12 | total time: 19.21m | eta: 58.4m
step 00554/02205 (25.12%) | loss: 3.280030 | lrm: 1.00 | dt: 2126.30ms | tok/sec: 246,573 | bf16_mfu: 60.04 | epoch: 1 pq: 6 rg: 13 | total time: 19.24m | eta: 58.4m
step 00555/02205 (25.17%) | loss: 3.280288 | lrm: 1.00 | dt: 2125.31ms | tok/sec: 246,687 | bf16_mfu: 60.07 | epoch: 1 pq: 6 rg: 14 | total time: 19.28m | eta: 58.4m
step 00556/02205 (25.22%) | loss: 3.277019 | lrm: 1.00 | dt: 2125.73ms | tok/sec: 246,638 | bf16_mfu: 60.05 | epoch: 1 pq: 6 rg: 15 | total time: 19.32m | eta: 58.3m
step 00557/02205 (25.26%) | loss: 3.278711 | lrm: 1.00 | dt: 2125.66ms | tok/sec: 246,646 | bf16_mfu: 60.06 | epoch: 1 pq: 6 rg: 16 | total time: 19.35m | eta: 58.3m
step 00558/02205 (25.31%) | loss: 3.275034 | lrm: 1.00 | dt: 2128.71ms | tok/sec: 246,293 | bf16_mfu: 59.97 | epoch: 1 pq: 6 rg: 17 | total time: 19.39m | eta: 58.3m
step 00559/02205 (25.35%) | loss: 3.285038 | lrm: 1.00 | dt: 2122.04ms | tok/sec: 247,068 | bf16_mfu: 60.16 | epoch: 1 pq: 6 rg: 18 | total time: 19.42m | eta: 58.2m
step 00560/02205 (25.40%) | loss: 3.280191 | lrm: 1.00 | dt: 2128.47ms | tok/sec: 246,321 | bf16_mfu: 59.98 | epoch: 1 pq: 6 rg: 18 | total time: 19.46m | eta: 58.2m
step 00561/02205 (25.44%) | loss: 3.273822 | lrm: 1.00 | dt: 2126.62ms | tok/sec: 246,536 | bf16_mfu: 60.03 | epoch: 1 pq: 6 rg: 19 | total time: 19.49m | eta: 58.2m
step 00562/02205 (25.49%) | loss: 3.269513 | lrm: 1.00 | dt: 2126.89ms | tok/sec: 246,504 | bf16_mfu: 60.02 | epoch: 1 pq: 6 rg: 20 | total time: 19.53m | eta: 58.1m
step 00563/02205 (25.53%) | loss: 3.273882 | lrm: 1.00 | dt: 2127.88ms | tok/sec: 246,390 | bf16_mfu: 59.99 | epoch: 1 pq: 6 rg: 21 | total time: 19.56m | eta: 58.1m
step 00564/02205 (25.58%) | loss: 3.266901 | lrm: 1.00 | dt: 2129.87ms | tok/sec: 246,159 | bf16_mfu: 59.94 | epoch: 1 pq: 6 rg: 22 | total time: 19.60m | eta: 58.1m
step 00565/02205 (25.62%) | loss: 3.262467 | lrm: 1.00 | dt: 2131.01ms | tok/sec: 246,028 | bf16_mfu: 59.91 | epoch: 1 pq: 6 rg: 23 | total time: 19.63m | eta: 58.0m
step 00566/02205 (25.67%) | loss: 3.271566 | lrm: 1.00 | dt: 2131.56ms | tok/sec: 245,964 | bf16_mfu: 59.89 | epoch: 1 pq: 6 rg: 24 | total time: 19.67m | eta: 58.0m
step 00567/02205 (25.71%) | loss: 3.261194 | lrm: 1.00 | dt: 2127.18ms | tok/sec: 246,471 | bf16_mfu: 60.01 | epoch: 1 pq: 6 rg: 25 | total time: 19.71m | eta: 57.9m
step 00568/02205 (25.76%) | loss: 3.245194 | lrm: 1.00 | dt: 2128.90ms | tok/sec: 246,271 | bf16_mfu: 59.97 | epoch: 1 pq: 6 rg: 26 | total time: 19.74m | eta: 57.9m
step 00569/02205 (25.80%) | loss: 3.255988 | lrm: 1.00 | dt: 2123.90ms | tok/sec: 246,851 | bf16_mfu: 60.11 | epoch: 1 pq: 6 rg: 26 | total time: 19.78m | eta: 57.9m
step 00570/02205 (25.85%) | loss: 3.257490 | lrm: 1.00 | dt: 2127.56ms | tok/sec: 246,426 | bf16_mfu: 60.00 | epoch: 1 pq: 6 rg: 27 | total time: 19.81m | eta: 57.8m
step 00571/02205 (25.90%) | loss: 3.250813 | lrm: 1.00 | dt: 2127.43ms | tok/sec: 246,441 | bf16_mfu: 60.01 | epoch: 1 pq: 6 rg: 28 | total time: 19.85m | eta: 57.8m
step 00572/02205 (25.94%) | loss: 3.255180 | lrm: 1.00 | dt: 2122.82ms | tok/sec: 246,976 | bf16_mfu: 60.14 | epoch: 1 pq: 6 rg: 29 | total time: 19.88m | eta: 57.8m
step 00573/02205 (25.99%) | loss: 3.260293 | lrm: 1.00 | dt: 2126.71ms | tok/sec: 246,525 | bf16_mfu: 60.03 | epoch: 1 pq: 6 rg: 30 | total time: 19.92m | eta: 57.7m
step 00574/02205 (26.03%) | loss: 3.253320 | lrm: 1.00 | dt: 2122.16ms | tok/sec: 247,054 | bf16_mfu: 60.16 | epoch: 1 pq: 6 rg: 31 | total time: 19.95m | eta: 57.7m
step 00575/02205 (26.08%) | loss: 3.252381 | lrm: 1.00 | dt: 2126.26ms | tok/sec: 246,577 | bf16_mfu: 60.04 | epoch: 1 pq: 6 rg: 32 | total time: 19.99m | eta: 57.7m
step 00576/02205 (26.12%) | loss: 3.252588 | lrm: 1.00 | dt: 2126.89ms | tok/sec: 246,504 | bf16_mfu: 60.02 | epoch: 1 pq: 6 rg: 33 | total time: 20.02m | eta: 57.6m
step 00577/02205 (26.17%) | loss: 3.255816 | lrm: 1.00 | dt: 2131.64ms | tok/sec: 245,955 | bf16_mfu: 59.89 | epoch: 1 pq: 6 rg: 34 | total time: 20.06m | eta: 57.6m
step 00578/02205 (26.21%) | loss: 3.252680 | lrm: 1.00 | dt: 2125.99ms | tok/sec: 246,608 | bf16_mfu: 60.05 | epoch: 1 pq: 6 rg: 35 | total time: 20.10m | eta: 57.6m
step 00579/02205 (26.26%) | loss: 3.257397 | lrm: 1.00 | dt: 2129.27ms | tok/sec: 246,228 | bf16_mfu: 59.95 | epoch: 1 pq: 6 rg: 36 | total time: 20.13m | eta: 57.5m
step 00580/02205 (26.30%) | loss: 3.260449 | lrm: 1.00 | dt: 2125.28ms | tok/sec: 246,691 | bf16_mfu: 60.07 | epoch: 1 pq: 6 rg: 37 | total time: 20.17m | eta: 57.5m
step 00581/02205 (26.35%) | loss: 3.256151 | lrm: 1.00 | dt: 2126.60ms | tok/sec: 246,538 | bf16_mfu: 60.03 | epoch: 1 pq: 6 rg: 38 | total time: 20.20m | eta: 57.5m
step 00582/02205 (26.39%) | loss: 3.248814 | lrm: 1.00 | dt: 2129.08ms | tok/sec: 246,251 | bf16_mfu: 59.96 | epoch: 1 pq: 6 rg: 38 | total time: 20.24m | eta: 57.4m
step 00583/02205 (26.44%) | loss: 3.248206 | lrm: 1.00 | dt: 2127.57ms | tok/sec: 246,425 | bf16_mfu: 60.00 | epoch: 1 pq: 6 rg: 39 | total time: 20.27m | eta: 57.4m
step 00584/02205 (26.49%) | loss: 3.260239 | lrm: 1.00 | dt: 2124.03ms | tok/sec: 246,835 | bf16_mfu: 60.10 | epoch: 1 pq: 6 rg: 40 | total time: 20.31m | eta: 57.4m
step 00585/02205 (26.53%) | loss: 3.260662 | lrm: 1.00 | dt: 2128.81ms | tok/sec: 246,282 | bf16_mfu: 59.97 | epoch: 1 pq: 6 rg: 41 | total time: 20.34m | eta: 57.3m
step 00586/02205 (26.58%) | loss: 3.261385 | lrm: 1.00 | dt: 2123.65ms | tok/sec: 246,880 | bf16_mfu: 60.11 | epoch: 1 pq: 6 rg: 42 | total time: 20.38m | eta: 57.3m
step 00587/02205 (26.62%) | loss: 3.251617 | lrm: 1.00 | dt: 2130.82ms | tok/sec: 246,050 | bf16_mfu: 59.91 | epoch: 1 pq: 6 rg: 43 | total time: 20.41m | eta: 57.2m
step 00588/02205 (26.67%) | loss: 3.253549 | lrm: 1.00 | dt: 2121.80ms | tok/sec: 247,095 | bf16_mfu: 60.17 | epoch: 1 pq: 6 rg: 44 | total time: 20.45m | eta: 57.2m
step 00589/02205 (26.71%) | loss: 3.250293 | lrm: 1.00 | dt: 2123.03ms | tok/sec: 246,952 | bf16_mfu: 60.13 | epoch: 1 pq: 6 rg: 45 | total time: 20.49m | eta: 57.2m
step 00590/02205 (26.76%) | loss: 3.249950 | lrm: 1.00 | dt: 2128.72ms | tok/sec: 246,292 | bf16_mfu: 59.97 | epoch: 1 pq: 6 rg: 46 | total time: 20.52m | eta: 57.1m
step 00591/02205 (26.80%) | loss: 3.254171 | lrm: 1.00 | dt: 2126.20ms | tok/sec: 246,584 | bf16_mfu: 60.04 | epoch: 1 pq: 6 rg: 47 | total time: 20.56m | eta: 57.1m
step 00592/02205 (26.85%) | loss: 3.252218 | lrm: 1.00 | dt: 2124.02ms | tok/sec: 246,837 | bf16_mfu: 60.10 | epoch: 1 pq: 6 rg: 48 | total time: 20.59m | eta: 57.1m
step 00593/02205 (26.89%) | loss: 3.262179 | lrm: 1.00 | dt: 2123.32ms | tok/sec: 246,918 | bf16_mfu: 60.12 | epoch: 1 pq: 6 rg: 49 | total time: 20.63m | eta: 57.0m
step 00594/02205 (26.94%) | loss: 3.252866 | lrm: 1.00 | dt: 2128.17ms | tok/sec: 246,356 | bf16_mfu: 59.99 | epoch: 1 pq: 6 rg: 50 | total time: 20.66m | eta: 57.0m
step 00595/02205 (26.98%) | loss: 3.253518 | lrm: 1.00 | dt: 2123.16ms | tok/sec: 246,937 | bf16_mfu: 60.13 | epoch: 1 pq: 6 rg: 51 | total time: 20.70m | eta: 57.0m
step 00596/02205 (27.03%) | loss: 3.251525 | lrm: 1.00 | dt: 2129.15ms | tok/sec: 246,242 | bf16_mfu: 59.96 | epoch: 1 pq: 6 rg: 51 | total time: 20.73m | eta: 56.9m
step 00597/02205 (27.07%) | loss: 3.252928 | lrm: 1.00 | dt: 2128.53ms | tok/sec: 246,315 | bf16_mfu: 59.98 | epoch: 1 pq: 6 rg: 52 | total time: 20.77m | eta: 56.9m
step 00598/02205 (27.12%) | loss: 3.247675 | lrm: 1.00 | dt: 2126.53ms | tok/sec: 246,546 | bf16_mfu: 60.03 | epoch: 1 pq: 6 rg: 53 | total time: 20.80m | eta: 56.9m
step 00599/02205 (27.17%) | loss: 3.254594 | lrm: 1.00 | dt: 2121.61ms | tok/sec: 247,117 | bf16_mfu: 60.17 | epoch: 1 pq: 6 rg: 54 | total time: 20.84m | eta: 56.8m
step 00600/02205 (27.21%) | loss: 3.256349 | lrm: 1.00 | dt: 2130.79ms | tok/sec: 246,052 | bf16_mfu: 59.91 | epoch: 1 pq: 6 rg: 55 | total time: 20.88m | eta: 56.8m
step 00601/02205 (27.26%) | loss: 3.256691 | lrm: 1.00 | dt: 2128.30ms | tok/sec: 246,341 | bf16_mfu: 59.98 | epoch: 1 pq: 6 rg: 56 | total time: 20.91m | eta: 56.8m
step 00602/02205 (27.30%) | loss: 3.252506 | lrm: 1.00 | dt: 2129.22ms | tok/sec: 246,235 | bf16_mfu: 59.96 | epoch: 1 pq: 6 rg: 57 | total time: 20.95m | eta: 56.7m
step 00603/02205 (27.35%) | loss: 3.250841 | lrm: 1.00 | dt: 2128.96ms | tok/sec: 246,264 | bf16_mfu: 59.96 | epoch: 1 pq: 6 rg: 58 | total time: 20.98m | eta: 56.7m
step 00604/02205 (27.39%) | loss: 3.251752 | lrm: 1.00 | dt: 2121.78ms | tok/sec: 247,098 | bf16_mfu: 60.17 | epoch: 1 pq: 6 rg: 59 | total time: 21.02m | eta: 56.6m
step 00605/02205 (27.44%) | loss: 3.254936 | lrm: 1.00 | dt: 2126.82ms | tok/sec: 246,512 | bf16_mfu: 60.02 | epoch: 1 pq: 6 rg: 60 | total time: 21.05m | eta: 56.6m
step 00606/02205 (27.48%) | loss: 3.250770 | lrm: 1.00 | dt: 2125.65ms | tok/sec: 246,647 | bf16_mfu: 60.06 | epoch: 1 pq: 6 rg: 61 | total time: 21.09m | eta: 56.6m
step 00607/02205 (27.53%) | loss: 3.250063 | lrm: 1.00 | dt: 2129.76ms | tok/sec: 246,172 | bf16_mfu: 59.94 | epoch: 1 pq: 6 rg: 62 | total time: 21.12m | eta: 56.5m
step 00608/02205 (27.57%) | loss: 3.246119 | lrm: 1.00 | dt: 2126.40ms | tok/sec: 246,561 | bf16_mfu: 60.04 | epoch: 1 pq: 6 rg: 62 | total time: 21.16m | eta: 56.5m
step 00609/02205 (27.62%) | loss: 3.244998 | lrm: 1.00 | dt: 2129.03ms | tok/sec: 246,256 | bf16_mfu: 59.96 | epoch: 1 pq: 6 rg: 63 | total time: 21.19m | eta: 56.5m
step 00610/02205 (27.66%) | loss: 3.242309 | lrm: 1.00 | dt: 2127.38ms | tok/sec: 246,447 | bf16_mfu: 60.01 | epoch: 1 pq: 6 rg: 64 | total time: 21.23m | eta: 56.4m
step 00611/02205 (27.71%) | loss: 3.239044 | lrm: 1.00 | dt: 2124.55ms | tok/sec: 246,776 | bf16_mfu: 60.09 | epoch: 1 pq: 6 rg: 65 | total time: 21.27m | eta: 56.4m
step 00612/02205 (27.76%) | loss: 3.247340 | lrm: 1.00 | dt: 2126.70ms | tok/sec: 246,526 | bf16_mfu: 60.03 | epoch: 1 pq: 6 rg: 66 | total time: 21.30m | eta: 56.4m
step 00613/02205 (27.80%) | loss: 3.244181 | lrm: 1.00 | dt: 2123.78ms | tok/sec: 246,865 | bf16_mfu: 60.11 | epoch: 1 pq: 6 rg: 67 | total time: 21.34m | eta: 56.3m
step 00614/02205 (27.85%) | loss: 3.244119 | lrm: 1.00 | dt: 2127.27ms | tok/sec: 246,460 | bf16_mfu: 60.01 | epoch: 1 pq: 6 rg: 68 | total time: 21.37m | eta: 56.3m
step 00615/02205 (27.89%) | loss: 3.250841 | lrm: 1.00 | dt: 2126.69ms | tok/sec: 246,528 | bf16_mfu: 60.03 | epoch: 1 pq: 6 rg: 69 | total time: 21.41m | eta: 56.3m
step 00616/02205 (27.94%) | loss: 3.249219 | lrm: 1.00 | dt: 2122.90ms | tok/sec: 246,967 | bf16_mfu: 60.13 | epoch: 1 pq: 6 rg: 70 | total time: 21.44m | eta: 56.2m
step 00617/02205 (27.98%) | loss: 3.246253 | lrm: 1.00 | dt: 2128.06ms | tok/sec: 246,368 | bf16_mfu: 59.99 | epoch: 1 pq: 6 rg: 71 | total time: 21.48m | eta: 56.2m
step 00618/02205 (28.03%) | loss: 3.248054 | lrm: 1.00 | dt: 2132.29ms | tok/sec: 245,880 | bf16_mfu: 59.87 | epoch: 1 pq: 6 rg: 72 | total time: 21.51m | eta: 56.2m
step 00619/02205 (28.07%) | loss: 3.247087 | lrm: 1.00 | dt: 2131.84ms | tok/sec: 245,932 | bf16_mfu: 59.88 | epoch: 1 pq: 6 rg: 73 | total time: 21.55m | eta: 56.1m
step 00620/02205 (28.12%) | loss: 3.245580 | lrm: 1.00 | dt: 2127.90ms | tok/sec: 246,387 | bf16_mfu: 59.99 | epoch: 1 pq: 6 rg: 73 | total time: 21.58m | eta: 56.1m
step 00621/02205 (28.16%) | loss: 3.251829 | lrm: 1.00 | dt: 2127.22ms | tok/sec: 246,465 | bf16_mfu: 60.01 | epoch: 1 pq: 6 rg: 74 | total time: 21.62m | eta: 56.0m
step 00622/02205 (28.21%) | loss: 3.250725 | lrm: 1.00 | dt: 2128.61ms | tok/sec: 246,304 | bf16_mfu: 59.97 | epoch: 1 pq: 6 rg: 75 | total time: 21.66m | eta: 56.0m
step 00623/02205 (28.25%) | loss: 3.254222 | lrm: 1.00 | dt: 2126.17ms | tok/sec: 246,588 | bf16_mfu: 60.04 | epoch: 1 pq: 6 rg: 76 | total time: 21.69m | eta: 56.0m
step 00624/02205 (28.30%) | loss: 3.255116 | lrm: 1.00 | dt: 2123.65ms | tok/sec: 246,880 | bf16_mfu: 60.11 | epoch: 1 pq: 6 rg: 77 | total time: 21.73m | eta: 55.9m
step 00625/02205 (28.34%) | loss: 3.248646 | lrm: 1.00 | dt: 2126.16ms | tok/sec: 246,589 | bf16_mfu: 60.04 | epoch: 1 pq: 6 rg: 78 | total time: 21.76m | eta: 55.9m
step 00626/02205 (28.39%) | loss: 3.249184 | lrm: 1.00 | dt: 2127.32ms | tok/sec: 246,455 | bf16_mfu: 60.01 | epoch: 1 pq: 6 rg: 79 | total time: 21.80m | eta: 55.9m
step 00627/02205 (28.44%) | loss: 3.253469 | lrm: 1.00 | dt: 2127.37ms | tok/sec: 246,448 | bf16_mfu: 60.01 | epoch: 1 pq: 6 rg: 80 | total time: 21.83m | eta: 55.8m
step 00628/02205 (28.48%) | loss: 3.240452 | lrm: 1.00 | dt: 2121.99ms | tok/sec: 247,074 | bf16_mfu: 60.16 | epoch: 1 pq: 6 rg: 81 | total time: 21.87m | eta: 55.8m
step 00629/02205 (28.53%) | loss: 3.238714 | lrm: 1.00 | dt: 2128.46ms | tok/sec: 246,322 | bf16_mfu: 59.98 | epoch: 1 pq: 7 rg: 0 | total time: 21.90m | eta: 55.8m
step 00630/02205 (28.57%) | loss: 3.239469 | lrm: 1.00 | dt: 2129.57ms | tok/sec: 246,194 | bf16_mfu: 59.95 | epoch: 1 pq: 7 rg: 1 | total time: 21.94m | eta: 55.7m
step 00631/02205 (28.62%) | loss: 3.241934 | lrm: 1.00 | dt: 2128.04ms | tok/sec: 246,371 | bf16_mfu: 59.99 | epoch: 1 pq: 7 rg: 2 | total time: 21.97m | eta: 55.7m
step 00632/02205 (28.66%) | loss: 3.247260 | lrm: 1.00 | dt: 2125.62ms | tok/sec: 246,651 | bf16_mfu: 60.06 | epoch: 1 pq: 7 rg: 3 | total time: 22.01m | eta: 55.7m
step 00633/02205 (28.71%) | loss: 3.239706 | lrm: 1.00 | dt: 2130.46ms | tok/sec: 246,091 | bf16_mfu: 59.92 | epoch: 1 pq: 7 rg: 3 | total time: 22.05m | eta: 55.6m
step 00634/02205 (28.75%) | loss: 3.229245 | lrm: 1.00 | dt: 2131.58ms | tok/sec: 245,962 | bf16_mfu: 59.89 | epoch: 1 pq: 7 rg: 4 | total time: 22.08m | eta: 55.6m
step 00635/02205 (28.80%) | loss: 3.226535 | lrm: 1.00 | dt: 2125.41ms | tok/sec: 246,675 | bf16_mfu: 60.06 | epoch: 1 pq: 7 rg: 5 | total time: 22.12m | eta: 55.6m
step 00636/02205 (28.84%) | loss: 3.221452 | lrm: 1.00 | dt: 2129.49ms | tok/sec: 246,203 | bf16_mfu: 59.95 | epoch: 1 pq: 7 rg: 6 | total time: 22.15m | eta: 55.5m
step 00637/02205 (28.89%) | loss: 3.222934 | lrm: 1.00 | dt: 2126.20ms | tok/sec: 246,584 | bf16_mfu: 60.04 | epoch: 1 pq: 7 rg: 7 | total time: 22.19m | eta: 55.5m
step 00638/02205 (28.93%) | loss: 3.222457 | lrm: 1.00 | dt: 2127.07ms | tok/sec: 246,483 | bf16_mfu: 60.02 | epoch: 1 pq: 7 rg: 8 | total time: 22.22m | eta: 55.4m
step 00639/02205 (28.98%) | loss: 3.222643 | lrm: 1.00 | dt: 2125.18ms | tok/sec: 246,703 | bf16_mfu: 60.07 | epoch: 1 pq: 7 rg: 9 | total time: 22.26m | eta: 55.4m
step 00640/02205 (29.02%) | loss: 3.218266 | lrm: 1.00 | dt: 2126.01ms | tok/sec: 246,606 | bf16_mfu: 60.05 | epoch: 1 pq: 7 rg: 10 | total time: 22.29m | eta: 55.4m
step 00641/02205 (29.07%) | loss: 3.220995 | lrm: 1.00 | dt: 2129.99ms | tok/sec: 246,146 | bf16_mfu: 59.93 | epoch: 1 pq: 7 rg: 11 | total time: 22.33m | eta: 55.3m
step 00642/02205 (29.12%) | loss: 3.220830 | lrm: 1.00 | dt: 2126.48ms | tok/sec: 246,551 | bf16_mfu: 60.03 | epoch: 1 pq: 7 rg: 12 | total time: 22.36m | eta: 55.3m
step 00643/02205 (29.16%) | loss: 3.221780 | lrm: 1.00 | dt: 2130.29ms | tok/sec: 246,110 | bf16_mfu: 59.93 | epoch: 1 pq: 7 rg: 13 | total time: 22.40m | eta: 55.3m
step 00644/02205 (29.21%) | loss: 3.228919 | lrm: 1.00 | dt: 2126.03ms | tok/sec: 246,604 | bf16_mfu: 60.05 | epoch: 1 pq: 7 rg: 14 | total time: 22.44m | eta: 55.2m
step 00645/02205 (29.25%) | loss: 3.225588 | lrm: 1.00 | dt: 2125.76ms | tok/sec: 246,635 | bf16_mfu: 60.05 | epoch: 1 pq: 7 rg: 15 | total time: 22.47m | eta: 55.2m
step 00646/02205 (29.30%) | loss: 3.221775 | lrm: 1.00 | dt: 2126.60ms | tok/sec: 246,538 | bf16_mfu: 60.03 | epoch: 1 pq: 7 rg: 15 | total time: 22.51m | eta: 55.2m
step 00647/02205 (29.34%) | loss: 3.220712 | lrm: 1.00 | dt: 2125.55ms | tok/sec: 246,660 | bf16_mfu: 60.06 | epoch: 1 pq: 7 rg: 16 | total time: 22.54m | eta: 55.1m
step 00648/02205 (29.39%) | loss: 3.225704 | lrm: 1.00 | dt: 2125.29ms | tok/sec: 246,689 | bf16_mfu: 60.07 | epoch: 1 pq: 7 rg: 17 | total time: 22.58m | eta: 55.1m
step 00649/02205 (29.43%) | loss: 3.227589 | lrm: 1.00 | dt: 2128.50ms | tok/sec: 246,318 | bf16_mfu: 59.98 | epoch: 1 pq: 7 rg: 18 | total time: 22.61m | eta: 55.1m
step 00650/02205 (29.48%) | loss: 3.224628 | lrm: 1.00 | dt: 2127.29ms | tok/sec: 246,458 | bf16_mfu: 60.01 | epoch: 1 pq: 7 rg: 19 | total time: 22.65m | eta: 55.0m
step 00651/02205 (29.52%) | loss: 3.232245 | lrm: 1.00 | dt: 2126.18ms | tok/sec: 246,586 | bf16_mfu: 60.04 | epoch: 1 pq: 7 rg: 20 | total time: 22.68m | eta: 55.0m
step 00652/02205 (29.57%) | loss: 3.232745 | lrm: 1.00 | dt: 2129.12ms | tok/sec: 246,245 | bf16_mfu: 59.96 | epoch: 1 pq: 7 rg: 21 | total time: 22.72m | eta: 55.0m
step 00653/02205 (29.61%) | loss: 3.233407 | lrm: 1.00 | dt: 2127.69ms | tok/sec: 246,411 | bf16_mfu: 60.00 | epoch: 1 pq: 7 rg: 22 | total time: 22.75m | eta: 54.9m
step 00654/02205 (29.66%) | loss: 3.234976 | lrm: 1.00 | dt: 2125.66ms | tok/sec: 246,647 | bf16_mfu: 60.06 | epoch: 1 pq: 7 rg: 23 | total time: 22.79m | eta: 54.9m
step 00655/02205 (29.71%) | loss: 3.231089 | lrm: 1.00 | dt: 2123.95ms | tok/sec: 246,846 | bf16_mfu: 60.11 | epoch: 1 pq: 7 rg: 24 | total time: 22.83m | eta: 54.9m
step 00656/02205 (29.75%) | loss: 3.227108 | lrm: 1.00 | dt: 2130.74ms | tok/sec: 246,059 | bf16_mfu: 59.91 | epoch: 1 pq: 7 rg: 25 | total time: 22.86m | eta: 54.8m
step 00657/02205 (29.80%) | loss: 3.226554 | lrm: 1.00 | dt: 2125.76ms | tok/sec: 246,635 | bf16_mfu: 60.05 | epoch: 1 pq: 7 rg: 26 | total time: 22.90m | eta: 54.8m
step 00658/02205 (29.84%) | loss: 3.224777 | lrm: 1.00 | dt: 2125.09ms | tok/sec: 246,713 | bf16_mfu: 60.07 | epoch: 1 pq: 7 rg: 27 | total time: 22.93m | eta: 54.7m
step 00659/02205 (29.89%) | loss: 3.221086 | lrm: 1.00 | dt: 2123.73ms | tok/sec: 246,871 | bf16_mfu: 60.11 | epoch: 1 pq: 7 rg: 27 | total time: 22.97m | eta: 54.7m
step 00660/02205 (29.93%) | loss: 3.221854 | lrm: 1.00 | dt: 2127.64ms | tok/sec: 246,417 | bf16_mfu: 60.00 | epoch: 1 pq: 7 rg: 28 | total time: 23.00m | eta: 54.7m
step 00661/02205 (29.98%) | loss: 3.221325 | lrm: 1.00 | dt: 2127.06ms | tok/sec: 246,485 | bf16_mfu: 60.02 | epoch: 1 pq: 7 rg: 29 | total time: 23.04m | eta: 54.6m
step 00662/02205 (30.02%) | loss: 3.219083 | lrm: 1.00 | dt: 2127.67ms | tok/sec: 246,413 | bf16_mfu: 60.00 | epoch: 1 pq: 7 rg: 30 | total time: 23.07m | eta: 54.6m
step 00663/02205 (30.07%) | loss: 3.215931 | lrm: 1.00 | dt: 2126.32ms | tok/sec: 246,570 | bf16_mfu: 60.04 | epoch: 1 pq: 7 rg: 31 | total time: 23.11m | eta: 54.6m
step 00664/02205 (30.11%) | loss: 3.212801 | lrm: 1.00 | dt: 2126.94ms | tok/sec: 246,499 | bf16_mfu: 60.02 | epoch: 1 pq: 7 rg: 32 | total time: 23.14m | eta: 54.5m
step 00665/02205 (30.16%) | loss: 3.214976 | lrm: 1.00 | dt: 2127.93ms | tok/sec: 246,383 | bf16_mfu: 59.99 | epoch: 1 pq: 7 rg: 33 | total time: 23.18m | eta: 54.5m
step 00666/02205 (30.20%) | loss: 3.212165 | lrm: 1.00 | dt: 2126.38ms | tok/sec: 246,563 | bf16_mfu: 60.04 | epoch: 1 pq: 7 rg: 34 | total time: 23.21m | eta: 54.5m
step 00667/02205 (30.25%) | loss: 3.211294 | lrm: 1.00 | dt: 2128.76ms | tok/sec: 246,287 | bf16_mfu: 59.97 | epoch: 1 pq: 7 rg: 35 | total time: 23.25m | eta: 54.4m
step 00668/02205 (30.29%) | loss: 3.208551 | lrm: 1.00 | dt: 2127.93ms | tok/sec: 246,383 | bf16_mfu: 59.99 | epoch: 1 pq: 7 rg: 36 | total time: 23.29m | eta: 54.4m
step 00669/02205 (30.34%) | loss: 3.213619 | lrm: 1.00 | dt: 2124.52ms | tok/sec: 246,779 | bf16_mfu: 60.09 | epoch: 1 pq: 7 rg: 37 | total time: 23.32m | eta: 54.4m
step 00670/02205 (30.39%) | loss: 3.212915 | lrm: 1.00 | dt: 2123.91ms | tok/sec: 246,850 | bf16_mfu: 60.11 | epoch: 1 pq: 7 rg: 38 | total time: 23.36m | eta: 54.3m
step 00671/02205 (30.43%) | loss: 3.210909 | lrm: 1.00 | dt: 2123.32ms | tok/sec: 246,918 | bf16_mfu: 60.12 | epoch: 1 pq: 7 rg: 39 | total time: 23.39m | eta: 54.3m
step 00672/02205 (30.48%) | loss: 3.207264 | lrm: 1.00 | dt: 2129.87ms | tok/sec: 246,159 | bf16_mfu: 59.94 | epoch: 1 pq: 7 rg: 40 | total time: 23.43m | eta: 54.3m
step 00673/02205 (30.52%) | loss: 3.206986 | lrm: 1.00 | dt: 2126.65ms | tok/sec: 246,532 | bf16_mfu: 60.03 | epoch: 1 pq: 7 rg: 40 | total time: 23.46m | eta: 54.2m
step 00674/02205 (30.57%) | loss: 3.205902 | lrm: 1.00 | dt: 2126.57ms | tok/sec: 246,541 | bf16_mfu: 60.03 | epoch: 1 pq: 7 rg: 41 | total time: 23.50m | eta: 54.2m
step 00675/02205 (30.61%) | loss: 3.210370 | lrm: 1.00 | dt: 2129.35ms | tok/sec: 246,220 | bf16_mfu: 59.95 | epoch: 1 pq: 7 rg: 42 | total time: 23.53m | eta: 54.1m
step 00676/02205 (30.66%) | loss: 3.212229 | lrm: 1.00 | dt: 2125.15ms | tok/sec: 246,706 | bf16_mfu: 60.07 | epoch: 1 pq: 7 rg: 43 | total time: 23.57m | eta: 54.1m
step 00677/02205 (30.70%) | loss: 3.203608 | lrm: 1.00 | dt: 2125.85ms | tok/sec: 246,624 | bf16_mfu: 60.05 | epoch: 1 pq: 7 rg: 44 | total time: 23.60m | eta: 54.1m
step 00678/02205 (30.75%) | loss: 3.206333 | lrm: 1.00 | dt: 2121.54ms | tok/sec: 247,126 | bf16_mfu: 60.17 | epoch: 1 pq: 7 rg: 45 | total time: 23.64m | eta: 54.0m
step 00679/02205 (30.79%) | loss: 3.203260 | lrm: 1.00 | dt: 2123.78ms | tok/sec: 246,865 | bf16_mfu: 60.11 | epoch: 1 pq: 7 rg: 46 | total time: 23.68m | eta: 54.0m
step 00680/02205 (30.84%) | loss: 3.201812 | lrm: 1.00 | dt: 2123.99ms | tok/sec: 246,841 | bf16_mfu: 60.10 | epoch: 1 pq: 7 rg: 47 | total time: 23.71m | eta: 54.0m
step 00681/02205 (30.88%) | loss: 3.196853 | lrm: 1.00 | dt: 2131.89ms | tok/sec: 245,926 | bf16_mfu: 59.88 | epoch: 1 pq: 7 rg: 48 | total time: 23.75m | eta: 53.9m
step 00682/02205 (30.93%) | loss: 3.189757 | lrm: 1.00 | dt: 2126.34ms | tok/sec: 246,568 | bf16_mfu: 60.04 | epoch: 1 pq: 7 rg: 49 | total time: 23.78m | eta: 53.9m
step 00683/02205 (30.98%) | loss: 3.189764 | lrm: 1.00 | dt: 2132.91ms | tok/sec: 245,808 | bf16_mfu: 59.85 | epoch: 1 pq: 7 rg: 50 | total time: 23.82m | eta: 53.9m
step 00684/02205 (31.02%) | loss: 3.188927 | lrm: 1.00 | dt: 2125.69ms | tok/sec: 246,644 | bf16_mfu: 60.06 | epoch: 1 pq: 7 rg: 51 | total time: 23.85m | eta: 53.8m
step 00685/02205 (31.07%) | loss: 3.182990 | lrm: 1.00 | dt: 2131.53ms | tok/sec: 245,967 | bf16_mfu: 59.89 | epoch: 1 pq: 7 rg: 51 | total time: 23.89m | eta: 53.8m
step 00686/02205 (31.11%) | loss: 3.187844 | lrm: 1.00 | dt: 2125.21ms | tok/sec: 246,699 | bf16_mfu: 60.07 | epoch: 1 pq: 7 rg: 52 | total time: 23.92m | eta: 53.8m
step 00687/02205 (31.16%) | loss: 3.199972 | lrm: 1.00 | dt: 2129.56ms | tok/sec: 246,195 | bf16_mfu: 59.95 | epoch: 1 pq: 7 rg: 53 | total time: 23.96m | eta: 53.7m
step 00688/02205 (31.20%) | loss: 3.203745 | lrm: 1.00 | dt: 2126.97ms | tok/sec: 246,495 | bf16_mfu: 60.02 | epoch: 1 pq: 7 rg: 54 | total time: 23.99m | eta: 53.7m
step 00689/02205 (31.25%) | loss: 3.198047 | lrm: 1.00 | dt: 2126.30ms | tok/sec: 246,573 | bf16_mfu: 60.04 | epoch: 1 pq: 7 rg: 55 | total time: 24.03m | eta: 53.7m
step 00690/02205 (31.29%) | loss: 3.204298 | lrm: 1.00 | dt: 2128.16ms | tok/sec: 246,357 | bf16_mfu: 59.99 | epoch: 1 pq: 7 rg: 56 | total time: 24.07m | eta: 53.6m
step 00691/02205 (31.34%) | loss: 3.203572 | lrm: 1.00 | dt: 2127.86ms | tok/sec: 246,391 | bf16_mfu: 59.99 | epoch: 1 pq: 7 rg: 57 | total time: 24.10m | eta: 53.6m
step 00692/02205 (31.38%) | loss: 3.204197 | lrm: 1.00 | dt: 2126.49ms | tok/sec: 246,550 | bf16_mfu: 60.03 | epoch: 1 pq: 7 rg: 58 | total time: 24.14m | eta: 53.5m
step 00693/02205 (31.43%) | loss: 3.208113 | lrm: 1.00 | dt: 2126.10ms | tok/sec: 246,596 | bf16_mfu: 60.04 | epoch: 1 pq: 7 rg: 59 | total time: 24.17m | eta: 53.5m
step 00694/02205 (31.47%) | loss: 3.199110 | lrm: 1.00 | dt: 2130.83ms | tok/sec: 246,049 | bf16_mfu: 59.91 | epoch: 1 pq: 7 rg: 60 | total time: 24.21m | eta: 53.5m
step 00695/02205 (31.52%) | loss: 3.191468 | lrm: 1.00 | dt: 2129.78ms | tok/sec: 246,169 | bf16_mfu: 59.94 | epoch: 1 pq: 7 rg: 61 | total time: 24.24m | eta: 53.4m
step 00696/02205 (31.56%) | loss: 3.192718 | lrm: 1.00 | dt: 2127.28ms | tok/sec: 246,458 | bf16_mfu: 60.01 | epoch: 1 pq: 7 rg: 62 | total time: 24.28m | eta: 53.4m
step 00697/02205 (31.61%) | loss: 3.188466 | lrm: 1.00 | dt: 2127.04ms | tok/sec: 246,486 | bf16_mfu: 60.02 | epoch: 1 pq: 7 rg: 62 | total time: 24.31m | eta: 53.4m
step 00698/02205 (31.66%) | loss: 3.195250 | lrm: 1.00 | dt: 2128.16ms | tok/sec: 246,357 | bf16_mfu: 59.99 | epoch: 1 pq: 7 rg: 63 | total time: 24.35m | eta: 53.3m
step 00699/02205 (31.70%) | loss: 3.198921 | lrm: 1.00 | dt: 2126.47ms | tok/sec: 246,553 | bf16_mfu: 60.03 | epoch: 1 pq: 7 rg: 64 | total time: 24.38m | eta: 53.3m
step 00700/02205 (31.75%) | loss: 3.202045 | lrm: 1.00 | dt: 2128.40ms | tok/sec: 246,330 | bf16_mfu: 59.98 | epoch: 1 pq: 7 rg: 65 | total time: 24.42m | eta: 53.3m
step 00701/02205 (31.79%) | loss: 3.200392 | lrm: 1.00 | dt: 2127.30ms | tok/sec: 246,457 | bf16_mfu: 60.01 | epoch: 1 pq: 7 rg: 66 | total time: 24.46m | eta: 53.2m
step 00702/02205 (31.84%) | loss: 3.200657 | lrm: 1.00 | dt: 2127.80ms | tok/sec: 246,399 | bf16_mfu: 60.00 | epoch: 1 pq: 7 rg: 67 | total time: 24.49m | eta: 53.2m
step 00703/02205 (31.88%) | loss: 3.205609 | lrm: 1.00 | dt: 2127.90ms | tok/sec: 246,387 | bf16_mfu: 59.99 | epoch: 1 pq: 7 rg: 68 | total time: 24.53m | eta: 53.2m
step 00704/02205 (31.93%) | loss: 3.211794 | lrm: 1.00 | dt: 2127.18ms | tok/sec: 246,471 | bf16_mfu: 60.01 | epoch: 1 pq: 7 rg: 69 | total time: 24.56m | eta: 53.1m
step 00705/02205 (31.97%) | loss: 3.212354 | lrm: 1.00 | dt: 2126.52ms | tok/sec: 246,547 | bf16_mfu: 60.03 | epoch: 1 pq: 7 rg: 70 | total time: 24.60m | eta: 53.1m
step 00706/02205 (32.02%) | loss: 3.208025 | lrm: 1.00 | dt: 2121.79ms | tok/sec: 247,097 | bf16_mfu: 60.17 | epoch: 1 pq: 7 rg: 71 | total time: 24.63m | eta: 53.1m
step 00707/02205 (32.06%) | loss: 3.214681 | lrm: 1.00 | dt: 2124.81ms | tok/sec: 246,746 | bf16_mfu: 60.08 | epoch: 1 pq: 7 rg: 72 | total time: 24.67m | eta: 53.0m
step 00708/02205 (32.11%) | loss: 3.212741 | lrm: 1.00 | dt: 2123.79ms | tok/sec: 246,864 | bf16_mfu: 60.11 | epoch: 1 pq: 7 rg: 73 | total time: 24.70m | eta: 53.0m
step 00709/02205 (32.15%) | loss: 3.207360 | lrm: 1.00 | dt: 2123.73ms | tok/sec: 246,871 | bf16_mfu: 60.11 | epoch: 1 pq: 7 rg: 74 | total time: 24.74m | eta: 52.9m
step 00710/02205 (32.20%) | loss: 3.221307 | lrm: 1.00 | dt: 2132.22ms | tok/sec: 245,888 | bf16_mfu: 59.87 | epoch: 1 pq: 7 rg: 74 | total time: 24.77m | eta: 52.9m
step 00711/02205 (32.24%) | loss: 3.224100 | lrm: 1.00 | dt: 2125.20ms | tok/sec: 246,700 | bf16_mfu: 60.07 | epoch: 1 pq: 7 rg: 75 | total time: 24.81m | eta: 52.9m
step 00712/02205 (32.29%) | loss: 3.222071 | lrm: 1.00 | dt: 2125.25ms | tok/sec: 246,694 | bf16_mfu: 60.07 | epoch: 1 pq: 7 rg: 76 | total time: 24.85m | eta: 52.8m
step 00713/02205 (32.34%) | loss: 3.217652 | lrm: 1.00 | dt: 2124.57ms | tok/sec: 246,773 | bf16_mfu: 60.09 | epoch: 1 pq: 7 rg: 77 | total time: 24.88m | eta: 52.8m
step 00714/02205 (32.38%) | loss: 3.209695 | lrm: 1.00 | dt: 2128.03ms | tok/sec: 246,372 | bf16_mfu: 59.99 | epoch: 1 pq: 7 rg: 78 | total time: 24.92m | eta: 52.8m
step 00715/02205 (32.43%) | loss: 3.210784 | lrm: 1.00 | dt: 2130.56ms | tok/sec: 246,079 | bf16_mfu: 59.92 | epoch: 1 pq: 7 rg: 79 | total time: 24.95m | eta: 52.7m
step 00716/02205 (32.47%) | loss: 3.211526 | lrm: 1.00 | dt: 2128.22ms | tok/sec: 246,350 | bf16_mfu: 59.98 | epoch: 1 pq: 7 rg: 80 | total time: 24.99m | eta: 52.7m
step 00717/02205 (32.52%) | loss: 3.210425 | lrm: 1.00 | dt: 2126.91ms | tok/sec: 246,501 | bf16_mfu: 60.02 | epoch: 1 pq: 7 rg: 81 | total time: 25.02m | eta: 52.7m
step 00718/02205 (32.56%) | loss: 3.210299 | lrm: 1.00 | dt: 2125.91ms | tok/sec: 246,618 | bf16_mfu: 60.05 | epoch: 1 pq: 8 rg: 0 | total time: 25.06m | eta: 52.6m
step 00719/02205 (32.61%) | loss: 3.211028 | lrm: 1.00 | dt: 2125.67ms | tok/sec: 246,645 | bf16_mfu: 60.06 | epoch: 1 pq: 8 rg: 1 | total time: 25.09m | eta: 52.6m
step 00720/02205 (32.65%) | loss: 3.200625 | lrm: 1.00 | dt: 2130.81ms | tok/sec: 246,050 | bf16_mfu: 59.91 | epoch: 1 pq: 8 rg: 2 | total time: 25.13m | eta: 52.6m
step 00721/02205 (32.70%) | loss: 3.194528 | lrm: 1.00 | dt: 2128.72ms | tok/sec: 246,292 | bf16_mfu: 59.97 | epoch: 1 pq: 8 rg: 3 | total time: 25.16m | eta: 52.5m
step 00722/02205 (32.74%) | loss: 3.199704 | lrm: 1.00 | dt: 2125.14ms | tok/sec: 246,708 | bf16_mfu: 60.07 | epoch: 1 pq: 8 rg: 4 | total time: 25.20m | eta: 52.5m
step 00723/02205 (32.79%) | loss: 3.197552 | lrm: 1.00 | dt: 2125.13ms | tok/sec: 246,708 | bf16_mfu: 60.07 | epoch: 1 pq: 8 rg: 5 | total time: 25.24m | eta: 52.5m
step 00724/02205 (32.83%) | loss: 3.201990 | lrm: 1.00 | dt: 2126.99ms | tok/sec: 246,493 | bf16_mfu: 60.02 | epoch: 1 pq: 8 rg: 5 | total time: 25.27m | eta: 52.4m
step 00725/02205 (32.88%) | loss: 3.196597 | lrm: 1.00 | dt: 2130.92ms | tok/sec: 246,038 | bf16_mfu: 59.91 | epoch: 1 pq: 8 rg: 6 | total time: 25.31m | eta: 52.4m
step 00726/02205 (32.93%) | loss: 3.204158 | lrm: 1.00 | dt: 2130.99ms | tok/sec: 246,030 | bf16_mfu: 59.91 | epoch: 1 pq: 8 rg: 7 | total time: 25.34m | eta: 52.3m
step 00727/02205 (32.97%) | loss: 3.197415 | lrm: 1.00 | dt: 2131.14ms | tok/sec: 246,012 | bf16_mfu: 59.90 | epoch: 1 pq: 8 rg: 8 | total time: 25.38m | eta: 52.3m
step 00728/02205 (33.02%) | loss: 3.194397 | lrm: 1.00 | dt: 2128.87ms | tok/sec: 246,274 | bf16_mfu: 59.97 | epoch: 1 pq: 8 rg: 9 | total time: 25.41m | eta: 52.3m
step 00729/02205 (33.06%) | loss: 3.192218 | lrm: 1.00 | dt: 2127.43ms | tok/sec: 246,441 | bf16_mfu: 60.01 | epoch: 1 pq: 8 rg: 10 | total time: 25.45m | eta: 52.2m
step 00730/02205 (33.11%) | loss: 3.194933 | lrm: 1.00 | dt: 2127.59ms | tok/sec: 246,423 | bf16_mfu: 60.00 | epoch: 1 pq: 8 rg: 11 | total time: 25.48m | eta: 52.2m
step 00731/02205 (33.15%) | loss: 3.193785 | lrm: 1.00 | dt: 2127.00ms | tok/sec: 246,491 | bf16_mfu: 60.02 | epoch: 1 pq: 8 rg: 12 | total time: 25.52m | eta: 52.2m
step 00732/02205 (33.20%) | loss: 3.191917 | lrm: 1.00 | dt: 2129.16ms | tok/sec: 246,241 | bf16_mfu: 59.96 | epoch: 1 pq: 8 rg: 13 | total time: 25.55m | eta: 52.1m
step 00733/02205 (33.24%) | loss: 3.187675 | lrm: 1.00 | dt: 2125.77ms | tok/sec: 246,634 | bf16_mfu: 60.05 | epoch: 1 pq: 8 rg: 14 | total time: 25.59m | eta: 52.1m
step 00734/02205 (33.29%) | loss: 3.188796 | lrm: 1.00 | dt: 2127.42ms | tok/sec: 246,442 | bf16_mfu: 60.01 | epoch: 1 pq: 8 rg: 15 | total time: 25.63m | eta: 52.1m
step 00735/02205 (33.33%) | loss: 3.183766 | lrm: 1.00 | dt: 2126.55ms | tok/sec: 246,544 | bf16_mfu: 60.03 | epoch: 1 pq: 8 rg: 15 | total time: 25.66m | eta: 52.0m
step 00736/02205 (33.38%) | loss: 3.184159 | lrm: 1.00 | dt: 2123.11ms | tok/sec: 246,943 | bf16_mfu: 60.13 | epoch: 1 pq: 8 rg: 16 | total time: 25.70m | eta: 52.0m
step 00737/02205 (33.42%) | loss: 3.182896 | lrm: 1.00 | dt: 2127.00ms | tok/sec: 246,492 | bf16_mfu: 60.02 | epoch: 1 pq: 8 rg: 17 | total time: 25.73m | eta: 52.0m
step 00738/02205 (33.47%) | loss: 3.184660 | lrm: 1.00 | dt: 2129.70ms | tok/sec: 246,179 | bf16_mfu: 59.94 | epoch: 1 pq: 8 rg: 18 | total time: 25.77m | eta: 51.9m
step 00739/02205 (33.51%) | loss: 3.191532 | lrm: 1.00 | dt: 2131.17ms | tok/sec: 246,009 | bf16_mfu: 59.90 | epoch: 1 pq: 8 rg: 19 | total time: 25.80m | eta: 51.9m
step 00740/02205 (33.56%) | loss: 3.188710 | lrm: 1.00 | dt: 2128.92ms | tok/sec: 246,269 | bf16_mfu: 59.96 | epoch: 1 pq: 8 rg: 20 | total time: 25.84m | eta: 51.9m
step 00741/02205 (33.61%) | loss: 3.182142 | lrm: 1.00 | dt: 2125.26ms | tok/sec: 246,693 | bf16_mfu: 60.07 | epoch: 1 pq: 8 rg: 21 | total time: 25.87m | eta: 51.8m
step 00742/02205 (33.65%) | loss: 3.181274 | lrm: 1.00 | dt: 2127.35ms | tok/sec: 246,451 | bf16_mfu: 60.01 | epoch: 1 pq: 8 rg: 22 | total time: 25.91m | eta: 51.8m
step 00743/02205 (33.70%) | loss: 3.185755 | lrm: 1.00 | dt: 2130.74ms | tok/sec: 246,058 | bf16_mfu: 59.91 | epoch: 1 pq: 8 rg: 23 | total time: 25.94m | eta: 51.7m
step 00744/02205 (33.74%) | loss: 3.180777 | lrm: 1.00 | dt: 2128.54ms | tok/sec: 246,313 | bf16_mfu: 59.98 | epoch: 1 pq: 8 rg: 24 | total time: 25.98m | eta: 51.7m
step 00745/02205 (33.79%) | loss: 3.179973 | lrm: 1.00 | dt: 2129.04ms | tok/sec: 246,255 | bf16_mfu: 59.96 | epoch: 1 pq: 8 rg: 25 | total time: 26.02m | eta: 51.7m
step 00746/02205 (33.83%) | loss: 3.174000 | lrm: 1.00 | dt: 2130.71ms | tok/sec: 246,062 | bf16_mfu: 59.91 | epoch: 1 pq: 8 rg: 26 | total time: 26.05m | eta: 51.6m
step 00747/02205 (33.88%) | loss: 3.170498 | lrm: 1.00 | dt: 2129.99ms | tok/sec: 246,146 | bf16_mfu: 59.93 | epoch: 1 pq: 8 rg: 26 | total time: 26.09m | eta: 51.6m
step 00748/02205 (33.92%) | loss: 3.174218 | lrm: 1.00 | dt: 2125.51ms | tok/sec: 246,664 | bf16_mfu: 60.06 | epoch: 1 pq: 8 rg: 27 | total time: 26.12m | eta: 51.6m
step 00749/02205 (33.97%) | loss: 3.178980 | lrm: 1.00 | dt: 2128.84ms | tok/sec: 246,278 | bf16_mfu: 59.97 | epoch: 1 pq: 8 rg: 28 | total time: 26.16m | eta: 51.5m
Step 00750 | Validation bpb: 0.973995
step 00750/02205 (34.01%) | loss: 3.173037 | lrm: 1.00 | dt: 2129.14ms | tok/sec: 246,243 | bf16_mfu: 59.96 | epoch: 1 pq: 8 rg: 29 | total time: 26.19m | eta: 51.5m
step 00751/02205 (34.06%) | loss: 3.175183 | lrm: 1.00 | dt: 2130.10ms | tok/sec: 246,132 | bf16_mfu: 59.93 | epoch: 1 pq: 8 rg: 30 | total time: 26.23m | eta: 51.5m
step 00752/02205 (34.10%) | loss: 3.176773 | lrm: 1.00 | dt: 2125.58ms | tok/sec: 246,656 | bf16_mfu: 60.06 | epoch: 1 pq: 8 rg: 31 | total time: 26.26m | eta: 51.4m
step 00753/02205 (34.15%) | loss: 3.183177 | lrm: 1.00 | dt: 2127.24ms | tok/sec: 246,463 | bf16_mfu: 60.01 | epoch: 1 pq: 8 rg: 32 | total time: 26.30m | eta: 51.4m
step 00754/02205 (34.20%) | loss: 3.184283 | lrm: 1.00 | dt: 2124.21ms | tok/sec: 246,814 | bf16_mfu: 60.10 | epoch: 1 pq: 8 rg: 33 | total time: 26.34m | eta: 51.4m
step 00755/02205 (34.24%) | loss: 3.191057 | lrm: 1.00 | dt: 2124.66ms | tok/sec: 246,762 | bf16_mfu: 60.08 | epoch: 1 pq: 8 rg: 34 | total time: 26.37m | eta: 51.3m
step 00756/02205 (34.29%) | loss: 3.187850 | lrm: 1.00 | dt: 2123.59ms | tok/sec: 246,887 | bf16_mfu: 60.12 | epoch: 1 pq: 8 rg: 35 | total time: 26.41m | eta: 51.3m
step 00757/02205 (34.33%) | loss: 3.179272 | lrm: 1.00 | dt: 2126.35ms | tok/sec: 246,567 | bf16_mfu: 60.04 | epoch: 1 pq: 8 rg: 36 | total time: 26.44m | eta: 51.3m
step 00758/02205 (34.38%) | loss: 3.180817 | lrm: 1.00 | dt: 2126.04ms | tok/sec: 246,603 | bf16_mfu: 60.05 | epoch: 1 pq: 8 rg: 37 | total time: 26.48m | eta: 51.2m
step 00759/02205 (34.42%) | loss: 3.185419 | lrm: 1.00 | dt: 2125.60ms | tok/sec: 246,654 | bf16_mfu: 60.06 | epoch: 1 pq: 8 rg: 38 | total time: 26.51m | eta: 51.2m
step 00760/02205 (34.47%) | loss: 3.188872 | lrm: 1.00 | dt: 2125.11ms | tok/sec: 246,710 | bf16_mfu: 60.07 | epoch: 1 pq: 8 rg: 39 | total time: 26.55m | eta: 51.1m
step 00761/02205 (34.51%) | loss: 3.183926 | lrm: 1.00 | dt: 2127.06ms | tok/sec: 246,484 | bf16_mfu: 60.02 | epoch: 1 pq: 8 rg: 39 | total time: 26.58m | eta: 51.1m
step 00762/02205 (34.56%) | loss: 3.179771 | lrm: 1.00 | dt: 2127.15ms | tok/sec: 246,473 | bf16_mfu: 60.01 | epoch: 1 pq: 8 rg: 40 | total time: 26.62m | eta: 51.1m
step 00763/02205 (34.60%) | loss: 3.180951 | lrm: 1.00 | dt: 2126.20ms | tok/sec: 246,584 | bf16_mfu: 60.04 | epoch: 1 pq: 8 rg: 41 | total time: 26.65m | eta: 51.0m
step 00764/02205 (34.65%) | loss: 3.172985 | lrm: 1.00 | dt: 2126.95ms | tok/sec: 246,497 | bf16_mfu: 60.02 | epoch: 1 pq: 8 rg: 42 | total time: 26.69m | eta: 51.0m
step 00765/02205 (34.69%) | loss: 3.172890 | lrm: 1.00 | dt: 2126.31ms | tok/sec: 246,572 | bf16_mfu: 60.04 | epoch: 1 pq: 8 rg: 43 | total time: 26.72m | eta: 51.0m
step 00766/02205 (34.74%) | loss: 3.167081 | lrm: 1.00 | dt: 2122.50ms | tok/sec: 247,014 | bf16_mfu: 60.15 | epoch: 1 pq: 8 rg: 44 | total time: 26.76m | eta: 50.9m
step 00767/02205 (34.78%) | loss: 3.167866 | lrm: 1.00 | dt: 2123.77ms | tok/sec: 246,867 | bf16_mfu: 60.11 | epoch: 1 pq: 8 rg: 45 | total time: 26.80m | eta: 50.9m
step 00768/02205 (34.83%) | loss: 3.160476 | lrm: 1.00 | dt: 2127.98ms | tok/sec: 246,377 | bf16_mfu: 59.99 | epoch: 1 pq: 8 rg: 46 | total time: 26.83m | eta: 50.9m
step 00769/02205 (34.88%) | loss: 3.160026 | lrm: 1.00 | dt: 2130.65ms | tok/sec: 246,069 | bf16_mfu: 59.92 | epoch: 1 pq: 8 rg: 47 | total time: 26.87m | eta: 50.8m
step 00770/02205 (34.92%) | loss: 3.166738 | lrm: 1.00 | dt: 2129.89ms | tok/sec: 246,157 | bf16_mfu: 59.94 | epoch: 1 pq: 8 rg: 48 | total time: 26.90m | eta: 50.8m
step 00771/02205 (34.97%) | loss: 3.170495 | lrm: 1.00 | dt: 2127.13ms | tok/sec: 246,476 | bf16_mfu: 60.02 | epoch: 1 pq: 8 rg: 49 | total time: 26.94m | eta: 50.8m
step 00772/02205 (35.01%) | loss: 3.175620 | lrm: 1.00 | dt: 2123.05ms | tok/sec: 246,950 | bf16_mfu: 60.13 | epoch: 1 pq: 8 rg: 50 | total time: 26.97m | eta: 50.7m
step 00773/02205 (35.06%) | loss: 3.180614 | lrm: 1.00 | dt: 2126.79ms | tok/sec: 246,515 | bf16_mfu: 60.02 | epoch: 1 pq: 8 rg: 51 | total time: 27.01m | eta: 50.7m
step 00774/02205 (35.10%) | loss: 3.173711 | lrm: 1.00 | dt: 2128.28ms | tok/sec: 246,343 | bf16_mfu: 59.98 | epoch: 1 pq: 8 rg: 51 | total time: 27.04m | eta: 50.7m
step 00775/02205 (35.15%) | loss: 3.169492 | lrm: 1.00 | dt: 2135.36ms | tok/sec: 245,527 | bf16_mfu: 59.78 | epoch: 1 pq: 8 rg: 52 | total time: 27.08m | eta: 50.6m
step 00776/02205 (35.19%) | loss: 3.165753 | lrm: 1.00 | dt: 2126.29ms | tok/sec: 246,573 | bf16_mfu: 60.04 | epoch: 1 pq: 8 rg: 53 | total time: 27.11m | eta: 50.6m
step 00777/02205 (35.24%) | loss: 3.167732 | lrm: 1.00 | dt: 2129.45ms | tok/sec: 246,208 | bf16_mfu: 59.95 | epoch: 1 pq: 8 rg: 54 | total time: 27.15m | eta: 50.5m
step 00778/02205 (35.28%) | loss: 3.168468 | lrm: 1.00 | dt: 2125.06ms | tok/sec: 246,717 | bf16_mfu: 60.07 | epoch: 1 pq: 8 rg: 55 | total time: 27.19m | eta: 50.5m
step 00779/02205 (35.33%) | loss: 3.163401 | lrm: 1.00 | dt: 2127.38ms | tok/sec: 246,447 | bf16_mfu: 60.01 | epoch: 1 pq: 8 rg: 56 | total time: 27.22m | eta: 50.5m
step 00780/02205 (35.37%) | loss: 3.166133 | lrm: 0.99 | dt: 2129.25ms | tok/sec: 246,231 | bf16_mfu: 59.96 | epoch: 1 pq: 8 rg: 57 | total time: 27.26m | eta: 50.4m
step 00781/02205 (35.42%) | loss: 3.173623 | lrm: 0.99 | dt: 2127.44ms | tok/sec: 246,440 | bf16_mfu: 60.01 | epoch: 1 pq: 8 rg: 58 | total time: 27.29m | eta: 50.4m
step 00782/02205 (35.46%) | loss: 3.180341 | lrm: 0.99 | dt: 2125.19ms | tok/sec: 246,701 | bf16_mfu: 60.07 | epoch: 1 pq: 8 rg: 59 | total time: 27.33m | eta: 50.4m
step 00783/02205 (35.51%) | loss: 3.184659 | lrm: 0.99 | dt: 2125.08ms | tok/sec: 246,714 | bf16_mfu: 60.07 | epoch: 1 pq: 8 rg: 60 | total time: 27.36m | eta: 50.3m
step 00784/02205 (35.56%) | loss: 3.190145 | lrm: 0.99 | dt: 2123.83ms | tok/sec: 246,859 | bf16_mfu: 60.11 | epoch: 1 pq: 8 rg: 61 | total time: 27.40m | eta: 50.3m
step 00785/02205 (35.60%) | loss: 3.185733 | lrm: 0.99 | dt: 2129.55ms | tok/sec: 246,196 | bf16_mfu: 59.95 | epoch: 1 pq: 8 rg: 62 | total time: 27.43m | eta: 50.3m
step 00786/02205 (35.65%) | loss: 3.187210 | lrm: 0.99 | dt: 2128.38ms | tok/sec: 246,331 | bf16_mfu: 59.98 | epoch: 1 pq: 8 rg: 62 | total time: 27.47m | eta: 50.2m
step 00787/02205 (35.69%) | loss: 3.185565 | lrm: 0.99 | dt: 2127.93ms | tok/sec: 246,384 | bf16_mfu: 59.99 | epoch: 1 pq: 8 rg: 63 | total time: 27.50m | eta: 50.2m
step 00788/02205 (35.74%) | loss: 3.186226 | lrm: 0.99 | dt: 2126.57ms | tok/sec: 246,541 | bf16_mfu: 60.03 | epoch: 1 pq: 8 rg: 64 | total time: 27.54m | eta: 50.2m
step 00789/02205 (35.78%) | loss: 3.188924 | lrm: 0.99 | dt: 2129.15ms | tok/sec: 246,242 | bf16_mfu: 59.96 | epoch: 1 pq: 8 rg: 65 | total time: 27.58m | eta: 50.1m
step 00790/02205 (35.83%) | loss: 3.177231 | lrm: 0.99 | dt: 2126.31ms | tok/sec: 246,571 | bf16_mfu: 60.04 | epoch: 1 pq: 8 rg: 66 | total time: 27.61m | eta: 50.1m
step 00791/02205 (35.87%) | loss: 3.176243 | lrm: 0.99 | dt: 2127.47ms | tok/sec: 246,436 | bf16_mfu: 60.01 | epoch: 1 pq: 8 rg: 67 | total time: 27.65m | eta: 50.1m
step 00792/02205 (35.92%) | loss: 3.168306 | lrm: 0.99 | dt: 2127.11ms | tok/sec: 246,478 | bf16_mfu: 60.02 | epoch: 1 pq: 8 rg: 68 | total time: 27.68m | eta: 50.0m
step 00793/02205 (35.96%) | loss: 3.169409 | lrm: 0.99 | dt: 2128.78ms | tok/sec: 246,285 | bf16_mfu: 59.97 | epoch: 1 pq: 8 rg: 69 | total time: 27.72m | eta: 50.0m
step 00794/02205 (36.01%) | loss: 3.171431 | lrm: 0.99 | dt: 2126.20ms | tok/sec: 246,584 | bf16_mfu: 60.04 | epoch: 1 pq: 8 rg: 70 | total time: 27.75m | eta: 49.9m
step 00795/02205 (36.05%) | loss: 3.174212 | lrm: 0.98 | dt: 2127.01ms | tok/sec: 246,490 | bf16_mfu: 60.02 | epoch: 1 pq: 8 rg: 71 | total time: 27.79m | eta: 49.9m
step 00796/02205 (36.10%) | loss: 3.175945 | lrm: 0.98 | dt: 2126.01ms | tok/sec: 246,606 | bf16_mfu: 60.05 | epoch: 1 pq: 8 rg: 72 | total time: 27.82m | eta: 49.9m
step 00797/02205 (36.15%) | loss: 3.176971 | lrm: 0.98 | dt: 2128.59ms | tok/sec: 246,307 | bf16_mfu: 59.97 | epoch: 1 pq: 8 rg: 73 | total time: 27.86m | eta: 49.8m
step 00798/02205 (36.19%) | loss: 3.176671 | lrm: 0.98 | dt: 2124.28ms | tok/sec: 246,806 | bf16_mfu: 60.10 | epoch: 1 pq: 8 rg: 74 | total time: 27.89m | eta: 49.8m
step 00799/02205 (36.24%) | loss: 3.177702 | lrm: 0.98 | dt: 2128.47ms | tok/sec: 246,321 | bf16_mfu: 59.98 | epoch: 1 pq: 8 rg: 74 | total time: 27.93m | eta: 49.8m
step 00800/02205 (36.28%) | loss: 3.177712 | lrm: 0.98 | dt: 2128.36ms | tok/sec: 246,334 | bf16_mfu: 59.98 | epoch: 1 pq: 8 rg: 75 | total time: 27.97m | eta: 49.7m
step 00801/02205 (36.33%) | loss: 3.177281 | lrm: 0.98 | dt: 2127.83ms | tok/sec: 246,395 | bf16_mfu: 60.00 | epoch: 1 pq: 8 rg: 76 | total time: 28.00m | eta: 49.7m
step 00802/02205 (36.37%) | loss: 3.177304 | lrm: 0.98 | dt: 2128.83ms | tok/sec: 246,280 | bf16_mfu: 59.97 | epoch: 1 pq: 8 rg: 77 | total time: 28.04m | eta: 49.7m
step 00803/02205 (36.42%) | loss: 3.172356 | lrm: 0.98 | dt: 2127.89ms | tok/sec: 246,388 | bf16_mfu: 59.99 | epoch: 1 pq: 8 rg: 78 | total time: 28.07m | eta: 49.6m
step 00804/02205 (36.46%) | loss: 3.172385 | lrm: 0.98 | dt: 2131.04ms | tok/sec: 246,024 | bf16_mfu: 59.91 | epoch: 1 pq: 8 rg: 79 | total time: 28.11m | eta: 49.6m
step 00805/02205 (36.51%) | loss: 3.170421 | lrm: 0.98 | dt: 2125.72ms | tok/sec: 246,640 | bf16_mfu: 60.06 | epoch: 1 pq: 8 rg: 80 | total time: 28.14m | eta: 49.6m
step 00806/02205 (36.55%) | loss: 3.169664 | lrm: 0.98 | dt: 2125.91ms | tok/sec: 246,618 | bf16_mfu: 60.05 | epoch: 1 pq: 8 rg: 81 | total time: 28.18m | eta: 49.5m
step 00807/02205 (36.60%) | loss: 3.163062 | lrm: 0.98 | dt: 2127.80ms | tok/sec: 246,398 | bf16_mfu: 60.00 | epoch: 1 pq: 9 rg: 0 | total time: 28.21m | eta: 49.5m
step 00808/02205 (36.64%) | loss: 3.168656 | lrm: 0.98 | dt: 2130.82ms | tok/sec: 246,050 | bf16_mfu: 59.91 | epoch: 1 pq: 9 rg: 1 | total time: 28.25m | eta: 49.5m
step 00809/02205 (36.69%) | loss: 3.164340 | lrm: 0.98 | dt: 2125.51ms | tok/sec: 246,664 | bf16_mfu: 60.06 | epoch: 1 pq: 9 rg: 2 | total time: 28.28m | eta: 49.4m
step 00810/02205 (36.73%) | loss: 3.167890 | lrm: 0.97 | dt: 2127.98ms | tok/sec: 246,378 | bf16_mfu: 59.99 | epoch: 1 pq: 9 rg: 3 | total time: 28.32m | eta: 49.4m
step 00811/02205 (36.78%) | loss: 3.159664 | lrm: 0.97 | dt: 2129.28ms | tok/sec: 246,227 | bf16_mfu: 59.95 | epoch: 1 pq: 9 rg: 3 | total time: 28.36m | eta: 49.3m
step 00812/02205 (36.83%) | loss: 3.155190 | lrm: 0.97 | dt: 2127.21ms | tok/sec: 246,467 | bf16_mfu: 60.01 | epoch: 1 pq: 9 rg: 4 | total time: 28.39m | eta: 49.3m
step 00813/02205 (36.87%) | loss: 3.150719 | lrm: 0.97 | dt: 2130.16ms | tok/sec: 246,125 | bf16_mfu: 59.93 | epoch: 1 pq: 9 rg: 5 | total time: 28.43m | eta: 49.3m
step 00814/02205 (36.92%) | loss: 3.149467 | lrm: 0.97 | dt: 2131.53ms | tok/sec: 245,967 | bf16_mfu: 59.89 | epoch: 1 pq: 9 rg: 6 | total time: 28.46m | eta: 49.2m
step 00815/02205 (36.96%) | loss: 3.154980 | lrm: 0.97 | dt: 2127.96ms | tok/sec: 246,380 | bf16_mfu: 59.99 | epoch: 1 pq: 9 rg: 7 | total time: 28.50m | eta: 49.2m
step 00816/02205 (37.01%) | loss: 3.160649 | lrm: 0.97 | dt: 2131.26ms | tok/sec: 245,999 | bf16_mfu: 59.90 | epoch: 1 pq: 9 rg: 8 | total time: 28.53m | eta: 49.2m
step 00817/02205 (37.05%) | loss: 3.163416 | lrm: 0.97 | dt: 2122.24ms | tok/sec: 247,044 | bf16_mfu: 60.15 | epoch: 1 pq: 9 rg: 9 | total time: 28.57m | eta: 49.1m
step 00818/02205 (37.10%) | loss: 3.158309 | lrm: 0.97 | dt: 2127.26ms | tok/sec: 246,462 | bf16_mfu: 60.01 | epoch: 1 pq: 9 rg: 10 | total time: 28.60m | eta: 49.1m
step 00819/02205 (37.14%) | loss: 3.153782 | lrm: 0.97 | dt: 2126.65ms | tok/sec: 246,532 | bf16_mfu: 60.03 | epoch: 1 pq: 9 rg: 11 | total time: 28.64m | eta: 49.1m
step 00820/02205 (37.19%) | loss: 3.152634 | lrm: 0.97 | dt: 2130.14ms | tok/sec: 246,128 | bf16_mfu: 59.93 | epoch: 1 pq: 9 rg: 12 | total time: 28.68m | eta: 49.0m
step 00821/02205 (37.23%) | loss: 3.151518 | lrm: 0.97 | dt: 2126.20ms | tok/sec: 246,584 | bf16_mfu: 60.04 | epoch: 1 pq: 9 rg: 13 | total time: 28.71m | eta: 49.0m
step 00822/02205 (37.28%) | loss: 3.155483 | lrm: 0.97 | dt: 2129.18ms | tok/sec: 246,239 | bf16_mfu: 59.96 | epoch: 1 pq: 9 rg: 14 | total time: 28.75m | eta: 49.0m
step 00823/02205 (37.32%) | loss: 3.148598 | lrm: 0.97 | dt: 2129.51ms | tok/sec: 246,200 | bf16_mfu: 59.95 | epoch: 1 pq: 9 rg: 14 | total time: 28.78m | eta: 48.9m
step 00824/02205 (37.37%) | loss: 3.154882 | lrm: 0.97 | dt: 2129.95ms | tok/sec: 246,150 | bf16_mfu: 59.94 | epoch: 1 pq: 9 rg: 15 | total time: 28.82m | eta: 48.9m
step 00825/02205 (37.41%) | loss: 3.155594 | lrm: 0.96 | dt: 2125.64ms | tok/sec: 246,649 | bf16_mfu: 60.06 | epoch: 1 pq: 9 rg: 16 | total time: 28.85m | eta: 48.9m
step 00826/02205 (37.46%) | loss: 3.150327 | lrm: 0.96 | dt: 2129.46ms | tok/sec: 246,207 | bf16_mfu: 59.95 | epoch: 1 pq: 9 rg: 17 | total time: 28.89m | eta: 48.8m
step 00827/02205 (37.51%) | loss: 3.144830 | lrm: 0.96 | dt: 2132.13ms | tok/sec: 245,898 | bf16_mfu: 59.87 | epoch: 1 pq: 9 rg: 18 | total time: 28.92m | eta: 48.8m
step 00828/02205 (37.55%) | loss: 3.138041 | lrm: 0.96 | dt: 2129.28ms | tok/sec: 246,228 | bf16_mfu: 59.95 | epoch: 1 pq: 9 rg: 19 | total time: 28.96m | eta: 48.7m
step 00829/02205 (37.60%) | loss: 3.133701 | lrm: 0.96 | dt: 2121.14ms | tok/sec: 247,172 | bf16_mfu: 60.18 | epoch: 1 pq: 9 rg: 20 | total time: 28.99m | eta: 48.7m
step 00830/02205 (37.64%) | loss: 3.131590 | lrm: 0.96 | dt: 2127.82ms | tok/sec: 246,397 | bf16_mfu: 60.00 | epoch: 1 pq: 9 rg: 21 | total time: 29.03m | eta: 48.7m
step 00831/02205 (37.69%) | loss: 3.133247 | lrm: 0.96 | dt: 2129.79ms | tok/sec: 246,168 | bf16_mfu: 59.94 | epoch: 1 pq: 9 rg: 22 | total time: 29.07m | eta: 48.6m
step 00832/02205 (37.73%) | loss: 3.140159 | lrm: 0.96 | dt: 2131.53ms | tok/sec: 245,968 | bf16_mfu: 59.89 | epoch: 1 pq: 9 rg: 23 | total time: 29.10m | eta: 48.6m
step 00833/02205 (37.78%) | loss: 3.136684 | lrm: 0.96 | dt: 2125.42ms | tok/sec: 246,675 | bf16_mfu: 60.06 | epoch: 1 pq: 9 rg: 24 | total time: 29.14m | eta: 48.6m
step 00834/02205 (37.82%) | loss: 3.147110 | lrm: 0.96 | dt: 2130.23ms | tok/sec: 246,117 | bf16_mfu: 59.93 | epoch: 1 pq: 9 rg: 25 | total time: 29.17m | eta: 48.5m
step 00835/02205 (37.87%) | loss: 3.159543 | lrm: 0.96 | dt: 2124.87ms | tok/sec: 246,739 | bf16_mfu: 60.08 | epoch: 1 pq: 9 rg: 25 | total time: 29.21m | eta: 48.5m
step 00836/02205 (37.91%) | loss: 3.160608 | lrm: 0.96 | dt: 2126.14ms | tok/sec: 246,591 | bf16_mfu: 60.04 | epoch: 1 pq: 9 rg: 26 | total time: 29.24m | eta: 48.5m
step 00837/02205 (37.96%) | loss: 3.161148 | lrm: 0.96 | dt: 2125.61ms | tok/sec: 246,653 | bf16_mfu: 60.06 | epoch: 1 pq: 9 rg: 27 | total time: 29.28m | eta: 48.4m
step 00838/02205 (38.00%) | loss: 3.165117 | lrm: 0.96 | dt: 2130.55ms | tok/sec: 246,081 | bf16_mfu: 59.92 | epoch: 1 pq: 9 rg: 28 | total time: 29.31m | eta: 48.4m
step 00839/02205 (38.05%) | loss: 3.166772 | lrm: 0.96 | dt: 2126.55ms | tok/sec: 246,543 | bf16_mfu: 60.03 | epoch: 1 pq: 9 rg: 29 | total time: 29.35m | eta: 48.4m
step 00840/02205 (38.10%) | loss: 3.156396 | lrm: 0.95 | dt: 2126.32ms | tok/sec: 246,570 | bf16_mfu: 60.04 | epoch: 1 pq: 9 rg: 30 | total time: 29.38m | eta: 48.3m
step 00841/02205 (38.14%) | loss: 3.149035 | lrm: 0.95 | dt: 2132.98ms | tok/sec: 245,800 | bf16_mfu: 59.85 | epoch: 1 pq: 9 rg: 31 | total time: 29.42m | eta: 48.3m
step 00842/02205 (38.19%) | loss: 3.155783 | lrm: 0.95 | dt: 2130.08ms | tok/sec: 246,135 | bf16_mfu: 59.93 | epoch: 1 pq: 9 rg: 32 | total time: 29.46m | eta: 48.3m
step 00843/02205 (38.23%) | loss: 3.152036 | lrm: 0.95 | dt: 2126.08ms | tok/sec: 246,598 | bf16_mfu: 60.04 | epoch: 1 pq: 9 rg: 33 | total time: 29.49m | eta: 48.2m
step 00844/02205 (38.28%) | loss: 3.158014 | lrm: 0.95 | dt: 2129.39ms | tok/sec: 246,215 | bf16_mfu: 59.95 | epoch: 1 pq: 9 rg: 34 | total time: 29.53m | eta: 48.2m
step 00845/02205 (38.32%) | loss: 3.161461 | lrm: 0.95 | dt: 2126.66ms | tok/sec: 246,531 | bf16_mfu: 60.03 | epoch: 1 pq: 9 rg: 35 | total time: 29.56m | eta: 48.1m
step 00846/02205 (38.37%) | loss: 3.158998 | lrm: 0.95 | dt: 2126.09ms | tok/sec: 246,597 | bf16_mfu: 60.04 | epoch: 1 pq: 9 rg: 36 | total time: 29.60m | eta: 48.1m
step 00847/02205 (38.41%) | loss: 3.151400 | lrm: 0.95 | dt: 2127.57ms | tok/sec: 246,425 | bf16_mfu: 60.00 | epoch: 1 pq: 9 rg: 37 | total time: 29.63m | eta: 48.1m
step 00848/02205 (38.46%) | loss: 3.160929 | lrm: 0.95 | dt: 2129.77ms | tok/sec: 246,171 | bf16_mfu: 59.94 | epoch: 1 pq: 9 rg: 37 | total time: 29.67m | eta: 48.0m
step 00849/02205 (38.50%) | loss: 3.159073 | lrm: 0.95 | dt: 2121.89ms | tok/sec: 247,085 | bf16_mfu: 60.16 | epoch: 1 pq: 9 rg: 38 | total time: 29.70m | eta: 48.0m
step 00850/02205 (38.55%) | loss: 3.147327 | lrm: 0.95 | dt: 2128.11ms | tok/sec: 246,363 | bf16_mfu: 59.99 | epoch: 1 pq: 9 rg: 39 | total time: 29.74m | eta: 48.0m
step 00851/02205 (38.59%) | loss: 3.146871 | lrm: 0.95 | dt: 2125.73ms | tok/sec: 246,638 | bf16_mfu: 60.05 | epoch: 1 pq: 9 rg: 40 | total time: 29.77m | eta: 47.9m
step 00852/02205 (38.64%) | loss: 3.145998 | lrm: 0.95 | dt: 2127.22ms | tok/sec: 246,465 | bf16_mfu: 60.01 | epoch: 1 pq: 9 rg: 41 | total time: 29.81m | eta: 47.9m
step 00853/02205 (38.68%) | loss: 3.150841 | lrm: 0.95 | dt: 2123.79ms | tok/sec: 246,864 | bf16_mfu: 60.11 | epoch: 1 pq: 9 rg: 42 | total time: 29.85m | eta: 47.9m
step 00854/02205 (38.73%) | loss: 3.155003 | lrm: 0.95 | dt: 2129.22ms | tok/sec: 246,235 | bf16_mfu: 59.96 | epoch: 1 pq: 9 rg: 43 | total time: 29.88m | eta: 47.8m
step 00855/02205 (38.78%) | loss: 3.160414 | lrm: 0.94 | dt: 2129.57ms | tok/sec: 246,193 | bf16_mfu: 59.95 | epoch: 1 pq: 9 rg: 44 | total time: 29.92m | eta: 47.8m
step 00856/02205 (38.82%) | loss: 3.161292 | lrm: 0.94 | dt: 2124.43ms | tok/sec: 246,790 | bf16_mfu: 60.09 | epoch: 1 pq: 9 rg: 45 | total time: 29.95m | eta: 47.8m
step 00857/02205 (38.87%) | loss: 3.162214 | lrm: 0.94 | dt: 2126.42ms | tok/sec: 246,559 | bf16_mfu: 60.04 | epoch: 1 pq: 9 rg: 46 | total time: 29.99m | eta: 47.7m
step 00858/02205 (38.91%) | loss: 3.162515 | lrm: 0.94 | dt: 2127.08ms | tok/sec: 246,482 | bf16_mfu: 60.02 | epoch: 1 pq: 9 rg: 47 | total time: 30.02m | eta: 47.7m
step 00859/02205 (38.96%) | loss: 3.167383 | lrm: 0.94 | dt: 2126.25ms | tok/sec: 246,579 | bf16_mfu: 60.04 | epoch: 1 pq: 9 rg: 48 | total time: 30.06m | eta: 47.7m
step 00860/02205 (39.00%) | loss: 3.159661 | lrm: 0.94 | dt: 2131.92ms | tok/sec: 245,922 | bf16_mfu: 59.88 | epoch: 1 pq: 9 rg: 48 | total time: 30.09m | eta: 47.6m
step 00861/02205 (39.05%) | loss: 3.157212 | lrm: 0.94 | dt: 2123.92ms | tok/sec: 246,849 | bf16_mfu: 60.11 | epoch: 1 pq: 9 rg: 49 | total time: 30.13m | eta: 47.6m
step 00862/02205 (39.09%) | loss: 3.151763 | lrm: 0.94 | dt: 2123.40ms | tok/sec: 246,910 | bf16_mfu: 60.12 | epoch: 1 pq: 9 rg: 50 | total time: 30.16m | eta: 47.5m
step 00863/02205 (39.14%) | loss: 3.155337 | lrm: 0.94 | dt: 2124.29ms | tok/sec: 246,806 | bf16_mfu: 60.10 | epoch: 1 pq: 9 rg: 51 | total time: 30.20m | eta: 47.5m
step 00864/02205 (39.18%) | loss: 3.163374 | lrm: 0.94 | dt: 2130.20ms | tok/sec: 246,120 | bf16_mfu: 59.93 | epoch: 1 pq: 9 rg: 52 | total time: 30.24m | eta: 47.5m
step 00865/02205 (39.23%) | loss: 3.158797 | lrm: 0.94 | dt: 2124.60ms | tok/sec: 246,770 | bf16_mfu: 60.09 | epoch: 1 pq: 9 rg: 53 | total time: 30.27m | eta: 47.4m
step 00866/02205 (39.27%) | loss: 3.146863 | lrm: 0.94 | dt: 2129.82ms | tok/sec: 246,165 | bf16_mfu: 59.94 | epoch: 1 pq: 9 rg: 54 | total time: 30.31m | eta: 47.4m
step 00867/02205 (39.32%) | loss: 3.139980 | lrm: 0.94 | dt: 2125.29ms | tok/sec: 246,690 | bf16_mfu: 60.07 | epoch: 1 pq: 9 rg: 55 | total time: 30.34m | eta: 47.4m
step 00868/02205 (39.37%) | loss: 3.135815 | lrm: 0.94 | dt: 2126.88ms | tok/sec: 246,505 | bf16_mfu: 60.02 | epoch: 1 pq: 9 rg: 56 | total time: 30.38m | eta: 47.3m
step 00869/02205 (39.41%) | loss: 3.144296 | lrm: 0.94 | dt: 2124.49ms | tok/sec: 246,783 | bf16_mfu: 60.09 | epoch: 1 pq: 9 rg: 57 | total time: 30.41m | eta: 47.3m
step 00870/02205 (39.46%) | loss: 3.143379 | lrm: 0.94 | dt: 2128.17ms | tok/sec: 246,356 | bf16_mfu: 59.99 | epoch: 1 pq: 9 rg: 58 | total time: 30.45m | eta: 47.3m
step 00871/02205 (39.50%) | loss: 3.141057 | lrm: 0.93 | dt: 2127.78ms | tok/sec: 246,400 | bf16_mfu: 60.00 | epoch: 1 pq: 9 rg: 59 | total time: 30.48m | eta: 47.2m
step 00872/02205 (39.55%) | loss: 3.136453 | lrm: 0.93 | dt: 2128.30ms | tok/sec: 246,341 | bf16_mfu: 59.98 | epoch: 1 pq: 9 rg: 60 | total time: 30.52m | eta: 47.2m
step 00873/02205 (39.59%) | loss: 3.133653 | lrm: 0.93 | dt: 2129.39ms | tok/sec: 246,215 | bf16_mfu: 59.95 | epoch: 1 pq: 9 rg: 61 | total time: 30.55m | eta: 47.2m
step 00874/02205 (39.64%) | loss: 3.137385 | lrm: 0.93 | dt: 2126.45ms | tok/sec: 246,555 | bf16_mfu: 60.03 | epoch: 1 pq: 9 rg: 61 | total time: 30.59m | eta: 47.1m
step 00875/02205 (39.68%) | loss: 3.135823 | lrm: 0.93 | dt: 2123.95ms | tok/sec: 246,845 | bf16_mfu: 60.11 | epoch: 1 pq: 9 rg: 62 | total time: 30.63m | eta: 47.1m
step 00876/02205 (39.73%) | loss: 3.133741 | lrm: 0.93 | dt: 2127.78ms | tok/sec: 246,401 | bf16_mfu: 60.00 | epoch: 1 pq: 9 rg: 63 | total time: 30.66m | eta: 47.1m
step 00877/02205 (39.77%) | loss: 3.138789 | lrm: 0.93 | dt: 2123.96ms | tok/sec: 246,844 | bf16_mfu: 60.10 | epoch: 1 pq: 9 rg: 64 | total time: 30.70m | eta: 47.0m
step 00878/02205 (39.82%) | loss: 3.140607 | lrm: 0.93 | dt: 2129.14ms | tok/sec: 246,244 | bf16_mfu: 59.96 | epoch: 1 pq: 9 rg: 65 | total time: 30.73m | eta: 47.0m
step 00879/02205 (39.86%) | loss: 3.135771 | lrm: 0.93 | dt: 2131.55ms | tok/sec: 245,965 | bf16_mfu: 59.89 | epoch: 1 pq: 9 rg: 66 | total time: 30.77m | eta: 46.9m
step 00880/02205 (39.91%) | loss: 3.134686 | lrm: 0.93 | dt: 2128.57ms | tok/sec: 246,309 | bf16_mfu: 59.97 | epoch: 1 pq: 9 rg: 67 | total time: 30.80m | eta: 46.9m
step 00881/02205 (39.95%) | loss: 3.140820 | lrm: 0.93 | dt: 2129.69ms | tok/sec: 246,180 | bf16_mfu: 59.94 | epoch: 1 pq: 9 rg: 68 | total time: 30.84m | eta: 46.9m
step 00882/02205 (40.00%) | loss: 3.140730 | lrm: 0.93 | dt: 2128.63ms | tok/sec: 246,303 | bf16_mfu: 59.97 | epoch: 1 pq: 9 rg: 69 | total time: 30.87m | eta: 46.8m
step 00883/02205 (40.05%) | loss: 3.145758 | lrm: 0.93 | dt: 2124.07ms | tok/sec: 246,831 | bf16_mfu: 60.10 | epoch: 1 pq: 9 rg: 70 | total time: 30.91m | eta: 46.8m
step 00884/02205 (40.09%) | loss: 3.143164 | lrm: 0.93 | dt: 2125.61ms | tok/sec: 246,653 | bf16_mfu: 60.06 | epoch: 1 pq: 9 rg: 71 | total time: 30.94m | eta: 46.8m
step 00885/02205 (40.14%) | loss: 3.138563 | lrm: 0.93 | dt: 2126.17ms | tok/sec: 246,587 | bf16_mfu: 60.04 | epoch: 1 pq: 9 rg: 72 | total time: 30.98m | eta: 46.7m
step 00886/02205 (40.18%) | loss: 3.133998 | lrm: 0.92 | dt: 2126.78ms | tok/sec: 246,517 | bf16_mfu: 60.03 | epoch: 1 pq: 9 rg: 73 | total time: 31.02m | eta: 46.7m
step 00887/02205 (40.23%) | loss: 3.132230 | lrm: 0.92 | dt: 2128.05ms | tok/sec: 246,370 | bf16_mfu: 59.99 | epoch: 1 pq: 9 rg: 73 | total time: 31.05m | eta: 46.7m
step 00888/02205 (40.27%) | loss: 3.129433 | lrm: 0.92 | dt: 2126.84ms | tok/sec: 246,510 | bf16_mfu: 60.02 | epoch: 1 pq: 9 rg: 74 | total time: 31.09m | eta: 46.6m
step 00889/02205 (40.32%) | loss: 3.129337 | lrm: 0.92 | dt: 2132.06ms | tok/sec: 245,907 | bf16_mfu: 59.88 | epoch: 1 pq: 9 rg: 75 | total time: 31.12m | eta: 46.6m
step 00890/02205 (40.36%) | loss: 3.126509 | lrm: 0.92 | dt: 2123.08ms | tok/sec: 246,947 | bf16_mfu: 60.13 | epoch: 1 pq: 9 rg: 76 | total time: 31.16m | eta: 46.6m
step 00891/02205 (40.41%) | loss: 3.129708 | lrm: 0.92 | dt: 2127.91ms | tok/sec: 246,386 | bf16_mfu: 59.99 | epoch: 1 pq: 9 rg: 77 | total time: 31.19m | eta: 46.5m
step 00892/02205 (40.45%) | loss: 3.136338 | lrm: 0.92 | dt: 2128.76ms | tok/sec: 246,288 | bf16_mfu: 59.97 | epoch: 1 pq: 9 rg: 78 | total time: 31.23m | eta: 46.5m
step 00893/02205 (40.50%) | loss: 3.132721 | lrm: 0.92 | dt: 2127.90ms | tok/sec: 246,387 | bf16_mfu: 59.99 | epoch: 1 pq: 9 rg: 79 | total time: 31.26m | eta: 46.5m
step 00894/02205 (40.54%) | loss: 3.126442 | lrm: 0.92 | dt: 2125.68ms | tok/sec: 246,645 | bf16_mfu: 60.06 | epoch: 1 pq: 9 rg: 80 | total time: 31.30m | eta: 46.4m
step 00895/02205 (40.59%) | loss: 3.130150 | lrm: 0.92 | dt: 2133.18ms | tok/sec: 245,778 | bf16_mfu: 59.85 | epoch: 1 pq: 9 rg: 81 | total time: 31.33m | eta: 46.4m
step 00896/02205 (40.63%) | loss: 3.133667 | lrm: 0.92 | dt: 2128.77ms | tok/sec: 246,287 | bf16_mfu: 59.97 | epoch: 1 pq: 9 rg: 82 | total time: 31.37m | eta: 46.3m
step 00897/02205 (40.68%) | loss: 3.137465 | lrm: 0.92 | dt: 2129.05ms | tok/sec: 246,254 | bf16_mfu: 59.96 | epoch: 1 pq: 10 rg: 0 | total time: 31.41m | eta: 46.3m
step 00898/02205 (40.73%) | loss: 3.139696 | lrm: 0.92 | dt: 2127.94ms | tok/sec: 246,383 | bf16_mfu: 59.99 | epoch: 1 pq: 10 rg: 1 | total time: 31.44m | eta: 46.3m
step 00899/02205 (40.77%) | loss: 3.133396 | lrm: 0.92 | dt: 2127.85ms | tok/sec: 246,393 | bf16_mfu: 59.99 | epoch: 1 pq: 10 rg: 1 | total time: 31.48m | eta: 46.2m
step 00900/02205 (40.82%) | loss: 3.127683 | lrm: 0.92 | dt: 2125.47ms | tok/sec: 246,669 | bf16_mfu: 60.06 | epoch: 1 pq: 10 rg: 2 | total time: 31.51m | eta: 46.2m
step 00901/02205 (40.86%) | loss: 3.119756 | lrm: 0.91 | dt: 2125.20ms | tok/sec: 246,700 | bf16_mfu: 60.07 | epoch: 1 pq: 10 rg: 3 | total time: 31.55m | eta: 46.2m
step 00902/02205 (40.91%) | loss: 3.117429 | lrm: 0.91 | dt: 2129.41ms | tok/sec: 246,213 | bf16_mfu: 59.95 | epoch: 1 pq: 10 rg: 4 | total time: 31.58m | eta: 46.1m
step 00903/02205 (40.95%) | loss: 3.121961 | lrm: 0.91 | dt: 2127.51ms | tok/sec: 246,432 | bf16_mfu: 60.00 | epoch: 1 pq: 10 rg: 5 | total time: 31.62m | eta: 46.1m
step 00904/02205 (41.00%) | loss: 3.126004 | lrm: 0.91 | dt: 2127.15ms | tok/sec: 246,474 | bf16_mfu: 60.01 | epoch: 1 pq: 10 rg: 6 | total time: 31.65m | eta: 46.1m
step 00905/02205 (41.04%) | loss: 3.123740 | lrm: 0.91 | dt: 2122.98ms | tok/sec: 246,958 | bf16_mfu: 60.13 | epoch: 1 pq: 10 rg: 7 | total time: 31.69m | eta: 46.0m
step 00906/02205 (41.09%) | loss: 3.124648 | lrm: 0.91 | dt: 2127.69ms | tok/sec: 246,411 | bf16_mfu: 60.00 | epoch: 1 pq: 10 rg: 8 | total time: 31.72m | eta: 46.0m
step 00907/02205 (41.13%) | loss: 3.128080 | lrm: 0.91 | dt: 2133.59ms | tok/sec: 245,730 | bf16_mfu: 59.83 | epoch: 1 pq: 10 rg: 9 | total time: 31.76m | eta: 46.0m
step 00908/02205 (41.18%) | loss: 3.130072 | lrm: 0.91 | dt: 2130.59ms | tok/sec: 246,076 | bf16_mfu: 59.92 | epoch: 1 pq: 10 rg: 10 | total time: 31.80m | eta: 45.9m
step 00909/02205 (41.22%) | loss: 3.131615 | lrm: 0.91 | dt: 2125.74ms | tok/sec: 246,637 | bf16_mfu: 60.05 | epoch: 1 pq: 10 rg: 11 | total time: 31.83m | eta: 45.9m
step 00910/02205 (41.27%) | loss: 3.132300 | lrm: 0.91 | dt: 2120.12ms | tok/sec: 247,291 | bf16_mfu: 60.21 | epoch: 1 pq: 10 rg: 12 | total time: 31.87m | eta: 45.9m
step 00911/02205 (41.32%) | loss: 3.136247 | lrm: 0.91 | dt: 2128.32ms | tok/sec: 246,339 | bf16_mfu: 59.98 | epoch: 1 pq: 10 rg: 13 | total time: 31.90m | eta: 45.8m
step 00912/02205 (41.36%) | loss: 3.136383 | lrm: 0.91 | dt: 2126.15ms | tok/sec: 246,590 | bf16_mfu: 60.04 | epoch: 1 pq: 10 rg: 14 | total time: 31.94m | eta: 45.8m
step 00913/02205 (41.41%) | loss: 3.134219 | lrm: 0.91 | dt: 2130.84ms | tok/sec: 246,047 | bf16_mfu: 59.91 | epoch: 1 pq: 10 rg: 14 | total time: 31.97m | eta: 45.7m
step 00914/02205 (41.45%) | loss: 3.139754 | lrm: 0.91 | dt: 2124.66ms | tok/sec: 246,763 | bf16_mfu: 60.08 | epoch: 1 pq: 10 rg: 15 | total time: 32.01m | eta: 45.7m
step 00915/02205 (41.50%) | loss: 3.126820 | lrm: 0.91 | dt: 2122.94ms | tok/sec: 246,962 | bf16_mfu: 60.13 | epoch: 1 pq: 10 rg: 16 | total time: 32.04m | eta: 45.7m
step 00916/02205 (41.54%) | loss: 3.118331 | lrm: 0.90 | dt: 2129.15ms | tok/sec: 246,242 | bf16_mfu: 59.96 | epoch: 1 pq: 10 rg: 17 | total time: 32.08m | eta: 45.6m
step 00917/02205 (41.59%) | loss: 3.115907 | lrm: 0.90 | dt: 2127.29ms | tok/sec: 246,458 | bf16_mfu: 60.01 | epoch: 1 pq: 10 rg: 18 | total time: 32.11m | eta: 45.6m
step 00918/02205 (41.63%) | loss: 3.115386 | lrm: 0.90 | dt: 2127.47ms | tok/sec: 246,437 | bf16_mfu: 60.01 | epoch: 1 pq: 10 rg: 19 | total time: 32.15m | eta: 45.6m
step 00919/02205 (41.68%) | loss: 3.113902 | lrm: 0.90 | dt: 2128.09ms | tok/sec: 246,365 | bf16_mfu: 59.99 | epoch: 1 pq: 10 rg: 20 | total time: 32.19m | eta: 45.5m
step 00920/02205 (41.72%) | loss: 3.113857 | lrm: 0.90 | dt: 2126.37ms | tok/sec: 246,564 | bf16_mfu: 60.04 | epoch: 1 pq: 10 rg: 21 | total time: 32.22m | eta: 45.5m
step 00921/02205 (41.77%) | loss: 3.112765 | lrm: 0.90 | dt: 2125.18ms | tok/sec: 246,703 | bf16_mfu: 60.07 | epoch: 1 pq: 10 rg: 22 | total time: 32.26m | eta: 45.5m
step 00922/02205 (41.81%) | loss: 3.097231 | lrm: 0.90 | dt: 2126.88ms | tok/sec: 246,505 | bf16_mfu: 60.02 | epoch: 1 pq: 10 rg: 23 | total time: 32.29m | eta: 45.4m
step 00923/02205 (41.86%) | loss: 3.092910 | lrm: 0.90 | dt: 2124.21ms | tok/sec: 246,815 | bf16_mfu: 60.10 | epoch: 1 pq: 10 rg: 24 | total time: 32.33m | eta: 45.4m
step 00924/02205 (41.90%) | loss: 3.101077 | lrm: 0.90 | dt: 2127.80ms | tok/sec: 246,398 | bf16_mfu: 60.00 | epoch: 1 pq: 10 rg: 25 | total time: 32.36m | eta: 45.4m
step 00925/02205 (41.95%) | loss: 3.100663 | lrm: 0.90 | dt: 2123.64ms | tok/sec: 246,881 | bf16_mfu: 60.11 | epoch: 1 pq: 10 rg: 26 | total time: 32.40m | eta: 45.3m
step 00926/02205 (42.00%) | loss: 3.108643 | lrm: 0.90 | dt: 2126.67ms | tok/sec: 246,530 | bf16_mfu: 60.03 | epoch: 1 pq: 10 rg: 27 | total time: 32.43m | eta: 45.3m
step 00927/02205 (42.04%) | loss: 3.121967 | lrm: 0.90 | dt: 2128.28ms | tok/sec: 246,342 | bf16_mfu: 59.98 | epoch: 1 pq: 10 rg: 27 | total time: 32.47m | eta: 45.3m
step 00928/02205 (42.09%) | loss: 3.125192 | lrm: 0.90 | dt: 2127.94ms | tok/sec: 246,382 | bf16_mfu: 59.99 | epoch: 1 pq: 10 rg: 28 | total time: 32.50m | eta: 45.2m
step 00929/02205 (42.13%) | loss: 3.125158 | lrm: 0.90 | dt: 2127.92ms | tok/sec: 246,384 | bf16_mfu: 59.99 | epoch: 1 pq: 10 rg: 29 | total time: 32.54m | eta: 45.2m
step 00930/02205 (42.18%) | loss: 3.121320 | lrm: 0.90 | dt: 2129.65ms | tok/sec: 246,184 | bf16_mfu: 59.94 | epoch: 1 pq: 10 rg: 30 | total time: 32.58m | eta: 45.1m
step 00931/02205 (42.22%) | loss: 3.111349 | lrm: 0.89 | dt: 2127.06ms | tok/sec: 246,485 | bf16_mfu: 60.02 | epoch: 1 pq: 10 rg: 31 | total time: 32.61m | eta: 45.1m
step 00932/02205 (42.27%) | loss: 3.113395 | lrm: 0.89 | dt: 2126.04ms | tok/sec: 246,603 | bf16_mfu: 60.05 | epoch: 1 pq: 10 rg: 32 | total time: 32.65m | eta: 45.1m
step 00933/02205 (42.31%) | loss: 3.112978 | lrm: 0.89 | dt: 2124.33ms | tok/sec: 246,801 | bf16_mfu: 60.09 | epoch: 1 pq: 10 rg: 33 | total time: 32.68m | eta: 45.0m
step 00934/02205 (42.36%) | loss: 3.107364 | lrm: 0.89 | dt: 2134.03ms | tok/sec: 245,679 | bf16_mfu: 59.82 | epoch: 1 pq: 10 rg: 34 | total time: 32.72m | eta: 45.0m
step 00935/02205 (42.40%) | loss: 3.104548 | lrm: 0.89 | dt: 2124.35ms | tok/sec: 246,798 | bf16_mfu: 60.09 | epoch: 1 pq: 10 rg: 35 | total time: 32.75m | eta: 45.0m
step 00936/02205 (42.45%) | loss: 3.102327 | lrm: 0.89 | dt: 2127.76ms | tok/sec: 246,404 | bf16_mfu: 60.00 | epoch: 1 pq: 10 rg: 36 | total time: 32.79m | eta: 44.9m
step 00937/02205 (42.49%) | loss: 3.100678 | lrm: 0.89 | dt: 2128.76ms | tok/sec: 246,287 | bf16_mfu: 59.97 | epoch: 1 pq: 10 rg: 37 | total time: 32.82m | eta: 44.9m
step 00938/02205 (42.54%) | loss: 3.108812 | lrm: 0.89 | dt: 2122.59ms | tok/sec: 247,004 | bf16_mfu: 60.14 | epoch: 1 pq: 10 rg: 37 | total time: 32.86m | eta: 44.9m
step 00939/02205 (42.59%) | loss: 3.111674 | lrm: 0.89 | dt: 2128.82ms | tok/sec: 246,281 | bf16_mfu: 59.97 | epoch: 1 pq: 10 rg: 38 | total time: 32.89m | eta: 44.8m
step 00940/02205 (42.63%) | loss: 3.112125 | lrm: 0.89 | dt: 2129.83ms | tok/sec: 246,164 | bf16_mfu: 59.94 | epoch: 1 pq: 10 rg: 39 | total time: 32.93m | eta: 44.8m
step 00941/02205 (42.68%) | loss: 3.106534 | lrm: 0.89 | dt: 2125.31ms | tok/sec: 246,687 | bf16_mfu: 60.07 | epoch: 1 pq: 10 rg: 40 | total time: 32.97m | eta: 44.8m
step 00942/02205 (42.72%) | loss: 3.114724 | lrm: 0.89 | dt: 2124.89ms | tok/sec: 246,736 | bf16_mfu: 60.08 | epoch: 1 pq: 10 rg: 41 | total time: 33.00m | eta: 44.7m
step 00943/02205 (42.77%) | loss: 3.110687 | lrm: 0.89 | dt: 2129.32ms | tok/sec: 246,222 | bf16_mfu: 59.95 | epoch: 1 pq: 10 rg: 42 | total time: 33.04m | eta: 44.7m
step 00944/02205 (42.81%) | loss: 3.110854 | lrm: 0.89 | dt: 2129.61ms | tok/sec: 246,189 | bf16_mfu: 59.95 | epoch: 1 pq: 10 rg: 43 | total time: 33.07m | eta: 44.7m
step 00945/02205 (42.86%) | loss: 3.108869 | lrm: 0.89 | dt: 2126.33ms | tok/sec: 246,569 | bf16_mfu: 60.04 | epoch: 1 pq: 10 rg: 44 | total time: 33.11m | eta: 44.6m
step 00946/02205 (42.90%) | loss: 3.111558 | lrm: 0.88 | dt: 2130.22ms | tok/sec: 246,119 | bf16_mfu: 59.93 | epoch: 1 pq: 10 rg: 45 | total time: 33.14m | eta: 44.6m
step 00947/02205 (42.95%) | loss: 3.105179 | lrm: 0.88 | dt: 2124.49ms | tok/sec: 246,783 | bf16_mfu: 60.09 | epoch: 1 pq: 10 rg: 46 | total time: 33.18m | eta: 44.5m
step 00948/02205 (42.99%) | loss: 3.099624 | lrm: 0.88 | dt: 2129.30ms | tok/sec: 246,225 | bf16_mfu: 59.95 | epoch: 1 pq: 10 rg: 47 | total time: 33.21m | eta: 44.5m
step 00949/02205 (43.04%) | loss: 3.109278 | lrm: 0.88 | dt: 2128.96ms | tok/sec: 246,264 | bf16_mfu: 59.96 | epoch: 1 pq: 10 rg: 48 | total time: 33.25m | eta: 44.5m
step 00950/02205 (43.08%) | loss: 3.112527 | lrm: 0.88 | dt: 2130.52ms | tok/sec: 246,084 | bf16_mfu: 59.92 | epoch: 1 pq: 10 rg: 48 | total time: 33.28m | eta: 44.4m
step 00951/02205 (43.13%) | loss: 3.108199 | lrm: 0.88 | dt: 2127.78ms | tok/sec: 246,401 | bf16_mfu: 60.00 | epoch: 1 pq: 10 rg: 49 | total time: 33.32m | eta: 44.4m
step 00952/02205 (43.17%) | loss: 3.118964 | lrm: 0.88 | dt: 2124.71ms | tok/sec: 246,758 | bf16_mfu: 60.08 | epoch: 1 pq: 10 rg: 50 | total time: 33.36m | eta: 44.4m
step 00953/02205 (43.22%) | loss: 3.126904 | lrm: 0.88 | dt: 2127.30ms | tok/sec: 246,456 | bf16_mfu: 60.01 | epoch: 1 pq: 10 rg: 51 | total time: 33.39m | eta: 44.3m
step 00954/02205 (43.27%) | loss: 3.124377 | lrm: 0.88 | dt: 2128.87ms | tok/sec: 246,275 | bf16_mfu: 59.97 | epoch: 1 pq: 10 rg: 52 | total time: 33.43m | eta: 44.3m
step 00955/02205 (43.31%) | loss: 3.123025 | lrm: 0.88 | dt: 2128.98ms | tok/sec: 246,262 | bf16_mfu: 59.96 | epoch: 1 pq: 10 rg: 53 | total time: 33.46m | eta: 44.3m
step 00956/02205 (43.36%) | loss: 3.117285 | lrm: 0.88 | dt: 2129.42ms | tok/sec: 246,211 | bf16_mfu: 59.95 | epoch: 1 pq: 10 rg: 54 | total time: 33.50m | eta: 44.2m
step 00957/02205 (43.40%) | loss: 3.112255 | lrm: 0.88 | dt: 2124.01ms | tok/sec: 246,839 | bf16_mfu: 60.10 | epoch: 1 pq: 10 rg: 55 | total time: 33.53m | eta: 44.2m
step 00958/02205 (43.45%) | loss: 3.119284 | lrm: 0.88 | dt: 2126.27ms | tok/sec: 246,576 | bf16_mfu: 60.04 | epoch: 1 pq: 10 rg: 56 | total time: 33.57m | eta: 44.2m
step 00959/02205 (43.49%) | loss: 3.109794 | lrm: 0.88 | dt: 2128.17ms | tok/sec: 246,356 | bf16_mfu: 59.99 | epoch: 1 pq: 10 rg: 57 | total time: 33.60m | eta: 44.1m
step 00960/02205 (43.54%) | loss: 3.107544 | lrm: 0.88 | dt: 2126.36ms | tok/sec: 246,566 | bf16_mfu: 60.04 | epoch: 1 pq: 10 rg: 58 | total time: 33.64m | eta: 44.1m
step 00961/02205 (43.58%) | loss: 3.108027 | lrm: 0.87 | dt: 2127.61ms | tok/sec: 246,421 | bf16_mfu: 60.00 | epoch: 1 pq: 10 rg: 59 | total time: 33.67m | eta: 44.0m
step 00962/02205 (43.63%) | loss: 3.112993 | lrm: 0.87 | dt: 2128.92ms | tok/sec: 246,269 | bf16_mfu: 59.96 | epoch: 1 pq: 10 rg: 60 | total time: 33.71m | eta: 44.0m
step 00963/02205 (43.67%) | loss: 3.113615 | lrm: 0.87 | dt: 2130.58ms | tok/sec: 246,077 | bf16_mfu: 59.92 | epoch: 1 pq: 10 rg: 60 | total time: 33.75m | eta: 44.0m
step 00964/02205 (43.72%) | loss: 3.116396 | lrm: 0.87 | dt: 2128.91ms | tok/sec: 246,271 | bf16_mfu: 59.97 | epoch: 1 pq: 10 rg: 61 | total time: 33.78m | eta: 43.9m
step 00965/02205 (43.76%) | loss: 3.114354 | lrm: 0.87 | dt: 2130.26ms | tok/sec: 246,115 | bf16_mfu: 59.93 | epoch: 1 pq: 10 rg: 62 | total time: 33.82m | eta: 43.9m
step 00966/02205 (43.81%) | loss: 3.113145 | lrm: 0.87 | dt: 2132.30ms | tok/sec: 245,878 | bf16_mfu: 59.87 | epoch: 1 pq: 10 rg: 63 | total time: 33.85m | eta: 43.9m
step 00967/02205 (43.85%) | loss: 3.114299 | lrm: 0.87 | dt: 2133.64ms | tok/sec: 245,724 | bf16_mfu: 59.83 | epoch: 1 pq: 10 rg: 64 | total time: 33.89m | eta: 43.8m
step 00968/02205 (43.90%) | loss: 3.105969 | lrm: 0.87 | dt: 2129.63ms | tok/sec: 246,187 | bf16_mfu: 59.94 | epoch: 1 pq: 10 rg: 65 | total time: 33.92m | eta: 43.8m
step 00969/02205 (43.95%) | loss: 3.104273 | lrm: 0.87 | dt: 2129.20ms | tok/sec: 246,237 | bf16_mfu: 59.96 | epoch: 1 pq: 10 rg: 66 | total time: 33.96m | eta: 43.8m
step 00970/02205 (43.99%) | loss: 3.104927 | lrm: 0.87 | dt: 2127.27ms | tok/sec: 246,461 | bf16_mfu: 60.01 | epoch: 1 pq: 10 rg: 67 | total time: 33.99m | eta: 43.7m
step 00971/02205 (44.04%) | loss: 3.107695 | lrm: 0.87 | dt: 2126.01ms | tok/sec: 246,607 | bf16_mfu: 60.05 | epoch: 1 pq: 10 rg: 68 | total time: 34.03m | eta: 43.7m
step 00972/02205 (44.08%) | loss: 3.106060 | lrm: 0.87 | dt: 2128.63ms | tok/sec: 246,303 | bf16_mfu: 59.97 | epoch: 1 pq: 10 rg: 69 | total time: 34.06m | eta: 43.7m
step 00973/02205 (44.13%) | loss: 3.107854 | lrm: 0.87 | dt: 2130.37ms | tok/sec: 246,101 | bf16_mfu: 59.92 | epoch: 1 pq: 10 rg: 70 | total time: 34.10m | eta: 43.6m
step 00974/02205 (44.17%) | loss: 3.099375 | lrm: 0.87 | dt: 2129.71ms | tok/sec: 246,177 | bf16_mfu: 59.94 | epoch: 1 pq: 10 rg: 71 | total time: 34.14m | eta: 43.6m
step 00975/02205 (44.22%) | loss: 3.097193 | lrm: 0.87 | dt: 2125.64ms | tok/sec: 246,649 | bf16_mfu: 60.06 | epoch: 1 pq: 10 rg: 71 | total time: 34.17m | eta: 43.6m
step 00976/02205 (44.26%) | loss: 3.097465 | lrm: 0.86 | dt: 2132.23ms | tok/sec: 245,887 | bf16_mfu: 59.87 | epoch: 1 pq: 10 rg: 72 | total time: 34.21m | eta: 43.5m
step 00977/02205 (44.31%) | loss: 3.097920 | lrm: 0.86 | dt: 2129.17ms | tok/sec: 246,240 | bf16_mfu: 59.96 | epoch: 1 pq: 10 rg: 73 | total time: 34.24m | eta: 43.5m
step 00978/02205 (44.35%) | loss: 3.088582 | lrm: 0.86 | dt: 2126.86ms | tok/sec: 246,508 | bf16_mfu: 60.02 | epoch: 1 pq: 10 rg: 74 | total time: 34.28m | eta: 43.4m
step 00979/02205 (44.40%) | loss: 3.091403 | lrm: 0.86 | dt: 2121.93ms | tok/sec: 247,080 | bf16_mfu: 60.16 | epoch: 1 pq: 10 rg: 75 | total time: 34.31m | eta: 43.4m
step 00980/02205 (44.44%) | loss: 3.093127 | lrm: 0.86 | dt: 2128.37ms | tok/sec: 246,332 | bf16_mfu: 59.98 | epoch: 1 pq: 10 rg: 76 | total time: 34.35m | eta: 43.4m
step 00981/02205 (44.49%) | loss: 3.093285 | lrm: 0.86 | dt: 2124.29ms | tok/sec: 246,806 | bf16_mfu: 60.10 | epoch: 1 pq: 10 rg: 77 | total time: 34.38m | eta: 43.3m
step 00982/02205 (44.54%) | loss: 3.099703 | lrm: 0.86 | dt: 2130.73ms | tok/sec: 246,060 | bf16_mfu: 59.91 | epoch: 1 pq: 10 rg: 78 | total time: 34.42m | eta: 43.3m
step 00983/02205 (44.58%) | loss: 3.097720 | lrm: 0.86 | dt: 2128.86ms | tok/sec: 246,276 | bf16_mfu: 59.97 | epoch: 1 pq: 10 rg: 79 | total time: 34.46m | eta: 43.3m
step 00984/02205 (44.63%) | loss: 3.099490 | lrm: 0.86 | dt: 2129.65ms | tok/sec: 246,185 | bf16_mfu: 59.94 | epoch: 1 pq: 10 rg: 80 | total time: 34.49m | eta: 43.2m
step 00985/02205 (44.67%) | loss: 3.100271 | lrm: 0.86 | dt: 2121.41ms | tok/sec: 247,141 | bf16_mfu: 60.18 | epoch: 1 pq: 10 rg: 81 | total time: 34.53m | eta: 43.2m
step 00986/02205 (44.72%) | loss: 3.102908 | lrm: 0.86 | dt: 2129.86ms | tok/sec: 246,161 | bf16_mfu: 59.94 | epoch: 1 pq: 10 rg: 82 | total time: 34.56m | eta: 43.2m
step 00987/02205 (44.76%) | loss: 3.099793 | lrm: 0.86 | dt: 2130.33ms | tok/sec: 246,106 | bf16_mfu: 59.93 | epoch: 1 pq: 11 rg: 0 | total time: 34.60m | eta: 43.1m
step 00988/02205 (44.81%) | loss: 3.098261 | lrm: 0.86 | dt: 2129.65ms | tok/sec: 246,184 | bf16_mfu: 59.94 | epoch: 1 pq: 11 rg: 0 | total time: 34.63m | eta: 43.1m
step 00989/02205 (44.85%) | loss: 3.101755 | lrm: 0.86 | dt: 2127.43ms | tok/sec: 246,442 | bf16_mfu: 60.01 | epoch: 1 pq: 11 rg: 1 | total time: 34.67m | eta: 43.1m
step 00990/02205 (44.90%) | loss: 3.100184 | lrm: 0.86 | dt: 2126.10ms | tok/sec: 246,595 | bf16_mfu: 60.04 | epoch: 1 pq: 11 rg: 2 | total time: 34.70m | eta: 43.0m
step 00991/02205 (44.94%) | loss: 3.103472 | lrm: 0.85 | dt: 2128.30ms | tok/sec: 246,341 | bf16_mfu: 59.98 | epoch: 1 pq: 11 rg: 3 | total time: 34.74m | eta: 43.0m
step 00992/02205 (44.99%) | loss: 3.102821 | lrm: 0.85 | dt: 2129.73ms | tok/sec: 246,175 | bf16_mfu: 59.94 | epoch: 1 pq: 11 rg: 4 | total time: 34.77m | eta: 43.0m
step 00993/02205 (45.03%) | loss: 3.109212 | lrm: 0.85 | dt: 2126.64ms | tok/sec: 246,533 | bf16_mfu: 60.03 | epoch: 1 pq: 11 rg: 5 | total time: 34.81m | eta: 42.9m
step 00994/02205 (45.08%) | loss: 3.105823 | lrm: 0.85 | dt: 2130.07ms | tok/sec: 246,136 | bf16_mfu: 59.93 | epoch: 1 pq: 11 rg: 6 | total time: 34.85m | eta: 42.9m
step 00995/02205 (45.12%) | loss: 3.099601 | lrm: 0.85 | dt: 2127.01ms | tok/sec: 246,490 | bf16_mfu: 60.02 | epoch: 1 pq: 11 rg: 7 | total time: 34.88m | eta: 42.8m
step 00996/02205 (45.17%) | loss: 3.098529 | lrm: 0.85 | dt: 2127.90ms | tok/sec: 246,387 | bf16_mfu: 59.99 | epoch: 1 pq: 11 rg: 8 | total time: 34.92m | eta: 42.8m
step 00997/02205 (45.22%) | loss: 3.100430 | lrm: 0.85 | dt: 2127.95ms | tok/sec: 246,381 | bf16_mfu: 59.99 | epoch: 1 pq: 11 rg: 9 | total time: 34.95m | eta: 42.8m
step 00998/02205 (45.26%) | loss: 3.097047 | lrm: 0.85 | dt: 2128.38ms | tok/sec: 246,331 | bf16_mfu: 59.98 | epoch: 1 pq: 11 rg: 10 | total time: 34.99m | eta: 42.7m
step 00999/02205 (45.31%) | loss: 3.094304 | lrm: 0.85 | dt: 2125.68ms | tok/sec: 246,644 | bf16_mfu: 60.06 | epoch: 1 pq: 11 rg: 11 | total time: 35.02m | eta: 42.7m
Step 01000 | Validation bpb: 0.942887
step 01000/02205 (45.35%) | loss: 3.094596 | lrm: 0.85 | dt: 2126.86ms | tok/sec: 246,507 | bf16_mfu: 60.02 | epoch: 1 pq: 11 rg: 11 | total time: 35.06m | eta: 42.7m
step 01001/02205 (45.40%) | loss: 3.102155 | lrm: 0.85 | dt: 2132.56ms | tok/sec: 245,849 | bf16_mfu: 59.86 | epoch: 1 pq: 11 rg: 12 | total time: 35.09m | eta: 42.6m
step 01002/02205 (45.44%) | loss: 3.098243 | lrm: 0.85 | dt: 2132.95ms | tok/sec: 245,804 | bf16_mfu: 59.85 | epoch: 1 pq: 11 rg: 13 | total time: 35.13m | eta: 42.6m
step 01003/02205 (45.49%) | loss: 3.092536 | lrm: 0.85 | dt: 2128.95ms | tok/sec: 246,266 | bf16_mfu: 59.96 | epoch: 1 pq: 11 rg: 14 | total time: 35.16m | eta: 42.6m
step 01004/02205 (45.53%) | loss: 3.093941 | lrm: 0.85 | dt: 2125.26ms | tok/sec: 246,693 | bf16_mfu: 60.07 | epoch: 1 pq: 11 rg: 15 | total time: 35.20m | eta: 42.5m
step 01005/02205 (45.58%) | loss: 3.088653 | lrm: 0.85 | dt: 2132.58ms | tok/sec: 245,847 | bf16_mfu: 59.86 | epoch: 1 pq: 11 rg: 16 | total time: 35.24m | eta: 42.5m
step 01006/02205 (45.62%) | loss: 3.094984 | lrm: 0.84 | dt: 2128.38ms | tok/sec: 246,331 | bf16_mfu: 59.98 | epoch: 1 pq: 11 rg: 17 | total time: 35.27m | eta: 42.5m
step 01007/02205 (45.67%) | loss: 3.101892 | lrm: 0.84 | dt: 2130.66ms | tok/sec: 246,068 | bf16_mfu: 59.92 | epoch: 1 pq: 11 rg: 18 | total time: 35.31m | eta: 42.4m
step 01008/02205 (45.71%) | loss: 3.104855 | lrm: 0.84 | dt: 2129.57ms | tok/sec: 246,194 | bf16_mfu: 59.95 | epoch: 1 pq: 11 rg: 19 | total time: 35.34m | eta: 42.4m
step 01009/02205 (45.76%) | loss: 3.110707 | lrm: 0.84 | dt: 2131.37ms | tok/sec: 245,986 | bf16_mfu: 59.90 | epoch: 1 pq: 11 rg: 20 | total time: 35.38m | eta: 42.4m
step 01010/02205 (45.80%) | loss: 3.114069 | lrm: 0.84 | dt: 2125.31ms | tok/sec: 246,687 | bf16_mfu: 60.07 | epoch: 1 pq: 11 rg: 21 | total time: 35.41m | eta: 42.3m
step 01011/02205 (45.85%) | loss: 3.106565 | lrm: 0.84 | dt: 2123.86ms | tok/sec: 246,855 | bf16_mfu: 60.11 | epoch: 1 pq: 11 rg: 22 | total time: 35.45m | eta: 42.3m
step 01012/02205 (45.90%) | loss: 3.103092 | lrm: 0.84 | dt: 2120.82ms | tok/sec: 247,209 | bf16_mfu: 60.19 | epoch: 1 pq: 11 rg: 22 | total time: 35.48m | eta: 42.2m
step 01013/02205 (45.94%) | loss: 3.102375 | lrm: 0.84 | dt: 2128.29ms | tok/sec: 246,342 | bf16_mfu: 59.98 | epoch: 1 pq: 11 rg: 23 | total time: 35.52m | eta: 42.2m
step 01014/02205 (45.99%) | loss: 3.102041 | lrm: 0.84 | dt: 2128.78ms | tok/sec: 246,286 | bf16_mfu: 59.97 | epoch: 1 pq: 11 rg: 24 | total time: 35.55m | eta: 42.2m
step 01015/02205 (46.03%) | loss: 3.089897 | lrm: 0.84 | dt: 2128.51ms | tok/sec: 246,316 | bf16_mfu: 59.98 | epoch: 1 pq: 11 rg: 25 | total time: 35.59m | eta: 42.1m
step 01016/02205 (46.08%) | loss: 3.090579 | lrm: 0.84 | dt: 2129.68ms | tok/sec: 246,182 | bf16_mfu: 59.94 | epoch: 1 pq: 11 rg: 26 | total time: 35.63m | eta: 42.1m
step 01017/02205 (46.12%) | loss: 3.094099 | lrm: 0.84 | dt: 2125.57ms | tok/sec: 246,657 | bf16_mfu: 60.06 | epoch: 1 pq: 11 rg: 27 | total time: 35.66m | eta: 42.1m
step 01018/02205 (46.17%) | loss: 3.094102 | lrm: 0.84 | dt: 2125.89ms | tok/sec: 246,620 | bf16_mfu: 60.05 | epoch: 1 pq: 11 rg: 28 | total time: 35.70m | eta: 42.0m
step 01019/02205 (46.21%) | loss: 3.098076 | lrm: 0.84 | dt: 2126.81ms | tok/sec: 246,513 | bf16_mfu: 60.02 | epoch: 1 pq: 11 rg: 29 | total time: 35.73m | eta: 42.0m
step 01020/02205 (46.26%) | loss: 3.104278 | lrm: 0.84 | dt: 2127.26ms | tok/sec: 246,462 | bf16_mfu: 60.01 | epoch: 1 pq: 11 rg: 30 | total time: 35.77m | eta: 42.0m
step 01021/02205 (46.30%) | loss: 3.106366 | lrm: 0.83 | dt: 2127.00ms | tok/sec: 246,491 | bf16_mfu: 60.02 | epoch: 1 pq: 11 rg: 31 | total time: 35.80m | eta: 41.9m
step 01022/02205 (46.35%) | loss: 3.102062 | lrm: 0.83 | dt: 2130.14ms | tok/sec: 246,128 | bf16_mfu: 59.93 | epoch: 1 pq: 11 rg: 32 | total time: 35.84m | eta: 41.9m
step 01023/02205 (46.39%) | loss: 3.100983 | lrm: 0.83 | dt: 2126.99ms | tok/sec: 246,493 | bf16_mfu: 60.02 | epoch: 1 pq: 11 rg: 33 | total time: 35.87m | eta: 41.9m
step 01024/02205 (46.44%) | loss: 3.102813 | lrm: 0.83 | dt: 2124.37ms | tok/sec: 246,797 | bf16_mfu: 60.09 | epoch: 1 pq: 11 rg: 34 | total time: 35.91m | eta: 41.8m
step 01025/02205 (46.49%) | loss: 3.104562 | lrm: 0.83 | dt: 2121.68ms | tok/sec: 247,109 | bf16_mfu: 60.17 | epoch: 1 pq: 11 rg: 35 | total time: 35.94m | eta: 41.8m
step 01026/02205 (46.53%) | loss: 3.096174 | lrm: 0.83 | dt: 2127.13ms | tok/sec: 246,476 | bf16_mfu: 60.02 | epoch: 1 pq: 11 rg: 35 | total time: 35.98m | eta: 41.8m
step 01027/02205 (46.58%) | loss: 3.092914 | lrm: 0.83 | dt: 2124.81ms | tok/sec: 246,745 | bf16_mfu: 60.08 | epoch: 1 pq: 11 rg: 36 | total time: 36.02m | eta: 41.7m
step 01028/02205 (46.62%) | loss: 3.093359 | lrm: 0.83 | dt: 2126.65ms | tok/sec: 246,532 | bf16_mfu: 60.03 | epoch: 1 pq: 11 rg: 37 | total time: 36.05m | eta: 41.7m
step 01029/02205 (46.67%) | loss: 3.094120 | lrm: 0.83 | dt: 2124.11ms | tok/sec: 246,826 | bf16_mfu: 60.10 | epoch: 1 pq: 11 rg: 38 | total time: 36.09m | eta: 41.6m
step 01030/02205 (46.71%) | loss: 3.098142 | lrm: 0.83 | dt: 2126.57ms | tok/sec: 246,541 | bf16_mfu: 60.03 | epoch: 1 pq: 11 rg: 39 | total time: 36.12m | eta: 41.6m
step 01031/02205 (46.76%) | loss: 3.095426 | lrm: 0.83 | dt: 2130.90ms | tok/sec: 246,040 | bf16_mfu: 59.91 | epoch: 1 pq: 11 rg: 40 | total time: 36.16m | eta: 41.6m
step 01032/02205 (46.80%) | loss: 3.091710 | lrm: 0.83 | dt: 2128.30ms | tok/sec: 246,341 | bf16_mfu: 59.98 | epoch: 1 pq: 11 rg: 41 | total time: 36.19m | eta: 41.5m
step 01033/02205 (46.85%) | loss: 3.091144 | lrm: 0.83 | dt: 2128.88ms | tok/sec: 246,274 | bf16_mfu: 59.97 | epoch: 1 pq: 11 rg: 42 | total time: 36.23m | eta: 41.5m
step 01034/02205 (46.89%) | loss: 3.093415 | lrm: 0.83 | dt: 2128.73ms | tok/sec: 246,291 | bf16_mfu: 59.97 | epoch: 1 pq: 11 rg: 43 | total time: 36.26m | eta: 41.5m
step 01035/02205 (46.94%) | loss: 3.085775 | lrm: 0.83 | dt: 2128.46ms | tok/sec: 246,322 | bf16_mfu: 59.98 | epoch: 1 pq: 11 rg: 44 | total time: 36.30m | eta: 41.4m
step 01036/02205 (46.98%) | loss: 3.082708 | lrm: 0.82 | dt: 2124.43ms | tok/sec: 246,789 | bf16_mfu: 60.09 | epoch: 1 pq: 11 rg: 45 | total time: 36.33m | eta: 41.4m
step 01037/02205 (47.03%) | loss: 3.085954 | lrm: 0.82 | dt: 2125.63ms | tok/sec: 246,650 | bf16_mfu: 60.06 | epoch: 1 pq: 11 rg: 46 | total time: 36.37m | eta: 41.4m
step 01038/02205 (47.07%) | loss: 3.085653 | lrm: 0.82 | dt: 2130.53ms | tok/sec: 246,083 | bf16_mfu: 59.92 | epoch: 1 pq: 11 rg: 46 | total time: 36.41m | eta: 41.3m
step 01039/02205 (47.12%) | loss: 3.086765 | lrm: 0.82 | dt: 2125.07ms | tok/sec: 246,715 | bf16_mfu: 60.07 | epoch: 1 pq: 11 rg: 47 | total time: 36.44m | eta: 41.3m
step 01040/02205 (47.17%) | loss: 3.088303 | lrm: 0.82 | dt: 2132.21ms | tok/sec: 245,889 | bf16_mfu: 59.87 | epoch: 1 pq: 11 rg: 48 | total time: 36.48m | eta: 41.3m
step 01041/02205 (47.21%) | loss: 3.078285 | lrm: 0.82 | dt: 2125.31ms | tok/sec: 246,688 | bf16_mfu: 60.07 | epoch: 1 pq: 11 rg: 49 | total time: 36.51m | eta: 41.2m
step 01042/02205 (47.26%) | loss: 3.085902 | lrm: 0.82 | dt: 2124.81ms | tok/sec: 246,745 | bf16_mfu: 60.08 | epoch: 1 pq: 11 rg: 50 | total time: 36.55m | eta: 41.2m
step 01043/02205 (47.30%) | loss: 3.085684 | lrm: 0.82 | dt: 2124.61ms | tok/sec: 246,769 | bf16_mfu: 60.09 | epoch: 1 pq: 11 rg: 51 | total time: 36.58m | eta: 41.2m
step 01044/02205 (47.35%) | loss: 3.085482 | lrm: 0.82 | dt: 2128.69ms | tok/sec: 246,296 | bf16_mfu: 59.97 | epoch: 1 pq: 11 rg: 52 | total time: 36.62m | eta: 41.1m
step 01045/02205 (47.39%) | loss: 3.087898 | lrm: 0.82 | dt: 2125.21ms | tok/sec: 246,699 | bf16_mfu: 60.07 | epoch: 1 pq: 11 rg: 53 | total time: 36.65m | eta: 41.1m
step 01046/02205 (47.44%) | loss: 3.088576 | lrm: 0.82 | dt: 2128.21ms | tok/sec: 246,351 | bf16_mfu: 59.98 | epoch: 1 pq: 11 rg: 54 | total time: 36.69m | eta: 41.0m
step 01047/02205 (47.48%) | loss: 3.075185 | lrm: 0.82 | dt: 2129.74ms | tok/sec: 246,174 | bf16_mfu: 59.94 | epoch: 1 pq: 11 rg: 55 | total time: 36.72m | eta: 41.0m
step 01048/02205 (47.53%) | loss: 3.075393 | lrm: 0.82 | dt: 2129.46ms | tok/sec: 246,207 | bf16_mfu: 59.95 | epoch: 1 pq: 11 rg: 56 | total time: 36.76m | eta: 41.0m
step 01049/02205 (47.57%) | loss: 3.076656 | lrm: 0.82 | dt: 2126.10ms | tok/sec: 246,596 | bf16_mfu: 60.04 | epoch: 1 pq: 11 rg: 57 | total time: 36.80m | eta: 40.9m
step 01050/02205 (47.62%) | loss: 3.074381 | lrm: 0.82 | dt: 2129.30ms | tok/sec: 246,224 | bf16_mfu: 59.95 | epoch: 1 pq: 11 rg: 58 | total time: 36.83m | eta: 40.9m
step 01051/02205 (47.66%) | loss: 3.070013 | lrm: 0.82 | dt: 2126.57ms | tok/sec: 246,541 | bf16_mfu: 60.03 | epoch: 1 pq: 11 rg: 58 | total time: 36.87m | eta: 40.9m
step 01052/02205 (47.71%) | loss: 3.072546 | lrm: 0.81 | dt: 2129.08ms | tok/sec: 246,250 | bf16_mfu: 59.96 | epoch: 1 pq: 11 rg: 59 | total time: 36.90m | eta: 40.8m
step 01053/02205 (47.76%) | loss: 3.072616 | lrm: 0.81 | dt: 2124.80ms | tok/sec: 246,746 | bf16_mfu: 60.08 | epoch: 1 pq: 11 rg: 60 | total time: 36.94m | eta: 40.8m
step 01054/02205 (47.80%) | loss: 3.076282 | lrm: 0.81 | dt: 2128.53ms | tok/sec: 246,315 | bf16_mfu: 59.98 | epoch: 1 pq: 11 rg: 61 | total time: 36.97m | eta: 40.8m
step 01055/02205 (47.85%) | loss: 3.063909 | lrm: 0.81 | dt: 2128.29ms | tok/sec: 246,342 | bf16_mfu: 59.98 | epoch: 1 pq: 11 rg: 62 | total time: 37.01m | eta: 40.7m
step 01056/02205 (47.89%) | loss: 3.067922 | lrm: 0.81 | dt: 2130.88ms | tok/sec: 246,043 | bf16_mfu: 59.91 | epoch: 1 pq: 11 rg: 63 | total time: 37.04m | eta: 40.7m
step 01057/02205 (47.94%) | loss: 3.069651 | lrm: 0.81 | dt: 2129.59ms | tok/sec: 246,191 | bf16_mfu: 59.95 | epoch: 1 pq: 11 rg: 64 | total time: 37.08m | eta: 40.7m
step 01058/02205 (47.98%) | loss: 3.066948 | lrm: 0.81 | dt: 2128.56ms | tok/sec: 246,310 | bf16_mfu: 59.97 | epoch: 1 pq: 11 rg: 65 | total time: 37.11m | eta: 40.6m
step 01059/02205 (48.03%) | loss: 3.074699 | lrm: 0.81 | dt: 2126.60ms | tok/sec: 246,538 | bf16_mfu: 60.03 | epoch: 1 pq: 11 rg: 66 | total time: 37.15m | eta: 40.6m
step 01060/02205 (48.07%) | loss: 3.074748 | lrm: 0.81 | dt: 2127.17ms | tok/sec: 246,472 | bf16_mfu: 60.01 | epoch: 1 pq: 11 rg: 67 | total time: 37.19m | eta: 40.5m
step 01061/02205 (48.12%) | loss: 3.071767 | lrm: 0.81 | dt: 2122.20ms | tok/sec: 247,048 | bf16_mfu: 60.15 | epoch: 1 pq: 11 rg: 68 | total time: 37.22m | eta: 40.5m
step 01062/02205 (48.16%) | loss: 3.074251 | lrm: 0.81 | dt: 2128.47ms | tok/sec: 246,321 | bf16_mfu: 59.98 | epoch: 1 pq: 11 rg: 69 | total time: 37.26m | eta: 40.5m
step 01063/02205 (48.21%) | loss: 3.069916 | lrm: 0.81 | dt: 2124.23ms | tok/sec: 246,813 | bf16_mfu: 60.10 | epoch: 1 pq: 11 rg: 69 | total time: 37.29m | eta: 40.4m
step 01064/02205 (48.25%) | loss: 3.067403 | lrm: 0.81 | dt: 2127.45ms | tok/sec: 246,440 | bf16_mfu: 60.01 | epoch: 1 pq: 11 rg: 70 | total time: 37.33m | eta: 40.4m
step 01065/02205 (48.30%) | loss: 3.066792 | lrm: 0.81 | dt: 2125.52ms | tok/sec: 246,663 | bf16_mfu: 60.06 | epoch: 1 pq: 11 rg: 71 | total time: 37.36m | eta: 40.4m
step 01066/02205 (48.34%) | loss: 3.061710 | lrm: 0.81 | dt: 2127.84ms | tok/sec: 246,394 | bf16_mfu: 60.00 | epoch: 1 pq: 11 rg: 72 | total time: 37.40m | eta: 40.3m
step 01067/02205 (48.39%) | loss: 3.059140 | lrm: 0.80 | dt: 2129.67ms | tok/sec: 246,182 | bf16_mfu: 59.94 | epoch: 1 pq: 11 rg: 73 | total time: 37.43m | eta: 40.3m
step 01068/02205 (48.44%) | loss: 3.063375 | lrm: 0.80 | dt: 2126.04ms | tok/sec: 246,602 | bf16_mfu: 60.05 | epoch: 1 pq: 11 rg: 74 | total time: 37.47m | eta: 40.3m
step 01069/02205 (48.48%) | loss: 3.058353 | lrm: 0.80 | dt: 2128.88ms | tok/sec: 246,273 | bf16_mfu: 59.97 | epoch: 1 pq: 11 rg: 75 | total time: 37.50m | eta: 40.2m
step 01070/02205 (48.53%) | loss: 3.050404 | lrm: 0.80 | dt: 2128.84ms | tok/sec: 246,278 | bf16_mfu: 59.97 | epoch: 1 pq: 11 rg: 76 | total time: 37.54m | eta: 40.2m
step 01071/02205 (48.57%) | loss: 3.056254 | lrm: 0.80 | dt: 2128.32ms | tok/sec: 246,339 | bf16_mfu: 59.98 | epoch: 1 pq: 11 rg: 77 | total time: 37.58m | eta: 40.2m
step 01072/02205 (48.62%) | loss: 3.053409 | lrm: 0.80 | dt: 2129.20ms | tok/sec: 246,236 | bf16_mfu: 59.96 | epoch: 1 pq: 11 rg: 78 | total time: 37.61m | eta: 40.1m
step 01073/02205 (48.66%) | loss: 3.049806 | lrm: 0.80 | dt: 2127.28ms | tok/sec: 246,459 | bf16_mfu: 60.01 | epoch: 1 pq: 11 rg: 79 | total time: 37.65m | eta: 40.1m
step 01074/02205 (48.71%) | loss: 3.052722 | lrm: 0.80 | dt: 2123.96ms | tok/sec: 246,844 | bf16_mfu: 60.10 | epoch: 1 pq: 11 rg: 80 | total time: 37.68m | eta: 40.1m
step 01075/02205 (48.75%) | loss: 3.054259 | lrm: 0.80 | dt: 2128.48ms | tok/sec: 246,320 | bf16_mfu: 59.98 | epoch: 1 pq: 11 rg: 81 | total time: 37.72m | eta: 40.0m
step 01076/02205 (48.80%) | loss: 3.054353 | lrm: 0.80 | dt: 2128.68ms | tok/sec: 246,297 | bf16_mfu: 59.97 | epoch: 1 pq: 12 rg: 0 | total time: 37.75m | eta: 40.0m
step 01077/02205 (48.84%) | loss: 3.046996 | lrm: 0.80 | dt: 2128.42ms | tok/sec: 246,327 | bf16_mfu: 59.98 | epoch: 1 pq: 12 rg: 0 | total time: 37.79m | eta: 39.9m
step 01078/02205 (48.89%) | loss: 3.050202 | lrm: 0.80 | dt: 2124.46ms | tok/sec: 246,786 | bf16_mfu: 60.09 | epoch: 1 pq: 12 rg: 1 | total time: 37.82m | eta: 39.9m
step 01079/02205 (48.93%) | loss: 3.049116 | lrm: 0.80 | dt: 2129.59ms | tok/sec: 246,192 | bf16_mfu: 59.95 | epoch: 1 pq: 12 rg: 2 | total time: 37.86m | eta: 39.9m
step 01080/02205 (48.98%) | loss: 3.053773 | lrm: 0.80 | dt: 2124.99ms | tok/sec: 246,724 | bf16_mfu: 60.08 | epoch: 1 pq: 12 rg: 3 | total time: 37.89m | eta: 39.8m
step 01081/02205 (49.02%) | loss: 3.053244 | lrm: 0.80 | dt: 2127.66ms | tok/sec: 246,415 | bf16_mfu: 60.00 | epoch: 1 pq: 12 rg: 4 | total time: 37.93m | eta: 39.8m
step 01082/02205 (49.07%) | loss: 3.056584 | lrm: 0.79 | dt: 2130.37ms | tok/sec: 246,101 | bf16_mfu: 59.92 | epoch: 1 pq: 12 rg: 5 | total time: 37.97m | eta: 39.8m
step 01083/02205 (49.12%) | loss: 3.060461 | lrm: 0.79 | dt: 2127.55ms | tok/sec: 246,428 | bf16_mfu: 60.00 | epoch: 1 pq: 12 rg: 6 | total time: 38.00m | eta: 39.7m
step 01084/02205 (49.16%) | loss: 3.055914 | lrm: 0.79 | dt: 2124.76ms | tok/sec: 246,751 | bf16_mfu: 60.08 | epoch: 1 pq: 12 rg: 7 | total time: 38.04m | eta: 39.7m
step 01085/02205 (49.21%) | loss: 3.054818 | lrm: 0.79 | dt: 2135.09ms | tok/sec: 245,557 | bf16_mfu: 59.79 | epoch: 1 pq: 12 rg: 8 | total time: 38.07m | eta: 39.7m
step 01086/02205 (49.25%) | loss: 3.052872 | lrm: 0.79 | dt: 2129.65ms | tok/sec: 246,185 | bf16_mfu: 59.94 | epoch: 1 pq: 12 rg: 9 | total time: 38.11m | eta: 39.6m
step 01087/02205 (49.30%) | loss: 3.056055 | lrm: 0.79 | dt: 2125.91ms | tok/sec: 246,617 | bf16_mfu: 60.05 | epoch: 1 pq: 12 rg: 10 | total time: 38.14m | eta: 39.6m
step 01088/02205 (49.34%) | loss: 3.052816 | lrm: 0.79 | dt: 2131.99ms | tok/sec: 245,914 | bf16_mfu: 59.88 | epoch: 1 pq: 12 rg: 11 | total time: 38.18m | eta: 39.6m
step 01089/02205 (49.39%) | loss: 3.054472 | lrm: 0.79 | dt: 2128.92ms | tok/sec: 246,269 | bf16_mfu: 59.96 | epoch: 1 pq: 12 rg: 11 | total time: 38.21m | eta: 39.5m
step 01090/02205 (49.43%) | loss: 3.052388 | lrm: 0.79 | dt: 2126.52ms | tok/sec: 246,547 | bf16_mfu: 60.03 | epoch: 1 pq: 12 rg: 12 | total time: 38.25m | eta: 39.5m
step 01091/02205 (49.48%) | loss: 3.054942 | lrm: 0.79 | dt: 2129.86ms | tok/sec: 246,160 | bf16_mfu: 59.94 | epoch: 1 pq: 12 rg: 13 | total time: 38.28m | eta: 39.5m
step 01092/02205 (49.52%) | loss: 3.043783 | lrm: 0.79 | dt: 2130.26ms | tok/sec: 246,114 | bf16_mfu: 59.93 | epoch: 1 pq: 12 rg: 14 | total time: 38.32m | eta: 39.4m
step 01093/02205 (49.57%) | loss: 3.053404 | lrm: 0.79 | dt: 2132.16ms | tok/sec: 245,895 | bf16_mfu: 59.87 | epoch: 1 pq: 12 rg: 15 | total time: 38.36m | eta: 39.4m
step 01094/02205 (49.61%) | loss: 3.049125 | lrm: 0.79 | dt: 2127.15ms | tok/sec: 246,474 | bf16_mfu: 60.01 | epoch: 1 pq: 12 rg: 16 | total time: 38.39m | eta: 39.3m
step 01095/02205 (49.66%) | loss: 3.045000 | lrm: 0.79 | dt: 2127.74ms | tok/sec: 246,405 | bf16_mfu: 60.00 | epoch: 1 pq: 12 rg: 17 | total time: 38.43m | eta: 39.3m
step 01096/02205 (49.71%) | loss: 3.054723 | lrm: 0.79 | dt: 2131.94ms | tok/sec: 245,920 | bf16_mfu: 59.88 | epoch: 1 pq: 12 rg: 18 | total time: 38.46m | eta: 39.3m
step 01097/02205 (49.75%) | loss: 3.053307 | lrm: 0.78 | dt: 2127.46ms | tok/sec: 246,438 | bf16_mfu: 60.01 | epoch: 1 pq: 12 rg: 19 | total time: 38.50m | eta: 39.2m
step 01098/02205 (49.80%) | loss: 3.055071 | lrm: 0.78 | dt: 2128.13ms | tok/sec: 246,360 | bf16_mfu: 59.99 | epoch: 1 pq: 12 rg: 20 | total time: 38.53m | eta: 39.2m
step 01099/02205 (49.84%) | loss: 3.058336 | lrm: 0.78 | dt: 2128.64ms | tok/sec: 246,301 | bf16_mfu: 59.97 | epoch: 1 pq: 12 rg: 21 | total time: 38.57m | eta: 39.2m
step 01100/02205 (49.89%) | loss: 3.060836 | lrm: 0.78 | dt: 2130.44ms | tok/sec: 246,093 | bf16_mfu: 59.92 | epoch: 1 pq: 12 rg: 22 | total time: 38.60m | eta: 39.1m
step 01101/02205 (49.93%) | loss: 3.068399 | lrm: 0.78 | dt: 2130.37ms | tok/sec: 246,102 | bf16_mfu: 59.92 | epoch: 1 pq: 12 rg: 22 | total time: 38.64m | eta: 39.1m
step 01102/02205 (49.98%) | loss: 3.072996 | lrm: 0.78 | dt: 2129.19ms | tok/sec: 246,237 | bf16_mfu: 59.96 | epoch: 1 pq: 12 rg: 23 | total time: 38.68m | eta: 39.1m
step 01103/02205 (50.02%) | loss: 3.076582 | lrm: 0.78 | dt: 2130.58ms | tok/sec: 246,078 | bf16_mfu: 59.92 | epoch: 1 pq: 12 rg: 24 | total time: 38.71m | eta: 39.0m
step 01104/02205 (50.07%) | loss: 3.085534 | lrm: 0.78 | dt: 2127.14ms | tok/sec: 246,475 | bf16_mfu: 60.01 | epoch: 1 pq: 12 rg: 25 | total time: 38.75m | eta: 39.0m
step 01105/02205 (50.11%) | loss: 3.086306 | lrm: 0.78 | dt: 2131.16ms | tok/sec: 246,010 | bf16_mfu: 59.90 | epoch: 1 pq: 12 rg: 26 | total time: 38.78m | eta: 39.0m
step 01106/02205 (50.16%) | loss: 3.077243 | lrm: 0.78 | dt: 2127.82ms | tok/sec: 246,396 | bf16_mfu: 60.00 | epoch: 1 pq: 12 rg: 27 | total time: 38.82m | eta: 38.9m
step 01107/02205 (50.20%) | loss: 3.077077 | lrm: 0.78 | dt: 2127.24ms | tok/sec: 246,464 | bf16_mfu: 60.01 | epoch: 1 pq: 12 rg: 28 | total time: 38.85m | eta: 38.9m
step 01108/02205 (50.25%) | loss: 3.076102 | lrm: 0.78 | dt: 2124.66ms | tok/sec: 246,763 | bf16_mfu: 60.08 | epoch: 1 pq: 12 rg: 29 | total time: 38.89m | eta: 38.9m
step 01109/02205 (50.29%) | loss: 3.070534 | lrm: 0.78 | dt: 2130.35ms | tok/sec: 246,104 | bf16_mfu: 59.92 | epoch: 1 pq: 12 rg: 30 | total time: 38.92m | eta: 38.8m
step 01110/02205 (50.34%) | loss: 3.067800 | lrm: 0.78 | dt: 2124.99ms | tok/sec: 246,724 | bf16_mfu: 60.08 | epoch: 1 pq: 12 rg: 31 | total time: 38.96m | eta: 38.8m
step 01111/02205 (50.39%) | loss: 3.059871 | lrm: 0.78 | dt: 2128.96ms | tok/sec: 246,265 | bf16_mfu: 59.96 | epoch: 1 pq: 12 rg: 32 | total time: 38.99m | eta: 38.7m
